1791165912.727 23960 23960 I XrayDeviceProbe: XRAY_ANDROID_PROBE state=stopped
1791165915.361 24006 24006 I XrayDeviceGate: XRAY_ANDROID_LIFECYCLE state=stopped
1791165915.361 24006 24006 I XrayDeviceGate: XRAY_ANDROID_SAMPLE {"tunBackend":"file-descriptor","probeOnly":false,"runtimeRunning":false,"runtimeGeneration":14,"residentMemoryBytes":103088128,"threadCount":23,"processCpuMillis":1804,"elapsedRealtimeMillis":6378188,"activeConnections":0,"tunInboundPackets":0,"tunOutboundPackets":0,"tunDroppedPackets":0,"udpRemoteOpenEvents":0,"udpRemoteWrittenBytes":0,"udpRemoteReadBytes":0,"fatalTunErrors":0,"unrecoveredTransitions":0}
1791165915.361 24006 24030 I XrayDeviceGate: XRAY_ANDROID_SAMPLE {"tunBackend":"file-descriptor","probeOnly":false,"runtimeRunning":false,"runtimeGeneration":14,"residentMemoryBytes":103088128,"threadCount":23,"processCpuMillis":1804,"elapsedRealtimeMillis":6378188,"activeConnections":0,"tunInboundPackets":0,"tunOutboundPackets":0,"tunDroppedPackets":0,"udpRemoteOpenEvents":0,"udpRemoteWrittenBytes":0,"udpRemoteReadBytes":0,"fatalTunErrors":0,"unrecoveredTransitions":0}
1791165915.926 24006 24048 I XrayDeviceGate: XRAY_ANDROID_SAMPLE {"tunBackend":"file-descriptor","probeOnly":false,"runtimeRunning":false,"runtimeGeneration":14,"residentMemoryBytes":133849088,"threadCount":27,"processCpuMillis":2736,"elapsedRealtimeMillis":6378754,"activeConnections":0,"tunInboundPackets":0,"tunOutboundPackets":0,"tunDroppedPackets":0,"udpRemoteOpenEvents":0,"udpRemoteWrittenBytes":0,"udpRemoteReadBytes":0,"fatalTunErrors":0,"unrecoveredTransitions":0}
1791165915.929 24006 24006 I XrayDeviceGate: XRAY_ANDROID_LIFECYCLE state=counters-reset
1791165917.641 24006 24087 I XrayDeviceGate: XRAY_ANDROID_SAMPLE {"tunBackend":"file-descriptor","probeOnly":true,"runtimeRunning":false,"runtimeGeneration":0,"residentMemoryBytes":149471232,"threadCount":27,"processCpuMillis":4668,"elapsedRealtimeMillis":6380470,"activeConnections":0,"tunInboundPackets":0,"tunOutboundPackets":0,"tunDroppedPackets":0,"udpRemoteOpenEvents":0,"udpRemoteWrittenBytes":0,"udpRemoteReadBytes":0,"fatalTunErrors":0,"unrecoveredTransitions":0}
1791165918.146 24006 24091 I XrayDeviceGate: XRAY_ANDROID_LIFECYCLE state=running generation=1 tunBackend=file-descriptor
1791165918.154 24006 24091 I XrayDeviceGate: XRAY_ANDROID_SAMPLE {"tunBackend":"file-descriptor","probeOnly":true,"runtimeRunning":true,"runtimeGeneration":1,"residentMemoryBytes":157454336,"threadCount":34,"processCpuMillis":5678,"elapsedRealtimeMillis":6380983,"activeConnections":0,"tunInboundPackets":3,"tunOutboundPackets":0,"tunDroppedPackets":0,"udpRemoteOpenEvents":0,"udpRemoteWrittenBytes":0,"udpRemoteReadBytes":0,"fatalTunErrors":0,"unrecoveredTransitions":0}
1791165918.580 23960 23960 I XrayDeviceProbe: XRAY_ANDROID_PROBE state=counters-reset
1791165918.862 23960 23960 I XrayDeviceProbe: XRAY_ANDROID_PROBE state=started
1791165919.081 23960 24127 I XrayDeviceProbe: XRAY_ANDROID_PROBE kind=http result=passed sequence=1 elapsedSeconds=0
1791165919.217 23960 24127 I XrayDeviceProbe: XRAY_ANDROID_PROBE kind=udp result=passed sequence=1 elapsedSeconds=0
1791165920.325 23960 24127 I XrayDeviceProbe: XRAY_ANDROID_PROBE kind=http result=passed sequence=2 elapsedSeconds=1
1791165920.463 23960 24127 I XrayDeviceProbe: XRAY_ANDROID_PROBE kind=udp result=passed sequence=2 elapsedSeconds=1
1791165920.823 23960 23960 I XrayDeviceProbe: XRAY_ANDROID_PROBE state=stopped
1791165922.126 23960 23960 I XrayDeviceProbe: XRAY_ANDROID_PROBE state=counters-reset
1791165922.319 23960 23960 I XrayDeviceProbe: XRAY_ANDROID_PROBE state=started
1791165922.450 23960 24162 I XrayDeviceProbe: XRAY_ANDROID_PROBE kind=http result=passed sequence=1 elapsedSeconds=0
1791165922.551 23960 24162 I XrayDeviceProbe: XRAY_ANDROID_PROBE kind=udp result=passed sequence=1 elapsedSeconds=0
1791165923.776 23960 24162 I XrayDeviceProbe: XRAY_ANDROID_PROBE kind=http result=passed sequence=2 elapsedSeconds=1
1791165923.867 23960 24162 I XrayDeviceProbe: XRAY_ANDROID_PROBE kind=udp result=passed sequence=2 elapsedSeconds=1
1791165924.292 23960 23960 I XrayDeviceProbe: XRAY_ANDROID_PROBE state=stopped
1791165925.580 23960 23960 I XrayDeviceProbe: XRAY_ANDROID_PROBE state=counters-reset
1791165925.762 23960 23960 I XrayDeviceProbe: XRAY_ANDROID_PROBE state=started
1791165926.087 23960 24195 I XrayDeviceProbe: XRAY_ANDROID_PROBE kind=http result=passed sequence=1 elapsedSeconds=0
1791165926.233 23960 24195 I XrayDeviceProbe: XRAY_ANDROID_PROBE kind=udp result=passed sequence=1 elapsedSeconds=0
1791165927.451 23960 24195 I XrayDeviceProbe: XRAY_ANDROID_PROBE kind=http result=passed sequence=2 elapsedSeconds=1
1791165927.575 23960 24195 I XrayDeviceProbe: XRAY_ANDROID_PROBE kind=udp result=passed sequence=2 elapsedSeconds=1
1791165927.647 24006 24087 I XrayDeviceGate: XRAY_ANDROID_SAMPLE {"tunBackend":"file-descriptor","probeOnly":true,"runtimeRunning":true,"runtimeGeneration":1,"residentMemoryBytes":152571904,"threadCount":33,"processCpuMillis":6995,"elapsedRealtimeMillis":6390477,"activeConnections":6,"tunInboundPackets":54,"tunOutboundPackets":42,"tunDroppedPackets":0,"udpRemoteOpenEvents":6,"udpRemoteWrittenBytes":402,"udpRemoteReadBytes":498,"fatalTunErrors":0,"unrecoveredTransitions":0}
1791165928.504 23960 23960 I XrayDeviceProbe: XRAY_ANDROID_PROBE state=stopped
1791165929.805 23960 23960 I XrayDeviceProbe: XRAY_ANDROID_PROBE state=stopped
1791165931.008 23960 23960 I XrayDeviceProbe: XRAY_ANDROID_PROBE state=counters-reset
1791165931.199 23960 23960 I XrayDeviceProbe: XRAY_ANDROID_PROBE state=started
1791165933.614 24006 24006 I XrayDeviceGate: XRAY_ANDROID_LIFECYCLE state=connections-close-requested accepted=7
1791165933.618 24006 24006 I XrayDeviceGate: XRAY_ANDROID_SAMPLE {"tunBackend":"file-descriptor","probeOnly":true,"runtimeRunning":true,"runtimeGeneration":1,"residentMemoryBytes":153247744,"threadCount":33,"processCpuMillis":7055,"elapsedRealtimeMillis":6396448,"activeConnections":0,"tunInboundPackets":58,"tunOutboundPackets":44,"tunDroppedPackets":0,"udpRemoteOpenEvents":6,"udpRemoteWrittenBytes":402,"udpRemoteReadBytes":498,"fatalTunErrors":0,"unrecoveredTransitions":0}
1791165933.619 23960 24244 I XrayDeviceProbe: XRAY_ANDROID_PROBE kind=http result=failed errorCode=SocketException elapsedSeconds=2
1791165933.825 23960 24244 I XrayDeviceProbe: XRAY_ANDROID_PROBE kind=udp result=passed sequence=1 elapsedSeconds=2
1791165934.907 23960 23960 I XrayDeviceProbe: XRAY_ANDROID_PROBE state=stopped
1791165937.658 24006 24087 I XrayDeviceGate: XRAY_ANDROID_SAMPLE {"tunBackend":"file-descriptor","probeOnly":true,"runtimeRunning":true,"runtimeGeneration":1,"residentMemoryBytes":153108480,"threadCount":34,"processCpuMillis":7180,"elapsedRealtimeMillis":6400487,"activeConnections":1,"tunInboundPackets":59,"tunOutboundPackets":46,"tunDroppedPackets":0,"udpRemoteOpenEvents":7,"udpRemoteWrittenBytes":469,"udpRemoteReadBytes":581,"fatalTunErrors":0,"unrecoveredTransitions":0}
1791165941.585 23960 23960 I XrayDeviceProbe: XRAY_ANDROID_PROBE state=counters-reset
1791165941.779 23960 23960 I XrayDeviceProbe: XRAY_ANDROID_PROBE state=started
1791165941.910 23960 24289 I XrayDeviceProbe: XRAY_ANDROID_PROBE kind=http result=passed sequence=1 elapsedSeconds=0
1791165942.131 23960 24289 I XrayDeviceProbe: XRAY_ANDROID_PROBE kind=udp result=passed sequence=1 elapsedSeconds=0
1791165943.299 23960 24289 I XrayDeviceProbe: XRAY_ANDROID_PROBE kind=http result=passed sequence=2 elapsedSeconds=1
1791165943.416 23960 24289 I XrayDeviceProbe: XRAY_ANDROID_PROBE kind=udp result=passed sequence=2 elapsedSeconds=1
1791165943.764 23960 23960 I XrayDeviceProbe: XRAY_ANDROID_PROBE state=stopped
1791165945.042 23960 23960 I XrayDeviceProbe: XRAY_ANDROID_PROBE state=stopped
1791165946.236 23960 23960 I XrayDeviceProbe: XRAY_ANDROID_PROBE state=counters-reset
1791165946.430 23960 23960 I XrayDeviceProbe: XRAY_ANDROID_PROBE state=started
1791165946.797 23960 24331 I XrayDeviceProbe: XRAY_ANDROID_PROBE kind=http result=failed errorCode=SocketException elapsedSeconds=0
1791165946.831 24006 24006 I XrayDeviceGate: XRAY_ANDROID_LIFECYCLE state=stopped
1791165946.831 24006 24006 I XrayDeviceGate: XRAY_ANDROID_SAMPLE {"tunBackend":"file-descriptor","probeOnly":true,"runtimeRunning":false,"runtimeGeneration":1,"residentMemoryBytes":154443776,"threadCount":28,"processCpuMillis":7277,"elapsedRealtimeMillis":6409660,"activeConnections":0,"tunInboundPackets":59,"tunOutboundPackets":46,"tunDroppedPackets":0,"udpRemoteOpenEvents":7,"udpRemoteWrittenBytes":469,"udpRemoteReadBytes":581,"fatalTunErrors":0,"unrecoveredTransitions":0}
1791165948.135 23960 23960 I XrayDeviceProbe: XRAY_ANDROID_PROBE state=stopped
1791165951.848 23960 24331 W XrayDeviceProbe: XRAY_ANDROID_UDP_FAILURE queryTag=ae19c7495021b2c1 localPort=46107 errorCode=SocketTimeoutException
1791165951.851 23960 24331 I XrayDeviceProbe: XRAY_ANDROID_PROBE kind=udp result=failed errorCode=SocketTimeoutException elapsedSeconds=5
1791165954.939 24006 24371 I XrayDeviceGate: XRAY_ANDROID_SAMPLE {"tunBackend":"file-descriptor","probeOnly":true,"runtimeRunning":false,"runtimeGeneration":1,"residentMemoryBytes":155201536,"threadCount":27,"processCpuMillis":7454,"elapsedRealtimeMillis":6417768,"activeConnections":0,"tunInboundPackets":0,"tunOutboundPackets":0,"tunDroppedPackets":0,"udpRemoteOpenEvents":0,"udpRemoteWrittenBytes":0,"udpRemoteReadBytes":0,"fatalTunErrors":0,"unrecoveredTransitions":0}
1791165955.018 24006 24373 I XrayDeviceGate: XRAY_ANDROID_LIFECYCLE state=running generation=2 tunBackend=file-descriptor
1791165955.022 24006 24373 I XrayDeviceGate: XRAY_ANDROID_SAMPLE {"tunBackend":"file-descriptor","probeOnly":true,"runtimeRunning":true,"runtimeGeneration":2,"residentMemoryBytes":156413952,"threadCount":34,"processCpuMillis":7523,"elapsedRealtimeMillis":6417851,"activeConnections":0,"tunInboundPackets":3,"tunOutboundPackets":0,"tunDroppedPackets":0,"udpRemoteOpenEvents":0,"udpRemoteWrittenBytes":0,"udpRemoteReadBytes":0,"fatalTunErrors":0,"unrecoveredTransitions":0}
1791165955.866 23960 23960 I XrayDeviceProbe: XRAY_ANDROID_PROBE state=counters-reset
1791165956.117 23960 23960 I XrayDeviceProbe: XRAY_ANDROID_PROBE state=started
1791165956.301 23960 24405 I XrayDeviceProbe: XRAY_ANDROID_PROBE kind=http result=passed sequence=1 elapsedSeconds=0
1791165956.430 23960 24405 I XrayDeviceProbe: XRAY_ANDROID_PROBE kind=udp result=passed sequence=1 elapsedSeconds=0
1791165957.583 23960 24405 I XrayDeviceProbe: XRAY_ANDROID_PROBE kind=http result=passed sequence=2 elapsedSeconds=1
1791165957.679 23960 24405 I XrayDeviceProbe: XRAY_ANDROID_PROBE kind=udp result=passed sequence=2 elapsedSeconds=1
1791165958.155 23960 23960 I XrayDeviceProbe: XRAY_ANDROID_PROBE state=stopped
1791165959.553 24006 24006 I XrayDeviceGate: XRAY_ANDROID_LIFECYCLE state=stopped
1791165959.553 24006 24006 I XrayDeviceGate: XRAY_ANDROID_SAMPLE {"tunBackend":"file-descriptor","probeOnly":true,"runtimeRunning":false,"runtimeGeneration":2,"residentMemoryBytes":156778496,"threadCount":28,"processCpuMillis":7671,"elapsedRealtimeMillis":6422382,"activeConnections":0,"tunInboundPackets":3,"tunOutboundPackets":0,"tunDroppedPackets":0,"udpRemoteOpenEvents":0,"udpRemoteWrittenBytes":0,"udpRemoteReadBytes":0,"fatalTunErrors":0,"unrecoveredTransitions":0}
1791165959.874 23960 23960 I XrayDeviceProbe: XRAY_ANDROID_PROBE state=stopped
1791165961.214 24006 24006 I XrayDeviceGate: XRAY_ANDROID_LIFECYCLE state=stopped
1791165961.214 24006 24006 I XrayDeviceGate: XRAY_ANDROID_SAMPLE {"tunBackend":"file-descriptor","probeOnly":false,"runtimeRunning":false,"runtimeGeneration":2,"residentMemoryBytes":157425664,"threadCount":28,"processCpuMillis":7815,"elapsedRealtimeMillis":6424044,"activeConnections":0,"tunInboundPackets":0,"tunOutboundPackets":0,"tunDroppedPackets":0,"udpRemoteOpenEvents":0,"udpRemoteWrittenBytes":0,"udpRemoteReadBytes":0,"fatalTunErrors":0,"unrecoveredTransitions":0}
1791165961.214 24006 24458 I XrayDeviceGate: XRAY_ANDROID_SAMPLE {"tunBackend":"file-descriptor","probeOnly":false,"runtimeRunning":false,"runtimeGeneration":2,"residentMemoryBytes":157425664,"threadCount":28,"processCpuMillis":7815,"elapsedRealtimeMillis":6424043,"activeConnections":0,"tunInboundPackets":0,"tunOutboundPackets":0,"tunDroppedPackets":0,"udpRemoteOpenEvents":0,"udpRemoteWrittenBytes":0,"udpRemoteReadBytes":0,"fatalTunErrors":0,"unrecoveredTransitions":0}
1791165963.083 23960 23960 I XrayDeviceProbe: XRAY_ANDROID_PROBE state=stopped
1791165964.388 24006 24006 I XrayDeviceGate: XRAY_ANDROID_LIFECYCLE state=stopped
1791165964.388 24006 24006 I XrayDeviceGate: XRAY_ANDROID_SAMPLE {"tunBackend":"file-descriptor","probeOnly":false,"runtimeRunning":false,"runtimeGeneration":2,"residentMemoryBytes":157655040,"threadCount":28,"processCpuMillis":7940,"elapsedRealtimeMillis":6427217,"activeConnections":0,"tunInboundPackets":0,"tunOutboundPackets":0,"tunDroppedPackets":0,"udpRemoteOpenEvents":0,"udpRemoteWrittenBytes":0,"udpRemoteReadBytes":0,"fatalTunErrors":0,"unrecoveredTransitions":0}
1791165964.388 24006 24485 I XrayDeviceGate: XRAY_ANDROID_SAMPLE {"tunBackend":"file-descriptor","probeOnly":false,"runtimeRunning":false,"runtimeGeneration":2,"residentMemoryBytes":157655040,"threadCount":28,"processCpuMillis":7940,"elapsedRealtimeMillis":6427217,"activeConnections":0,"tunInboundPackets":0,"tunOutboundPackets":0,"tunDroppedPackets":0,"udpRemoteOpenEvents":0,"udpRemoteWrittenBytes":0,"udpRemoteReadBytes":0,"fatalTunErrors":0,"unrecoveredTransitions":0}
1791165976.936 23960 23960 I XrayDeviceProbe: XRAY_ANDROID_PROBE state=stopped
1791165978.242 24006 24006 I XrayDeviceGate: XRAY_ANDROID_LIFECYCLE state=stopped
1791165978.242 24006 24006 I XrayDeviceGate: XRAY_ANDROID_SAMPLE {"tunBackend":"file-descriptor","probeOnly":false,"runtimeRunning":false,"runtimeGeneration":2,"residentMemoryBytes":157503488,"threadCount":28,"processCpuMillis":8303,"elapsedRealtimeMillis":6441071,"activeConnections":0,"tunInboundPackets":0,"tunOutboundPackets":0,"tunDroppedPackets":0,"udpRemoteOpenEvents":0,"udpRemoteWrittenBytes":0,"udpRemoteReadBytes":0,"fatalTunErrors":0,"unrecoveredTransitions":0}
1791165978.242 24006 24512 I XrayDeviceGate: XRAY_ANDROID_SAMPLE {"tunBackend":"file-descriptor","probeOnly":false,"runtimeRunning":false,"runtimeGeneration":2,"residentMemoryBytes":157503488,"threadCount":28,"processCpuMillis":8303,"elapsedRealtimeMillis":6441071,"activeConnections":0,"tunInboundPackets":0,"tunOutboundPackets":0,"tunDroppedPackets":0,"udpRemoteOpenEvents":0,"udpRemoteWrittenBytes":0,"udpRemoteReadBytes":0,"fatalTunErrors":0,"unrecoveredTransitions":0}
1791165978.460 24006 24006 I XrayDeviceGate: XRAY_ANDROID_LIFECYCLE state=counters-reset
1791165978.461 24006 24522 I XrayDeviceGate: XRAY_ANDROID_SAMPLE {"tunBackend":"file-descriptor","probeOnly":false,"runtimeRunning":false,"runtimeGeneration":2,"residentMemoryBytes":157782016,"threadCount":28,"processCpuMillis":8353,"elapsedRealtimeMillis":6441290,"activeConnections":0,"tunInboundPackets":0,"tunOutboundPackets":0,"tunDroppedPackets":0,"udpRemoteOpenEvents":0,"udpRemoteWrittenBytes":0,"udpRemoteReadBytes":0,"fatalTunErrors":0,"unrecoveredTransitions":0}
1791165980.156 24006 24561 I XrayDeviceGate: XRAY_ANDROID_SAMPLE {"tunBackend":"packet-pump","probeOnly":true,"runtimeRunning":false,"runtimeGeneration":0,"residentMemoryBytes":158076928,"threadCount":28,"processCpuMillis":8459,"elapsedRealtimeMillis":6442986,"activeConnections":0,"tunInboundPackets":0,"tunOutboundPackets":0,"tunDroppedPackets":0,"udpRemoteOpenEvents":0,"udpRemoteWrittenBytes":0,"udpRemoteReadBytes":0,"fatalTunErrors":0,"unrecoveredTransitions":0}
1791165980.219 24006 24564 I XrayDeviceGate: XRAY_ANDROID_LIFECYCLE state=running generation=1 tunBackend=packet-pump
1791165980.223 24006 24564 I XrayDeviceGate: XRAY_ANDROID_SAMPLE {"tunBackend":"packet-pump","probeOnly":true,"runtimeRunning":true,"runtimeGeneration":1,"residentMemoryBytes":156192768,"threadCount":37,"processCpuMillis":8567,"elapsedRealtimeMillis":6443053,"activeConnections":0,"tunInboundPackets":3,"tunOutboundPackets":0,"tunDroppedPackets":0,"udpRemoteOpenEvents":0,"udpRemoteWrittenBytes":0,"udpRemoteReadBytes":0,"fatalTunErrors":0,"unrecoveredTransitions":0}
1791165981.054 23960 23960 I XrayDeviceProbe: XRAY_ANDROID_PROBE state=counters-reset
1791165981.297 23960 23960 I XrayDeviceProbe: XRAY_ANDROID_PROBE state=started
1791165981.575 23960 24598 I XrayDeviceProbe: XRAY_ANDROID_PROBE kind=http result=passed sequence=1 elapsedSeconds=0
1791165981.690 23960 24598 I XrayDeviceProbe: XRAY_ANDROID_PROBE kind=udp result=passed sequence=1 elapsedSeconds=0
1791165983.561 23960 24598 I XrayDeviceProbe: XRAY_ANDROID_PROBE kind=http result=passed sequence=2 elapsedSeconds=2
1791165983.678 23960 24598 I XrayDeviceProbe: XRAY_ANDROID_PROBE kind=udp result=passed sequence=2 elapsedSeconds=2
1791165984.036 23960 23960 I XrayDeviceProbe: XRAY_ANDROID_PROBE state=stopped
1791165985.340 23960 23960 I XrayDeviceProbe: XRAY_ANDROID_PROBE state=counters-reset
1791165985.523 23960 23960 I XrayDeviceProbe: XRAY_ANDROID_PROBE state=started
1791165986.863 23960 24638 I XrayDeviceProbe: XRAY_ANDROID_PROBE kind=http result=passed sequence=1 elapsedSeconds=1
1791165987.067 23960 24638 I XrayDeviceProbe: XRAY_ANDROID_PROBE kind=udp result=passed sequence=1 elapsedSeconds=1
1791165988.322 23960 24638 I XrayDeviceProbe: XRAY_ANDROID_PROBE kind=http result=passed sequence=2 elapsedSeconds=2
1791165988.445 23960 24638 I XrayDeviceProbe: XRAY_ANDROID_PROBE kind=udp result=passed sequence=2 elapsedSeconds=2
1791165988.928 23960 23960 I XrayDeviceProbe: XRAY_ANDROID_PROBE state=stopped
1791165990.161 24006 24561 I XrayDeviceGate: XRAY_ANDROID_SAMPLE {"tunBackend":"packet-pump","probeOnly":true,"runtimeRunning":true,"runtimeGeneration":1,"residentMemoryBytes":155832320,"threadCount":37,"processCpuMillis":8804,"elapsedRealtimeMillis":6452990,"activeConnections":4,"tunInboundPackets":38,"tunOutboundPackets":28,"tunDroppedPackets":0,"udpRemoteOpenEvents":4,"udpRemoteWrittenBytes":268,"udpRemoteReadBytes":332,"fatalTunErrors":0,"unrecoveredTransitions":0}
1791165990.245 23960 23960 I XrayDeviceProbe: XRAY_ANDROID_PROBE state=counters-reset
1791165990.432 23960 23960 I XrayDeviceProbe: XRAY_ANDROID_PROBE state=started
1791165990.685 23960 24676 I XrayDeviceProbe: XRAY_ANDROID_PROBE kind=http result=passed sequence=1 elapsedSeconds=0
1791165990.884 23960 24676 I XrayDeviceProbe: XRAY_ANDROID_PROBE kind=udp result=passed sequence=1 elapsedSeconds=0
1791165992.015 23960 24676 I XrayDeviceProbe: XRAY_ANDROID_PROBE kind=http result=passed sequence=2 elapsedSeconds=1
1791165992.107 23960 24676 I XrayDeviceProbe: XRAY_ANDROID_PROBE kind=udp result=passed sequence=2 elapsedSeconds=1
1791165992.439 23960 23960 I XrayDeviceProbe: XRAY_ANDROID_PROBE state=stopped
1791165993.743 23960 23960 I XrayDeviceProbe: XRAY_ANDROID_PROBE state=stopped
1791165994.936 23960 23960 I XrayDeviceProbe: XRAY_ANDROID_PROBE state=counters-reset
1791165995.130 23960 23960 I XrayDeviceProbe: XRAY_ANDROID_PROBE state=started
1791165997.440 24006 24006 I XrayDeviceGate: XRAY_ANDROID_LIFECYCLE state=connections-close-requested accepted=7
1791165997.442 23960 24723 I XrayDeviceProbe: XRAY_ANDROID_PROBE kind=http result=failed errorCode=SocketException elapsedSeconds=2
1791165997.444 24006 24006 I XrayDeviceGate: XRAY_ANDROID_SAMPLE {"tunBackend":"packet-pump","probeOnly":true,"runtimeRunning":true,"runtimeGeneration":1,"residentMemoryBytes":156901376,"threadCount":37,"processCpuMillis":8935,"elapsedRealtimeMillis":6460274,"activeConnections":0,"tunInboundPackets":58,"tunOutboundPackets":44,"tunDroppedPackets":0,"udpRemoteOpenEvents":6,"udpRemoteWrittenBytes":402,"udpRemoteReadBytes":498,"fatalTunErrors":0,"unrecoveredTransitions":0}
1791165997.558 23960 24723 I XrayDeviceProbe: XRAY_ANDROID_PROBE kind=udp result=passed sequence=1 elapsedSeconds=2
1791165998.725 23960 23960 I XrayDeviceProbe: XRAY_ANDROID_PROBE state=stopped
1791166000.165 24006 24561 I XrayDeviceGate: XRAY_ANDROID_SAMPLE {"tunBackend":"packet-pump","probeOnly":true,"runtimeRunning":true,"runtimeGeneration":1,"residentMemoryBytes":156672000,"threadCount":37,"processCpuMillis":9050,"elapsedRealtimeMillis":6462994,"activeConnections":1,"tunInboundPackets":59,"tunOutboundPackets":46,"tunDroppedPackets":0,"udpRemoteOpenEvents":7,"udpRemoteWrittenBytes":469,"udpRemoteReadBytes":581,"fatalTunErrors":0,"unrecoveredTransitions":0}
1791166005.437 23960 23960 I XrayDeviceProbe: XRAY_ANDROID_PROBE state=counters-reset
1791166005.628 23960 23960 I XrayDeviceProbe: XRAY_ANDROID_PROBE state=started
1791166005.735 23960 24766 I XrayDeviceProbe: XRAY_ANDROID_PROBE kind=http result=passed sequence=1 elapsedSeconds=0
1791166005.842 23960 24766 I XrayDeviceProbe: XRAY_ANDROID_PROBE kind=udp result=passed sequence=1 elapsedSeconds=0
1791166006.974 23960 24766 I XrayDeviceProbe: XRAY_ANDROID_PROBE kind=http result=passed sequence=2 elapsedSeconds=1
1791166007.155 23960 24766 I XrayDeviceProbe: XRAY_ANDROID_PROBE kind=udp result=passed sequence=2 elapsedSeconds=1
1791166007.600 23960 23960 I XrayDeviceProbe: XRAY_ANDROID_PROBE state=stopped
1791166008.907 23960 23960 I XrayDeviceProbe: XRAY_ANDROID_PROBE state=stopped
1791166010.107 23960 23960 I XrayDeviceProbe: XRAY_ANDROID_PROBE state=counters-reset
1791166010.169 24006 24561 I XrayDeviceGate: XRAY_ANDROID_SAMPLE {"tunBackend":"packet-pump","probeOnly":true,"runtimeRunning":true,"runtimeGeneration":1,"residentMemoryBytes":156819456,"threadCount":37,"processCpuMillis":9143,"elapsedRealtimeMillis":6472999,"activeConnections":3,"tunInboundPackets":74,"tunOutboundPackets":58,"tunDroppedPackets":0,"udpRemoteOpenEvents":9,"udpRemoteWrittenBytes":603,"udpRemoteReadBytes":747,"fatalTunErrors":0,"unrecoveredTransitions":0}
1791166010.300 23960 23960 I XrayDeviceProbe: XRAY_ANDROID_PROBE state=started
1791166010.646 23960 24808 I XrayDeviceProbe: XRAY_ANDROID_PROBE kind=http result=failed errorCode=SocketException elapsedSeconds=0
1791166010.825 24006 24006 I XrayDeviceGate: XRAY_ANDROID_LIFECYCLE state=stopped
1791166010.825 24006 24006 I XrayDeviceGate: XRAY_ANDROID_SAMPLE {"tunBackend":"packet-pump","probeOnly":true,"runtimeRunning":false,"runtimeGeneration":1,"residentMemoryBytes":157315072,"threadCount":28,"processCpuMillis":9208,"elapsedRealtimeMillis":6473654,"activeConnections":0,"tunInboundPackets":74,"tunOutboundPackets":58,"tunDroppedPackets":0,"udpRemoteOpenEvents":9,"udpRemoteWrittenBytes":603,"udpRemoteReadBytes":747,"fatalTunErrors":0,"unrecoveredTransitions":0}
1791166012.131 23960 23960 I XrayDeviceProbe: XRAY_ANDROID_PROBE state=stopped
1791166015.657 23960 24808 W XrayDeviceProbe: XRAY_ANDROID_UDP_FAILURE queryTag=d5ed2a400920fedf localPort=43025 errorCode=SocketTimeoutException
1791166015.659 23960 24808 I XrayDeviceProbe: XRAY_ANDROID_PROBE kind=udp result=failed errorCode=SocketTimeoutException elapsedSeconds=5
1791166018.934 24006 24845 I XrayDeviceGate: XRAY_ANDROID_SAMPLE {"tunBackend":"packet-pump","probeOnly":true,"runtimeRunning":false,"runtimeGeneration":1,"residentMemoryBytes":157593600,"threadCount":28,"processCpuMillis":9353,"elapsedRealtimeMillis":6481763,"activeConnections":0,"tunInboundPackets":0,"tunOutboundPackets":0,"tunDroppedPackets":0,"udpRemoteOpenEvents":0,"udpRemoteWrittenBytes":0,"udpRemoteReadBytes":0,"fatalTunErrors":0,"unrecoveredTransitions":0}
1791166019.001 24006 24847 I XrayDeviceGate: XRAY_ANDROID_LIFECYCLE state=running generation=2 tunBackend=packet-pump
1791166019.006 24006 24847 I XrayDeviceGate: XRAY_ANDROID_SAMPLE {"tunBackend":"packet-pump","probeOnly":true,"runtimeRunning":true,"runtimeGeneration":2,"residentMemoryBytes":158912512,"threadCount":37,"processCpuMillis":9424,"elapsedRealtimeMillis":6481835,"activeConnections":0,"tunInboundPackets":3,"tunOutboundPackets":0,"tunDroppedPackets":0,"udpRemoteOpenEvents":0,"udpRemoteWrittenBytes":0,"udpRemoteReadBytes":0,"fatalTunErrors":0,"unrecoveredTransitions":0}
1791166019.863 23960 23960 I XrayDeviceProbe: XRAY_ANDROID_PROBE state=counters-reset
1791166020.115 23960 23960 I XrayDeviceProbe: XRAY_ANDROID_PROBE state=started
1791166020.297 23960 24881 I XrayDeviceProbe: XRAY_ANDROID_PROBE kind=http result=passed sequence=1 elapsedSeconds=0
1791166020.405 23960 24881 I XrayDeviceProbe: XRAY_ANDROID_PROBE kind=udp result=passed sequence=1 elapsedSeconds=0
1791166021.599 23960 24881 I XrayDeviceProbe: XRAY_ANDROID_PROBE kind=http result=passed sequence=2 elapsedSeconds=1
1791166021.684 23960 24881 I XrayDeviceProbe: XRAY_ANDROID_PROBE kind=udp result=passed sequence=2 elapsedSeconds=1
1791166022.120 23960 23960 I XrayDeviceProbe: XRAY_ANDROID_PROBE state=stopped
1791166023.699 24006 24006 I XrayDeviceGate: XRAY_ANDROID_SAMPLE {"tunBackend":"packet-pump","probeOnly":true,"runtimeRunning":false,"runtimeGeneration":2,"residentMemoryBytes":159068160,"threadCount":29,"processCpuMillis":9599,"elapsedRealtimeMillis":6486529,"activeConnections":0,"tunInboundPackets":3,"tunOutboundPackets":0,"tunDroppedPackets":0,"udpRemoteOpenEvents":0,"udpRemoteWrittenBytes":0,"udpRemoteReadBytes":0,"fatalTunErrors":0,"unrecoveredTransitions":0}
1791166023.700 24006 24006 I XrayDeviceGate: XRAY_ANDROID_LIFECYCLE state=stopped
1791166024.420 23960 23960 I XrayDeviceProbe: XRAY_ANDROID_PROBE state=stopped
1791166025.735 24006 24939 I XrayDeviceGate: XRAY_ANDROID_SAMPLE {"tunBackend":"file-descriptor","probeOnly":false,"runtimeRunning":false,"runtimeGeneration":2,"residentMemoryBytes":159141888,"threadCount":28,"processCpuMillis":9728,"elapsedRealtimeMillis":6488564,"activeConnections":0,"tunInboundPackets":0,"tunOutboundPackets":0,"tunDroppedPackets":0,"udpRemoteOpenEvents":0,"udpRemoteWrittenBytes":0,"udpRemoteReadBytes":0,"fatalTunErrors":0,"unrecoveredTransitions":0}
1791166025.736 24006 24006 I XrayDeviceGate: XRAY_ANDROID_LIFECYCLE state=stopped
1791166025.736 24006 24006 I XrayDeviceGate: XRAY_ANDROID_SAMPLE {"tunBackend":"file-descriptor","probeOnly":false,"runtimeRunning":false,"runtimeGeneration":2,"residentMemoryBytes":159141888,"threadCount":28,"processCpuMillis":9728,"elapsedRealtimeMillis":6488564,"activeConnections":0,"tunInboundPackets":0,"tunOutboundPackets":0,"tunDroppedPackets":0,"udpRemoteOpenEvents":0,"udpRemoteWrittenBytes":0,"udpRemoteReadBytes":0,"fatalTunErrors":0,"unrecoveredTransitions":0}
1791166027.524 23960 23960 I XrayDeviceProbe: XRAY_ANDROID_PROBE state=stopped
1791166028.866 24006 24006 I XrayDeviceGate: XRAY_ANDROID_LIFECYCLE state=stopped
1791166028.866 24006 24006 I XrayDeviceGate: XRAY_ANDROID_SAMPLE {"tunBackend":"file-descriptor","probeOnly":false,"runtimeRunning":false,"runtimeGeneration":2,"residentMemoryBytes":155234304,"threadCount":28,"processCpuMillis":9883,"elapsedRealtimeMillis":6491695,"activeConnections":0,"tunInboundPackets":0,"tunOutboundPackets":0,"tunDroppedPackets":0,"udpRemoteOpenEvents":0,"udpRemoteWrittenBytes":0,"udpRemoteReadBytes":0,"fatalTunErrors":0,"unrecoveredTransitions":0}
1791166028.866 24006 24966 I XrayDeviceGate: XRAY_ANDROID_SAMPLE {"tunBackend":"file-descriptor","probeOnly":false,"runtimeRunning":false,"runtimeGeneration":2,"residentMemoryBytes":155234304,"threadCount":28,"processCpuMillis":9883,"elapsedRealtimeMillis":6491695,"activeConnections":0,"tunInboundPackets":0,"tunOutboundPackets":0,"tunDroppedPackets":0,"udpRemoteOpenEvents":0,"udpRemoteWrittenBytes":0,"udpRemoteReadBytes":0,"fatalTunErrors":0,"unrecoveredTransitions":0}
1791166029.087 24006 24006 I XrayDeviceGate: XRAY_ANDROID_LIFECYCLE state=counters-reset
1791166029.088 24006 24976 I XrayDeviceGate: XRAY_ANDROID_SAMPLE {"tunBackend":"file-descriptor","probeOnly":false,"runtimeRunning":false,"runtimeGeneration":2,"residentMemoryBytes":155516928,"threadCount":28,"processCpuMillis":9935,"elapsedRealtimeMillis":6491917,"activeConnections":0,"tunInboundPackets":0,"tunOutboundPackets":0,"tunDroppedPackets":0,"udpRemoteOpenEvents":0,"udpRemoteWrittenBytes":0,"udpRemoteReadBytes":0,"fatalTunErrors":0,"unrecoveredTransitions":0}
1791166030.774 24006 25016 I XrayDeviceGate: XRAY_ANDROID_SAMPLE {"tunBackend":"file-descriptor","probeOnly":true,"runtimeRunning":false,"runtimeGeneration":0,"residentMemoryBytes":155787264,"threadCount":28,"processCpuMillis":10045,"elapsedRealtimeMillis":6493603,"activeConnections":0,"tunInboundPackets":0,"tunOutboundPackets":0,"tunDroppedPackets":0,"udpRemoteOpenEvents":0,"udpRemoteWrittenBytes":0,"udpRemoteReadBytes":0,"fatalTunErrors":0,"unrecoveredTransitions":0}
1791166030.830 24006 25017 I XrayDeviceGate: XRAY_ANDROID_LIFECYCLE state=running generation=1 tunBackend=file-descriptor
1791166030.834 24006 25017 I XrayDeviceGate: XRAY_ANDROID_SAMPLE {"tunBackend":"file-descriptor","probeOnly":true,"runtimeRunning":true,"runtimeGeneration":1,"residentMemoryBytes":156852224,"threadCount":35,"processCpuMillis":10096,"elapsedRealtimeMillis":6493663,"activeConnections":0,"tunInboundPackets":3,"tunOutboundPackets":0,"tunDroppedPackets":0,"udpRemoteOpenEvents":0,"udpRemoteWrittenBytes":0,"udpRemoteReadBytes":0,"fatalTunErrors":0,"unrecoveredTransitions":0}
1791166031.677 23960 23960 I XrayDeviceProbe: XRAY_ANDROID_PROBE state=counters-reset
1791166031.925 23960 23960 I XrayDeviceProbe: XRAY_ANDROID_PROBE state=started
1791166032.016 23960 25049 I XrayDeviceProbe: XRAY_ANDROID_PROBE kind=http result=passed sequence=1 elapsedSeconds=0
1791166032.077 23960 25049 I XrayDeviceProbe: XRAY_ANDROID_PROBE kind=udp result=passed sequence=1 elapsedSeconds=0
1791166033.139 23960 25049 I XrayDeviceProbe: XRAY_ANDROID_PROBE kind=http result=passed sequence=2 elapsedSeconds=1
1791166033.168 23960 25049 I XrayDeviceProbe: XRAY_ANDROID_PROBE kind=udp result=passed sequence=2 elapsedSeconds=1
1791166033.895 23960 23960 I XrayDeviceProbe: XRAY_ANDROID_PROBE state=stopped
1791166035.196 23960 23960 I XrayDeviceProbe: XRAY_ANDROID_PROBE state=counters-reset
1791166035.391 23960 23960 I XrayDeviceProbe: XRAY_ANDROID_PROBE state=started
1791166035.545 23960 25084 I XrayDeviceProbe: XRAY_ANDROID_PROBE kind=http result=passed sequence=1 elapsedSeconds=0
1791166035.582 23960 25084 I XrayDeviceProbe: XRAY_ANDROID_PROBE kind=udp result=passed sequence=1 elapsedSeconds=0
1791166036.659 23960 25084 I XrayDeviceProbe: XRAY_ANDROID_PROBE kind=http result=passed sequence=2 elapsedSeconds=1
1791166036.692 23960 25084 I XrayDeviceProbe: XRAY_ANDROID_PROBE kind=udp result=passed sequence=2 elapsedSeconds=1
1791166037.381 23960 23960 I XrayDeviceProbe: XRAY_ANDROID_PROBE state=stopped
1791166038.672 23960 23960 I XrayDeviceProbe: XRAY_ANDROID_PROBE state=counters-reset
1791166038.862 23960 23960 I XrayDeviceProbe: XRAY_ANDROID_PROBE state=started
1791166039.015 23960 25118 I XrayDeviceProbe: XRAY_ANDROID_PROBE kind=http result=passed sequence=1 elapsedSeconds=0
1791166039.142 23960 25118 I XrayDeviceProbe: XRAY_ANDROID_PROBE kind=udp result=passed sequence=1 elapsedSeconds=0
1791166040.222 23960 25118 I XrayDeviceProbe: XRAY_ANDROID_PROBE kind=http result=passed sequence=2 elapsedSeconds=1
1791166040.251 23960 25118 I XrayDeviceProbe: XRAY_ANDROID_PROBE kind=udp result=passed sequence=2 elapsedSeconds=1
1791166040.779 24006 25016 I XrayDeviceGate: XRAY_ANDROID_SAMPLE {"tunBackend":"file-descriptor","probeOnly":true,"runtimeRunning":true,"runtimeGeneration":1,"residentMemoryBytes":157863936,"threadCount":35,"processCpuMillis":10291,"elapsedRealtimeMillis":6503608,"activeConnections":7,"tunInboundPackets":53,"tunOutboundPackets":41,"tunDroppedPackets":0,"udpRemoteOpenEvents":6,"udpRemoteWrittenBytes":402,"udpRemoteReadBytes":498,"fatalTunErrors":0,"unrecoveredTransitions":0}
1791166040.860 23960 23960 I XrayDeviceProbe: XRAY_ANDROID_PROBE state=stopped
1791166042.154 23960 23960 I XrayDeviceProbe: XRAY_ANDROID_PROBE state=stopped
1791166043.352 23960 23960 I XrayDeviceProbe: XRAY_ANDROID_PROBE state=counters-reset
1791166043.548 23960 23960 I XrayDeviceProbe: XRAY_ANDROID_PROBE state=started
1791166043.808 24006 24006 I XrayDeviceGate: XRAY_ANDROID_LIFECYCLE state=connections-close-requested accepted=7
1791166043.811 23960 25166 I XrayDeviceProbe: XRAY_ANDROID_PROBE kind=http result=failed errorCode=SocketException elapsedSeconds=0
1791166043.815 24006 24006 I XrayDeviceGate: XRAY_ANDROID_SAMPLE {"tunBackend":"file-descriptor","probeOnly":true,"runtimeRunning":true,"runtimeGeneration":1,"residentMemoryBytes":158359552,"threadCount":35,"processCpuMillis":10352,"elapsedRealtimeMillis":6506644,"activeConnections":7,"tunInboundPackets":58,"tunOutboundPackets":44,"tunDroppedPackets":0,"udpRemoteOpenEvents":6,"udpRemoteWrittenBytes":402,"udpRemoteReadBytes":498,"fatalTunErrors":0,"unrecoveredTransitions":0}
1791166043.879 23960 25166 I XrayDeviceProbe: XRAY_ANDROID_PROBE kind=udp result=passed sequence=1 elapsedSeconds=0
1791166045.130 23960 23960 I XrayDeviceProbe: XRAY_ANDROID_PROBE state=stopped
1791166050.790 24006 25016 I XrayDeviceGate: XRAY_ANDROID_SAMPLE {"tunBackend":"file-descriptor","probeOnly":true,"runtimeRunning":true,"runtimeGeneration":1,"residentMemoryBytes":158232576,"threadCount":35,"processCpuMillis":10470,"elapsedRealtimeMillis":6513619,"activeConnections":1,"tunInboundPackets":59,"tunOutboundPackets":46,"tunDroppedPackets":0,"udpRemoteOpenEvents":7,"udpRemoteWrittenBytes":469,"udpRemoteReadBytes":581,"fatalTunErrors":0,"unrecoveredTransitions":0}
1791166051.827 23960 23960 I XrayDeviceProbe: XRAY_ANDROID_PROBE state=counters-reset
1791166052.027 23960 23960 I XrayDeviceProbe: XRAY_ANDROID_PROBE state=started
1791166052.114 23960 25206 I XrayDeviceProbe: XRAY_ANDROID_PROBE kind=http result=passed sequence=1 elapsedSeconds=0
1791166052.285 23960 25206 I XrayDeviceProbe: XRAY_ANDROID_PROBE kind=udp result=passed sequence=1 elapsedSeconds=0
1791166053.327 23960 25206 I XrayDeviceProbe: XRAY_ANDROID_PROBE kind=http result=passed sequence=2 elapsedSeconds=1
1791166053.359 23960 25206 I XrayDeviceProbe: XRAY_ANDROID_PROBE kind=udp result=passed sequence=2 elapsedSeconds=1
1791166054.033 23960 23960 I XrayDeviceProbe: XRAY_ANDROID_PROBE state=stopped
1791166055.331 23960 23960 I XrayDeviceProbe: XRAY_ANDROID_PROBE state=stopped
1791166056.533 23960 23960 I XrayDeviceProbe: XRAY_ANDROID_PROBE state=counters-reset
1791166056.721 23960 23960 I XrayDeviceProbe: XRAY_ANDROID_PROBE state=started
1791166056.976 23960 25249 I XrayDeviceProbe: XRAY_ANDROID_PROBE kind=http result=failed errorCode=SocketException elapsedSeconds=0
1791166057.005 24006 24006 I XrayDeviceGate: XRAY_ANDROID_LIFECYCLE state=stopped
1791166057.005 24006 24006 I XrayDeviceGate: XRAY_ANDROID_SAMPLE {"tunBackend":"file-descriptor","probeOnly":true,"runtimeRunning":false,"runtimeGeneration":1,"residentMemoryBytes":159117312,"threadCount":29,"processCpuMillis":10560,"elapsedRealtimeMillis":6519835,"activeConnections":0,"tunInboundPackets":59,"tunOutboundPackets":46,"tunDroppedPackets":0,"udpRemoteOpenEvents":7,"udpRemoteWrittenBytes":469,"udpRemoteReadBytes":581,"fatalTunErrors":0,"unrecoveredTransitions":0}
1791166058.246 23960 23960 I XrayDeviceProbe: XRAY_ANDROID_PROBE state=stopped
1791166061.988 23960 25249 W XrayDeviceProbe: XRAY_ANDROID_UDP_FAILURE queryTag=aedcf3a0047319de localPort=58343 errorCode=SocketTimeoutException
1791166061.990 23960 25249 I XrayDeviceProbe: XRAY_ANDROID_PROBE kind=udp result=failed errorCode=SocketTimeoutException elapsedSeconds=5
1791166065.022 24006 25286 I XrayDeviceGate: XRAY_ANDROID_SAMPLE {"tunBackend":"file-descriptor","probeOnly":true,"runtimeRunning":false,"runtimeGeneration":1,"residentMemoryBytes":159227904,"threadCount":28,"processCpuMillis":10721,"elapsedRealtimeMillis":6527852,"activeConnections":0,"tunInboundPackets":0,"tunOutboundPackets":0,"tunDroppedPackets":0,"udpRemoteOpenEvents":0,"udpRemoteWrittenBytes":0,"udpRemoteReadBytes":0,"fatalTunErrors":0,"unrecoveredTransitions":0}
1791166065.087 24006 25288 I XrayDeviceGate: XRAY_ANDROID_LIFECYCLE state=running generation=2 tunBackend=file-descriptor
1791166065.092 24006 25288 I XrayDeviceGate: XRAY_ANDROID_SAMPLE {"tunBackend":"file-descriptor","probeOnly":true,"runtimeRunning":true,"runtimeGeneration":2,"residentMemoryBytes":160546816,"threadCount":35,"processCpuMillis":10791,"elapsedRealtimeMillis":6527921,"activeConnections":0,"tunInboundPackets":3,"tunOutboundPackets":0,"tunDroppedPackets":0,"udpRemoteOpenEvents":0,"udpRemoteWrittenBytes":0,"udpRemoteReadBytes":0,"fatalTunErrors":0,"unrecoveredTransitions":0}
1791166065.949 23960 23960 I XrayDeviceProbe: XRAY_ANDROID_PROBE state=counters-reset
1791166066.191 23960 23960 I XrayDeviceProbe: XRAY_ANDROID_PROBE state=started
1791166066.412 23960 25320 I XrayDeviceProbe: XRAY_ANDROID_PROBE kind=http result=passed sequence=1 elapsedSeconds=0
1791166066.467 23960 25320 I XrayDeviceProbe: XRAY_ANDROID_PROBE kind=udp result=passed sequence=1 elapsedSeconds=0
1791166067.510 23960 25320 I XrayDeviceProbe: XRAY_ANDROID_PROBE kind=http result=passed sequence=2 elapsedSeconds=1
1791166067.541 23960 25320 I XrayDeviceProbe: XRAY_ANDROID_PROBE kind=udp result=passed sequence=2 elapsedSeconds=1
1791166068.243 23960 23960 I XrayDeviceProbe: XRAY_ANDROID_PROBE state=stopped
1791166069.615 24006 24006 I XrayDeviceGate: XRAY_ANDROID_LIFECYCLE state=stopped
1791166069.615 24006 24006 I XrayDeviceGate: XRAY_ANDROID_SAMPLE {"tunBackend":"file-descriptor","probeOnly":true,"runtimeRunning":false,"runtimeGeneration":2,"residentMemoryBytes":156868608,"threadCount":29,"processCpuMillis":10986,"elapsedRealtimeMillis":6532444,"activeConnections":0,"tunInboundPackets":3,"tunOutboundPackets":0,"tunDroppedPackets":0,"udpRemoteOpenEvents":0,"udpRemoteWrittenBytes":0,"udpRemoteReadBytes":0,"fatalTunErrors":0,"unrecoveredTransitions":0}
1791166069.941 23960 23960 I XrayDeviceProbe: XRAY_ANDROID_PROBE state=stopped
1791166071.264 24006 24006 I XrayDeviceGate: XRAY_ANDROID_LIFECYCLE state=stopped
1791166071.264 24006 24006 I XrayDeviceGate: XRAY_ANDROID_SAMPLE {"tunBackend":"file-descriptor","probeOnly":false,"runtimeRunning":false,"runtimeGeneration":2,"residentMemoryBytes":157122560,"threadCount":28,"processCpuMillis":11123,"elapsedRealtimeMillis":6534093,"activeConnections":0,"tunInboundPackets":0,"tunOutboundPackets":0,"tunDroppedPackets":0,"udpRemoteOpenEvents":0,"udpRemoteWrittenBytes":0,"udpRemoteReadBytes":0,"fatalTunErrors":0,"unrecoveredTransitions":0}
1791166071.264 24006 25374 I XrayDeviceGate: XRAY_ANDROID_SAMPLE {"tunBackend":"file-descriptor","probeOnly":false,"runtimeRunning":false,"runtimeGeneration":2,"residentMemoryBytes":157122560,"threadCount":28,"processCpuMillis":11123,"elapsedRealtimeMillis":6534093,"activeConnections":0,"tunInboundPackets":0,"tunOutboundPackets":0,"tunDroppedPackets":0,"udpRemoteOpenEvents":0,"udpRemoteWrittenBytes":0,"udpRemoteReadBytes":0,"fatalTunErrors":0,"unrecoveredTransitions":0}
1791166073.118 23960 23960 I XrayDeviceProbe: XRAY_ANDROID_PROBE state=stopped
1791166074.417 24006 24006 I XrayDeviceGate: XRAY_ANDROID_LIFECYCLE state=stopped
1791166074.417 24006 24006 I XrayDeviceGate: XRAY_ANDROID_SAMPLE {"tunBackend":"file-descriptor","probeOnly":false,"runtimeRunning":false,"runtimeGeneration":2,"residentMemoryBytes":156532736,"threadCount":28,"processCpuMillis":11251,"elapsedRealtimeMillis":6537247,"activeConnections":0,"tunInboundPackets":0,"tunOutboundPackets":0,"tunDroppedPackets":0,"udpRemoteOpenEvents":0,"udpRemoteWrittenBytes":0,"udpRemoteReadBytes":0,"fatalTunErrors":0,"unrecoveredTransitions":0}
1791166074.417 24006 25401 I XrayDeviceGate: XRAY_ANDROID_SAMPLE {"tunBackend":"file-descriptor","probeOnly":false,"runtimeRunning":false,"runtimeGeneration":2,"residentMemoryBytes":156532736,"threadCount":28,"processCpuMillis":11251,"elapsedRealtimeMillis":6537247,"activeConnections":0,"tunInboundPackets":0,"tunOutboundPackets":0,"tunDroppedPackets":0,"udpRemoteOpenEvents":0,"udpRemoteWrittenBytes":0,"udpRemoteReadBytes":0,"fatalTunErrors":0,"unrecoveredTransitions":0}
1791166074.639 24006 24006 I XrayDeviceGate: XRAY_ANDROID_LIFECYCLE state=counters-reset
1791166074.640 24006 25411 I XrayDeviceGate: XRAY_ANDROID_SAMPLE {"tunBackend":"file-descriptor","probeOnly":false,"runtimeRunning":false,"runtimeGeneration":2,"residentMemoryBytes":156995584,"threadCount":28,"processCpuMillis":11299,"elapsedRealtimeMillis":6537469,"activeConnections":0,"tunInboundPackets":0,"tunOutboundPackets":0,"tunDroppedPackets":0,"udpRemoteOpenEvents":0,"udpRemoteWrittenBytes":0,"udpRemoteReadBytes":0,"fatalTunErrors":0,"unrecoveredTransitions":0}
1791166076.350 24006 25449 I XrayDeviceGate: XRAY_ANDROID_SAMPLE {"tunBackend":"packet-pump","probeOnly":true,"runtimeRunning":false,"runtimeGeneration":0,"residentMemoryBytes":157253632,"threadCount":28,"processCpuMillis":11408,"elapsedRealtimeMillis":6539180,"activeConnections":0,"tunInboundPackets":0,"tunOutboundPackets":0,"tunDroppedPackets":0,"udpRemoteOpenEvents":0,"udpRemoteWrittenBytes":0,"udpRemoteReadBytes":0,"fatalTunErrors":0,"unrecoveredTransitions":0}
1791166076.406 24006 25451 I XrayDeviceGate: XRAY_ANDROID_LIFECYCLE state=running generation=1 tunBackend=packet-pump
1791166076.410 24006 25451 I XrayDeviceGate: XRAY_ANDROID_SAMPLE {"tunBackend":"packet-pump","probeOnly":true,"runtimeRunning":true,"runtimeGeneration":1,"residentMemoryBytes":158535680,"threadCount":37,"processCpuMillis":11456,"elapsedRealtimeMillis":6539239,"activeConnections":0,"tunInboundPackets":3,"tunOutboundPackets":0,"tunDroppedPackets":0,"udpRemoteOpenEvents":0,"udpRemoteWrittenBytes":0,"udpRemoteReadBytes":0,"fatalTunErrors":0,"unrecoveredTransitions":0}
1791166077.224 23960 23960 I XrayDeviceProbe: XRAY_ANDROID_PROBE state=counters-reset
1791166077.459 23960 23960 I XrayDeviceProbe: XRAY_ANDROID_PROBE state=started
1791166077.541 23960 25483 I XrayDeviceProbe: XRAY_ANDROID_PROBE kind=http result=passed sequence=1 elapsedSeconds=0
1791166077.600 23960 25483 I XrayDeviceProbe: XRAY_ANDROID_PROBE kind=udp result=passed sequence=1 elapsedSeconds=0
1791166078.707 23960 25483 I XrayDeviceProbe: XRAY_ANDROID_PROBE kind=http result=passed sequence=2 elapsedSeconds=1
1791166078.739 23960 25483 I XrayDeviceProbe: XRAY_ANDROID_PROBE kind=udp result=passed sequence=2 elapsedSeconds=1
1791166079.500 23960 23960 I XrayDeviceProbe: XRAY_ANDROID_PROBE state=stopped
1791166080.798 23960 23960 I XrayDeviceProbe: XRAY_ANDROID_PROBE state=counters-reset
1791166080.989 23960 23960 I XrayDeviceProbe: XRAY_ANDROID_PROBE state=started
1791166081.116 23960 25519 I XrayDeviceProbe: XRAY_ANDROID_PROBE kind=http result=passed sequence=1 elapsedSeconds=0
1791166081.155 23960 25519 I XrayDeviceProbe: XRAY_ANDROID_PROBE kind=udp result=passed sequence=1 elapsedSeconds=0
1791166082.245 23960 25519 I XrayDeviceProbe: XRAY_ANDROID_PROBE kind=http result=passed sequence=2 elapsedSeconds=1
1791166082.280 23960 25519 I XrayDeviceProbe: XRAY_ANDROID_PROBE kind=udp result=passed sequence=2 elapsedSeconds=1
1791166082.990 23960 23960 I XrayDeviceProbe: XRAY_ANDROID_PROBE state=stopped
1791166084.296 23960 23960 I XrayDeviceProbe: XRAY_ANDROID_PROBE state=counters-reset
1791166084.487 23960 23960 I XrayDeviceProbe: XRAY_ANDROID_PROBE state=started
1791166084.614 23960 25558 I XrayDeviceProbe: XRAY_ANDROID_PROBE kind=http result=passed sequence=1 elapsedSeconds=0
1791166084.739 23960 25558 I XrayDeviceProbe: XRAY_ANDROID_PROBE kind=udp result=passed sequence=1 elapsedSeconds=0
1791166085.836 23960 25558 I XrayDeviceProbe: XRAY_ANDROID_PROBE kind=http result=passed sequence=2 elapsedSeconds=1
1791166085.868 23960 25558 I XrayDeviceProbe: XRAY_ANDROID_PROBE kind=udp result=passed sequence=2 elapsedSeconds=1
1791166086.356 24006 25449 I XrayDeviceGate: XRAY_ANDROID_SAMPLE {"tunBackend":"packet-pump","probeOnly":true,"runtimeRunning":true,"runtimeGeneration":1,"residentMemoryBytes":158994432,"threadCount":37,"processCpuMillis":11716,"elapsedRealtimeMillis":6549185,"activeConnections":7,"tunInboundPackets":53,"tunOutboundPackets":41,"tunDroppedPackets":0,"udpRemoteOpenEvents":6,"udpRemoteWrittenBytes":402,"udpRemoteReadBytes":498,"fatalTunErrors":0,"unrecoveredTransitions":0}
1791166086.505 23960 23960 I XrayDeviceProbe: XRAY_ANDROID_PROBE state=stopped
1791166087.806 23960 23960 I XrayDeviceProbe: XRAY_ANDROID_PROBE state=stopped
1791166089.000 23960 23960 I XrayDeviceProbe: XRAY_ANDROID_PROBE state=counters-reset
1791166089.191 23960 23960 I XrayDeviceProbe: XRAY_ANDROID_PROBE state=started
1791166089.433 24006 24006 I XrayDeviceGate: XRAY_ANDROID_LIFECYCLE state=connections-close-requested accepted=7
1791166089.435 23960 25607 I XrayDeviceProbe: XRAY_ANDROID_PROBE kind=http result=failed errorCode=SocketException elapsedSeconds=0
1791166089.437 24006 24006 I XrayDeviceGate: XRAY_ANDROID_SAMPLE {"tunBackend":"packet-pump","probeOnly":true,"runtimeRunning":true,"runtimeGeneration":1,"residentMemoryBytes":159662080,"threadCount":37,"processCpuMillis":11779,"elapsedRealtimeMillis":6552266,"activeConnections":0,"tunInboundPackets":58,"tunOutboundPackets":44,"tunDroppedPackets":0,"udpRemoteOpenEvents":6,"udpRemoteWrittenBytes":402,"udpRemoteReadBytes":498,"fatalTunErrors":0,"unrecoveredTransitions":0}
1791166089.511 23960 25607 I XrayDeviceProbe: XRAY_ANDROID_PROBE kind=udp result=passed sequence=1 elapsedSeconds=0
1791166090.719 23960 23960 I XrayDeviceProbe: XRAY_ANDROID_PROBE state=stopped
1791166096.368 24006 25449 I XrayDeviceGate: XRAY_ANDROID_SAMPLE {"tunBackend":"packet-pump","probeOnly":true,"runtimeRunning":true,"runtimeGeneration":1,"residentMemoryBytes":159453184,"threadCount":37,"processCpuMillis":11936,"elapsedRealtimeMillis":6559197,"activeConnections":1,"tunInboundPackets":59,"tunOutboundPackets":46,"tunDroppedPackets":0,"udpRemoteOpenEvents":7,"udpRemoteWrittenBytes":469,"udpRemoteReadBytes":581,"fatalTunErrors":0,"unrecoveredTransitions":0}
1791166097.444 23960 23960 I XrayDeviceProbe: XRAY_ANDROID_PROBE state=counters-reset
1791166097.637 23960 23960 I XrayDeviceProbe: XRAY_ANDROID_PROBE state=started
1791166098.003 23960 25648 I XrayDeviceProbe: XRAY_ANDROID_PROBE kind=http result=passed sequence=1 elapsedSeconds=0
1791166098.036 23960 25648 I XrayDeviceProbe: XRAY_ANDROID_PROBE kind=udp result=passed sequence=1 elapsedSeconds=0
1791166099.104 23960 25648 I XrayDeviceProbe: XRAY_ANDROID_PROBE kind=http result=passed sequence=2 elapsedSeconds=1
1791166099.136 23960 25648 I XrayDeviceProbe: XRAY_ANDROID_PROBE kind=udp result=passed sequence=2 elapsedSeconds=1
1791166099.617 23960 23960 I XrayDeviceProbe: XRAY_ANDROID_PROBE state=stopped
1791166100.912 23960 23960 I XrayDeviceProbe: XRAY_ANDROID_PROBE state=stopped
1791166102.114 23960 23960 I XrayDeviceProbe: XRAY_ANDROID_PROBE state=counters-reset
1791166102.311 23960 23960 I XrayDeviceProbe: XRAY_ANDROID_PROBE state=started
1791166102.576 23960 25692 I XrayDeviceProbe: XRAY_ANDROID_PROBE kind=http result=failed errorCode=SocketException elapsedSeconds=0
1791166102.616 24006 24006 I XrayDeviceGate: XRAY_ANDROID_SAMPLE {"tunBackend":"packet-pump","probeOnly":true,"runtimeRunning":false,"runtimeGeneration":1,"residentMemoryBytes":159752192,"threadCount":29,"processCpuMillis":12057,"elapsedRealtimeMillis":6565446,"activeConnections":0,"tunInboundPackets":59,"tunOutboundPackets":46,"tunDroppedPackets":0,"udpRemoteOpenEvents":7,"udpRemoteWrittenBytes":469,"udpRemoteReadBytes":581,"fatalTunErrors":0,"unrecoveredTransitions":0}
1791166102.617 24006 24006 I XrayDeviceGate: XRAY_ANDROID_LIFECYCLE state=stopped
1791166103.910 23960 23960 I XrayDeviceProbe: XRAY_ANDROID_PROBE state=stopped
1791166107.587 23960 25692 W XrayDeviceProbe: XRAY_ANDROID_UDP_FAILURE queryTag=22754a4e7b9e333e localPort=56629 errorCode=SocketTimeoutException
1791166107.589 23960 25692 I XrayDeviceProbe: XRAY_ANDROID_PROBE kind=udp result=failed errorCode=SocketTimeoutException elapsedSeconds=5
1791166110.700 24006 25730 I XrayDeviceGate: XRAY_ANDROID_SAMPLE {"tunBackend":"packet-pump","probeOnly":true,"runtimeRunning":false,"runtimeGeneration":1,"residentMemoryBytes":159797248,"threadCount":28,"processCpuMillis":12220,"elapsedRealtimeMillis":6573530,"activeConnections":0,"tunInboundPackets":0,"tunOutboundPackets":0,"tunDroppedPackets":0,"udpRemoteOpenEvents":0,"udpRemoteWrittenBytes":0,"udpRemoteReadBytes":0,"fatalTunErrors":0,"unrecoveredTransitions":0}
1791166110.767 24006 25732 I XrayDeviceGate: XRAY_ANDROID_LIFECYCLE state=running generation=2 tunBackend=packet-pump
1791166110.772 24006 25732 I XrayDeviceGate: XRAY_ANDROID_SAMPLE {"tunBackend":"packet-pump","probeOnly":true,"runtimeRunning":true,"runtimeGeneration":2,"residentMemoryBytes":156745728,"threadCount":37,"processCpuMillis":12317,"elapsedRealtimeMillis":6573601,"activeConnections":0,"tunInboundPackets":3,"tunOutboundPackets":0,"tunDroppedPackets":0,"udpRemoteOpenEvents":0,"udpRemoteWrittenBytes":0,"udpRemoteReadBytes":0,"fatalTunErrors":0,"unrecoveredTransitions":0}
1791166111.608 23960 23960 I XrayDeviceProbe: XRAY_ANDROID_PROBE state=counters-reset
1791166111.841 23960 23960 I XrayDeviceProbe: XRAY_ANDROID_PROBE state=started
1791166112.005 23960 25765 I XrayDeviceProbe: XRAY_ANDROID_PROBE kind=http result=passed sequence=1 elapsedSeconds=0
1791166112.061 23960 25765 I XrayDeviceProbe: XRAY_ANDROID_PROBE kind=udp result=passed sequence=1 elapsedSeconds=0
1791166113.101 23960 25765 I XrayDeviceProbe: XRAY_ANDROID_PROBE kind=http result=passed sequence=2 elapsedSeconds=1
1791166113.132 23960 25765 I XrayDeviceProbe: XRAY_ANDROID_PROBE kind=udp result=passed sequence=2 elapsedSeconds=1
1791166113.819 23960 23960 I XrayDeviceProbe: XRAY_ANDROID_PROBE state=stopped
1791166115.252 24006 24006 I XrayDeviceGate: XRAY_ANDROID_LIFECYCLE state=stopped
1791166115.252 24006 24006 I XrayDeviceGate: XRAY_ANDROID_SAMPLE {"tunBackend":"packet-pump","probeOnly":true,"runtimeRunning":false,"runtimeGeneration":2,"residentMemoryBytes":157388800,"threadCount":29,"processCpuMillis":12516,"elapsedRealtimeMillis":6578080,"activeConnections":0,"tunInboundPackets":3,"tunOutboundPackets":0,"tunDroppedPackets":0,"udpRemoteOpenEvents":0,"udpRemoteWrittenBytes":0,"udpRemoteReadBytes":0,"fatalTunErrors":0,"unrecoveredTransitions":0}
1791166115.520 23960 23960 I XrayDeviceProbe: XRAY_ANDROID_PROBE state=stopped
1791166116.851 24006 25816 I XrayDeviceGate: XRAY_ANDROID_SAMPLE {"tunBackend":"file-descriptor","probeOnly":false,"runtimeRunning":false,"runtimeGeneration":2,"residentMemoryBytes":157753344,"threadCount":28,"processCpuMillis":12654,"elapsedRealtimeMillis":6579681,"activeConnections":0,"tunInboundPackets":0,"tunOutboundPackets":0,"tunDroppedPackets":0,"udpRemoteOpenEvents":0,"udpRemoteWrittenBytes":0,"udpRemoteReadBytes":0,"fatalTunErrors":0,"unrecoveredTransitions":0}
1791166116.854 24006 24006 I XrayDeviceGate: XRAY_ANDROID_LIFECYCLE state=stopped
1791166116.854 24006 24006 I XrayDeviceGate: XRAY_ANDROID_SAMPLE {"tunBackend":"file-descriptor","probeOnly":false,"runtimeRunning":false,"runtimeGeneration":2,"residentMemoryBytes":157753344,"threadCount":28,"processCpuMillis":12658,"elapsedRealtimeMillis":6579683,"activeConnections":0,"tunInboundPackets":0,"tunOutboundPackets":0,"tunDroppedPackets":0,"udpRemoteOpenEvents":0,"udpRemoteWrittenBytes":0,"udpRemoteReadBytes":0,"fatalTunErrors":0,"unrecoveredTransitions":0}
1791166118.667 23960 23960 I XrayDeviceProbe: XRAY_ANDROID_PROBE state=stopped
1791166119.958 24006 24006 I XrayDeviceGate: XRAY_ANDROID_LIFECYCLE state=stopped
1791166119.958 24006 24006 I XrayDeviceGate: XRAY_ANDROID_SAMPLE {"tunBackend":"file-descriptor","probeOnly":false,"runtimeRunning":false,"runtimeGeneration":2,"residentMemoryBytes":157970432,"threadCount":28,"processCpuMillis":12784,"elapsedRealtimeMillis":6582787,"activeConnections":0,"tunInboundPackets":0,"tunOutboundPackets":0,"tunDroppedPackets":0,"udpRemoteOpenEvents":0,"udpRemoteWrittenBytes":0,"udpRemoteReadBytes":0,"fatalTunErrors":0,"unrecoveredTransitions":0}
1791166119.958 24006 25843 I XrayDeviceGate: XRAY_ANDROID_SAMPLE {"tunBackend":"file-descriptor","probeOnly":false,"runtimeRunning":false,"runtimeGeneration":2,"residentMemoryBytes":157970432,"threadCount":28,"processCpuMillis":12784,"elapsedRealtimeMillis":6582787,"activeConnections":0,"tunInboundPackets":0,"tunOutboundPackets":0,"tunDroppedPackets":0,"udpRemoteOpenEvents":0,"udpRemoteWrittenBytes":0,"udpRemoteReadBytes":0,"fatalTunErrors":0,"unrecoveredTransitions":0}
1791166120.174 24006 24006 I XrayDeviceGate: XRAY_ANDROID_LIFECYCLE state=counters-reset
1791166120.177 24006 25853 I XrayDeviceGate: XRAY_ANDROID_SAMPLE {"tunBackend":"file-descriptor","probeOnly":false,"runtimeRunning":false,"runtimeGeneration":0,"residentMemoryBytes":158253056,"threadCount":28,"processCpuMillis":12834,"elapsedRealtimeMillis":6583006,"activeConnections":0,"tunInboundPackets":0,"tunOutboundPackets":0,"tunDroppedPackets":0,"udpRemoteOpenEvents":0,"udpRemoteWrittenBytes":0,"udpRemoteReadBytes":0,"fatalTunErrors":0,"unrecoveredTransitions":0}
1791166121.866 24006 25891 I XrayDeviceGate: XRAY_ANDROID_SAMPLE {"tunBackend":"file-descriptor","probeOnly":true,"runtimeRunning":false,"runtimeGeneration":0,"residentMemoryBytes":158490624,"threadCount":28,"processCpuMillis":12944,"elapsedRealtimeMillis":6584695,"activeConnections":0,"tunInboundPackets":0,"tunOutboundPackets":0,"tunDroppedPackets":0,"udpRemoteOpenEvents":0,"udpRemoteWrittenBytes":0,"udpRemoteReadBytes":0,"fatalTunErrors":0,"unrecoveredTransitions":0}
1791166121.918 24006 25893 I XrayDeviceGate: XRAY_ANDROID_LIFECYCLE state=running generation=1 tunBackend=file-descriptor
1791166121.923 24006 25893 I XrayDeviceGate: XRAY_ANDROID_SAMPLE {"tunBackend":"file-descriptor","probeOnly":true,"runtimeRunning":true,"runtimeGeneration":1,"residentMemoryBytes":159608832,"threadCount":35,"processCpuMillis":12998,"elapsedRealtimeMillis":6584753,"activeConnections":0,"tunInboundPackets":3,"tunOutboundPackets":0,"tunDroppedPackets":0,"udpRemoteOpenEvents":0,"udpRemoteWrittenBytes":0,"udpRemoteReadBytes":0,"fatalTunErrors":0,"unrecoveredTransitions":0}
1791166122.756 23960 23960 I XrayDeviceProbe: XRAY_ANDROID_PROBE state=counters-reset
1791166122.994 23960 23960 I XrayDeviceProbe: XRAY_ANDROID_PROBE state=started
1791166123.069 23960 25924 I XrayDeviceProbe: XRAY_ANDROID_PROBE kind=http result=passed sequence=1 elapsedSeconds=0
1791166123.136 23960 25924 I XrayDeviceProbe: XRAY_ANDROID_PROBE kind=udp result=passed sequence=1 elapsedSeconds=0
1791166124.160 23960 25924 I XrayDeviceProbe: XRAY_ANDROID_PROBE kind=http result=passed sequence=2 elapsedSeconds=1
1791166124.173 23960 25924 I XrayDeviceProbe: XRAY_ANDROID_PROBE kind=udp result=passed sequence=2 elapsedSeconds=1
1791166124.383 23960 23960 I XrayDeviceProbe: XRAY_ANDROID_PROBE state=stopped
1791166125.673 23960 23960 I XrayDeviceProbe: XRAY_ANDROID_PROBE state=counters-reset
1791166125.865 23960 23960 I XrayDeviceProbe: XRAY_ANDROID_PROBE state=started
1791166125.895 23960 25956 I XrayDeviceProbe: XRAY_ANDROID_PROBE kind=http result=passed sequence=1 elapsedSeconds=0
1791166125.909 23960 25956 I XrayDeviceProbe: XRAY_ANDROID_PROBE kind=udp result=passed sequence=1 elapsedSeconds=0
1791166126.934 23960 25956 I XrayDeviceProbe: XRAY_ANDROID_PROBE kind=http result=passed sequence=2 elapsedSeconds=1
1791166126.950 23960 25956 I XrayDeviceProbe: XRAY_ANDROID_PROBE kind=udp result=passed sequence=2 elapsedSeconds=1
1791166127.250 23960 23960 I XrayDeviceProbe: XRAY_ANDROID_PROBE state=stopped
1791166128.546 23960 23960 I XrayDeviceProbe: XRAY_ANDROID_PROBE state=counters-reset
1791166128.728 23960 23960 I XrayDeviceProbe: XRAY_ANDROID_PROBE state=started
1791166128.845 23960 25986 I XrayDeviceProbe: XRAY_ANDROID_PROBE kind=http result=passed sequence=1 elapsedSeconds=0
1791166128.858 23960 25986 I XrayDeviceProbe: XRAY_ANDROID_PROBE kind=udp result=passed sequence=1 elapsedSeconds=0
1791166129.881 23960 25986 I XrayDeviceProbe: XRAY_ANDROID_PROBE kind=http result=passed sequence=2 elapsedSeconds=1
1791166129.901 23960 25986 I XrayDeviceProbe: XRAY_ANDROID_PROBE kind=udp result=passed sequence=2 elapsedSeconds=1
1791166130.697 23960 23960 I XrayDeviceProbe: XRAY_ANDROID_PROBE state=stopped
1791166131.871 24006 25891 I XrayDeviceGate: XRAY_ANDROID_SAMPLE {"tunBackend":"file-descriptor","probeOnly":true,"runtimeRunning":true,"runtimeGeneration":1,"residentMemoryBytes":158973952,"threadCount":35,"processCpuMillis":13166,"elapsedRealtimeMillis":6594701,"activeConnections":6,"tunInboundPackets":54,"tunOutboundPackets":42,"tunDroppedPackets":0,"udpRemoteOpenEvents":6,"udpRemoteWrittenBytes":402,"udpRemoteReadBytes":498,"fatalTunErrors":0,"unrecoveredTransitions":0}
1791166131.985 23960 23960 I XrayDeviceProbe: XRAY_ANDROID_PROBE state=stopped
1791166133.175 23960 23960 I XrayDeviceProbe: XRAY_ANDROID_PROBE state=counters-reset
1791166133.371 23960 23960 I XrayDeviceProbe: XRAY_ANDROID_PROBE state=started
1791166133.588 24006 24006 I XrayDeviceGate: XRAY_ANDROID_LIFECYCLE state=connections-close-requested accepted=7
1791166133.591 23960 26032 I XrayDeviceProbe: XRAY_ANDROID_PROBE kind=http result=failed errorCode=SocketException elapsedSeconds=0
1791166133.593 24006 24006 I XrayDeviceGate: XRAY_ANDROID_SAMPLE {"tunBackend":"file-descriptor","probeOnly":true,"runtimeRunning":true,"runtimeGeneration":1,"residentMemoryBytes":159662080,"threadCount":35,"processCpuMillis":13214,"elapsedRealtimeMillis":6596423,"activeConnections":2,"tunInboundPackets":57,"tunOutboundPackets":44,"tunDroppedPackets":0,"udpRemoteOpenEvents":6,"udpRemoteWrittenBytes":402,"udpRemoteReadBytes":498,"fatalTunErrors":0,"unrecoveredTransitions":0}
1791166133.607 23960 26032 I XrayDeviceProbe: XRAY_ANDROID_PROBE kind=udp result=passed sequence=1 elapsedSeconds=0
1791166133.868 23960 23960 I XrayDeviceProbe: XRAY_ANDROID_PROBE state=stopped
1791166140.643 23960 23960 I XrayDeviceProbe: XRAY_ANDROID_PROBE state=counters-reset
1791166140.838 23960 23960 I XrayDeviceProbe: XRAY_ANDROID_PROBE state=started
1791166140.866 23960 26071 I XrayDeviceProbe: XRAY_ANDROID_PROBE kind=http result=passed sequence=1 elapsedSeconds=0
1791166140.879 23960 26071 I XrayDeviceProbe: XRAY_ANDROID_PROBE kind=udp result=passed sequence=1 elapsedSeconds=0
1791166141.876 24006 25891 I XrayDeviceGate: XRAY_ANDROID_SAMPLE {"tunBackend":"file-descriptor","probeOnly":true,"runtimeRunning":true,"runtimeGeneration":1,"residentMemoryBytes":159383552,"threadCount":35,"processCpuMillis":13331,"elapsedRealtimeMillis":6604705,"activeConnections":2,"tunInboundPackets":66,"tunOutboundPackets":52,"tunDroppedPackets":0,"udpRemoteOpenEvents":8,"udpRemoteWrittenBytes":536,"udpRemoteReadBytes":664,"fatalTunErrors":0,"unrecoveredTransitions":0}
1791166141.906 23960 26071 I XrayDeviceProbe: XRAY_ANDROID_PROBE kind=http result=passed sequence=2 elapsedSeconds=1
1791166141.919 23960 26071 I XrayDeviceProbe: XRAY_ANDROID_PROBE kind=udp result=passed sequence=2 elapsedSeconds=1
1791166142.235 23960 23960 I XrayDeviceProbe: XRAY_ANDROID_PROBE state=stopped
1791166143.531 23960 23960 I XrayDeviceProbe: XRAY_ANDROID_PROBE state=stopped
1791166144.734 23960 23960 I XrayDeviceProbe: XRAY_ANDROID_PROBE state=counters-reset
1791166144.937 23960 23960 I XrayDeviceProbe: XRAY_ANDROID_PROBE state=started
1791166145.199 23960 26108 I XrayDeviceProbe: XRAY_ANDROID_PROBE kind=http result=failed errorCode=SocketException elapsedSeconds=0
1791166145.233 24006 24006 I XrayDeviceGate: XRAY_ANDROID_SAMPLE {"tunBackend":"file-descriptor","probeOnly":true,"runtimeRunning":false,"runtimeGeneration":1,"residentMemoryBytes":160178176,"threadCount":29,"processCpuMillis":13393,"elapsedRealtimeMillis":6608062,"activeConnections":0,"tunInboundPackets":66,"tunOutboundPackets":52,"tunDroppedPackets":0,"udpRemoteOpenEvents":8,"udpRemoteWrittenBytes":536,"udpRemoteReadBytes":664,"fatalTunErrors":0,"unrecoveredTransitions":0}
1791166145.234 24006 24006 I XrayDeviceGate: XRAY_ANDROID_LIFECYCLE state=stopped
1791166145.498 23960 23960 I XrayDeviceProbe: XRAY_ANDROID_PROBE state=stopped
1791166150.210 23960 26108 W XrayDeviceProbe: XRAY_ANDROID_UDP_FAILURE queryTag=5a3fb3755bd89736 localPort=58047 errorCode=SocketTimeoutException
1791166150.213 23960 26108 I XrayDeviceProbe: XRAY_ANDROID_PROBE kind=udp result=failed errorCode=SocketTimeoutException elapsedSeconds=5
1791166152.289 24006 26146 I XrayDeviceGate: XRAY_ANDROID_SAMPLE {"tunBackend":"file-descriptor","probeOnly":true,"runtimeRunning":false,"runtimeGeneration":1,"residentMemoryBytes":160423936,"threadCount":28,"processCpuMillis":13537,"elapsedRealtimeMillis":6615118,"activeConnections":0,"tunInboundPackets":0,"tunOutboundPackets":0,"tunDroppedPackets":0,"udpRemoteOpenEvents":0,"udpRemoteWrittenBytes":0,"udpRemoteReadBytes":0,"fatalTunErrors":0,"unrecoveredTransitions":0}
1791166152.359 24006 26148 I XrayDeviceGate: XRAY_ANDROID_LIFECYCLE state=running generation=2 tunBackend=file-descriptor
1791166152.365 24006 26148 I XrayDeviceGate: XRAY_ANDROID_SAMPLE {"tunBackend":"file-descriptor","probeOnly":true,"runtimeRunning":true,"runtimeGeneration":2,"residentMemoryBytes":158912512,"threadCount":35,"processCpuMillis":13628,"elapsedRealtimeMillis":6615194,"activeConnections":0,"tunInboundPackets":3,"tunOutboundPackets":0,"tunDroppedPackets":0,"udpRemoteOpenEvents":0,"udpRemoteWrittenBytes":0,"udpRemoteReadBytes":0,"fatalTunErrors":0,"unrecoveredTransitions":0}
1791166153.224 23960 23960 I XrayDeviceProbe: XRAY_ANDROID_PROBE state=counters-reset
1791166153.508 23960 23960 I XrayDeviceProbe: XRAY_ANDROID_PROBE state=started
1791166153.620 23960 26179 I XrayDeviceProbe: XRAY_ANDROID_PROBE kind=http result=passed sequence=1 elapsedSeconds=0
1791166153.698 23960 26179 I XrayDeviceProbe: XRAY_ANDROID_PROBE kind=udp result=passed sequence=1 elapsedSeconds=0
1791166154.716 23960 26179 I XrayDeviceProbe: XRAY_ANDROID_PROBE kind=http result=passed sequence=2 elapsedSeconds=1
1791166154.730 23960 26179 I XrayDeviceProbe: XRAY_ANDROID_PROBE kind=udp result=passed sequence=2 elapsedSeconds=1
1791166155.553 23960 23960 I XrayDeviceProbe: XRAY_ANDROID_PROBE state=stopped
1791166156.915 24006 24006 I XrayDeviceGate: XRAY_ANDROID_LIFECYCLE state=stopped
1791166156.915 24006 24006 I XrayDeviceGate: XRAY_ANDROID_SAMPLE {"tunBackend":"file-descriptor","probeOnly":true,"runtimeRunning":false,"runtimeGeneration":2,"residentMemoryBytes":158871552,"threadCount":29,"processCpuMillis":13805,"elapsedRealtimeMillis":6619744,"activeConnections":0,"tunInboundPackets":3,"tunOutboundPackets":0,"tunDroppedPackets":0,"udpRemoteOpenEvents":0,"udpRemoteWrittenBytes":0,"udpRemoteReadBytes":0,"fatalTunErrors":0,"unrecoveredTransitions":0}
1791166157.153 23960 23960 I XrayDeviceProbe: XRAY_ANDROID_PROBE state=stopped
1791166158.522 24006 24006 I XrayDeviceGate: XRAY_ANDROID_LIFECYCLE state=stopped
1791166158.522 24006 24006 I XrayDeviceGate: XRAY_ANDROID_SAMPLE {"tunBackend":"file-descriptor","probeOnly":false,"runtimeRunning":false,"runtimeGeneration":2,"residentMemoryBytes":159133696,"threadCount":28,"processCpuMillis":13944,"elapsedRealtimeMillis":6621351,"activeConnections":0,"tunInboundPackets":0,"tunOutboundPackets":0,"tunDroppedPackets":0,"udpRemoteOpenEvents":0,"udpRemoteWrittenBytes":0,"udpRemoteReadBytes":0,"fatalTunErrors":0,"unrecoveredTransitions":0}
1791166158.522 24006 26232 I XrayDeviceGate: XRAY_ANDROID_SAMPLE {"tunBackend":"file-descriptor","probeOnly":false,"runtimeRunning":false,"runtimeGeneration":2,"residentMemoryBytes":159133696,"threadCount":28,"processCpuMillis":13940,"elapsedRealtimeMillis":6621350,"activeConnections":0,"tunInboundPackets":0,"tunOutboundPackets":0,"tunDroppedPackets":0,"udpRemoteOpenEvents":0,"udpRemoteWrittenBytes":0,"udpRemoteReadBytes":0,"fatalTunErrors":0,"unrecoveredTransitions":0}
1791166160.333 23960 23960 I XrayDeviceProbe: XRAY_ANDROID_PROBE state=stopped
1791166161.654 24006 26259 I XrayDeviceGate: XRAY_ANDROID_SAMPLE {"tunBackend":"file-descriptor","probeOnly":false,"runtimeRunning":false,"runtimeGeneration":2,"residentMemoryBytes":159526912,"threadCount":28,"processCpuMillis":14067,"elapsedRealtimeMillis":6624484,"activeConnections":0,"tunInboundPackets":0,"tunOutboundPackets":0,"tunDroppedPackets":0,"udpRemoteOpenEvents":0,"udpRemoteWrittenBytes":0,"udpRemoteReadBytes":0,"fatalTunErrors":0,"unrecoveredTransitions":0}
1791166161.657 24006 24006 I XrayDeviceGate: XRAY_ANDROID_LIFECYCLE state=stopped
1791166161.657 24006 24006 I XrayDeviceGate: XRAY_ANDROID_SAMPLE {"tunBackend":"file-descriptor","probeOnly":false,"runtimeRunning":false,"runtimeGeneration":2,"residentMemoryBytes":159526912,"threadCount":28,"processCpuMillis":14071,"elapsedRealtimeMillis":6624486,"activeConnections":0,"tunInboundPackets":0,"tunOutboundPackets":0,"tunDroppedPackets":0,"udpRemoteOpenEvents":0,"udpRemoteWrittenBytes":0,"udpRemoteReadBytes":0,"fatalTunErrors":0,"unrecoveredTransitions":0}
1791166161.887 24006 24006 I XrayDeviceGate: XRAY_ANDROID_LIFECYCLE state=counters-reset
1791166161.888 24006 26269 I XrayDeviceGate: XRAY_ANDROID_SAMPLE {"tunBackend":"file-descriptor","probeOnly":false,"runtimeRunning":false,"runtimeGeneration":2,"residentMemoryBytes":159805440,"threadCount":28,"processCpuMillis":14115,"elapsedRealtimeMillis":6624717,"activeConnections":0,"tunInboundPackets":0,"tunOutboundPackets":0,"tunDroppedPackets":0,"udpRemoteOpenEvents":0,"udpRemoteWrittenBytes":0,"udpRemoteReadBytes":0,"fatalTunErrors":0,"unrecoveredTransitions":0}
1791166163.617 24006 26307 I XrayDeviceGate: XRAY_ANDROID_SAMPLE {"tunBackend":"packet-pump","probeOnly":true,"runtimeRunning":false,"runtimeGeneration":0,"residentMemoryBytes":160096256,"threadCount":28,"processCpuMillis":14217,"elapsedRealtimeMillis":6626446,"activeConnections":0,"tunInboundPackets":0,"tunOutboundPackets":0,"tunDroppedPackets":0,"udpRemoteOpenEvents":0,"udpRemoteWrittenBytes":0,"udpRemoteReadBytes":0,"fatalTunErrors":0,"unrecoveredTransitions":0}
1791166163.676 24006 26310 I XrayDeviceGate: XRAY_ANDROID_LIFECYCLE state=running generation=1 tunBackend=packet-pump
1791166163.680 24006 26310 I XrayDeviceGate: XRAY_ANDROID_SAMPLE {"tunBackend":"packet-pump","probeOnly":true,"runtimeRunning":true,"runtimeGeneration":1,"residentMemoryBytes":161169408,"threadCount":37,"processCpuMillis":14276,"elapsedRealtimeMillis":6626509,"activeConnections":0,"tunInboundPackets":3,"tunOutboundPackets":0,"tunDroppedPackets":0,"udpRemoteOpenEvents":0,"udpRemoteWrittenBytes":0,"udpRemoteReadBytes":0,"fatalTunErrors":0,"unrecoveredTransitions":0}
1791166164.513 23960 23960 I XrayDeviceProbe: XRAY_ANDROID_PROBE state=counters-reset
1791166164.776 23960 23960 I XrayDeviceProbe: XRAY_ANDROID_PROBE state=started
1791166164.860 23960 26341 I XrayDeviceProbe: XRAY_ANDROID_PROBE kind=http result=passed sequence=1 elapsedSeconds=0
1791166165.002 23960 26341 I XrayDeviceProbe: XRAY_ANDROID_PROBE kind=udp result=passed sequence=1 elapsedSeconds=0
1791166166.029 23960 26341 I XrayDeviceProbe: XRAY_ANDROID_PROBE kind=http result=passed sequence=2 elapsedSeconds=1
1791166166.042 23960 26341 I XrayDeviceProbe: XRAY_ANDROID_PROBE kind=udp result=passed sequence=2 elapsedSeconds=1
1791166166.831 23960 23960 I XrayDeviceProbe: XRAY_ANDROID_PROBE state=stopped
1791166168.116 23960 23960 I XrayDeviceProbe: XRAY_ANDROID_PROBE state=counters-reset
1791166168.311 23960 23960 I XrayDeviceProbe: XRAY_ANDROID_PROBE state=started
1791166168.331 23960 26377 I XrayDeviceProbe: XRAY_ANDROID_PROBE kind=http result=passed sequence=1 elapsedSeconds=0
1791166168.357 23960 26377 I XrayDeviceProbe: XRAY_ANDROID_PROBE kind=udp result=passed sequence=1 elapsedSeconds=0
1791166169.374 23960 26377 I XrayDeviceProbe: XRAY_ANDROID_PROBE kind=http result=passed sequence=2 elapsedSeconds=1
1791166169.387 23960 26377 I XrayDeviceProbe: XRAY_ANDROID_PROBE kind=udp result=passed sequence=2 elapsedSeconds=1
1791166169.700 23960 23960 I XrayDeviceProbe: XRAY_ANDROID_PROBE state=stopped
1791166171.001 23960 23960 I XrayDeviceProbe: XRAY_ANDROID_PROBE state=counters-reset
1791166171.196 23960 23960 I XrayDeviceProbe: XRAY_ANDROID_PROBE state=started
1791166171.434 23960 26407 I XrayDeviceProbe: XRAY_ANDROID_PROBE kind=http result=passed sequence=1 elapsedSeconds=0
1791166171.448 23960 26407 I XrayDeviceProbe: XRAY_ANDROID_PROBE kind=udp result=passed sequence=1 elapsedSeconds=0
1791166172.564 23960 26407 I XrayDeviceProbe: XRAY_ANDROID_PROBE kind=http result=passed sequence=2 elapsedSeconds=1
1791166172.577 23960 26407 I XrayDeviceProbe: XRAY_ANDROID_PROBE kind=udp result=passed sequence=2 elapsedSeconds=1
1791166173.207 23960 23960 I XrayDeviceProbe: XRAY_ANDROID_PROBE state=stopped
1791166173.622 24006 26307 I XrayDeviceGate: XRAY_ANDROID_SAMPLE {"tunBackend":"packet-pump","probeOnly":true,"runtimeRunning":true,"runtimeGeneration":1,"residentMemoryBytes":161447936,"threadCount":37,"processCpuMillis":14512,"elapsedRealtimeMillis":6636451,"activeConnections":6,"tunInboundPackets":54,"tunOutboundPackets":41,"tunDroppedPackets":0,"udpRemoteOpenEvents":6,"udpRemoteWrittenBytes":402,"udpRemoteReadBytes":498,"fatalTunErrors":0,"unrecoveredTransitions":0}
1791166174.509 23960 23960 I XrayDeviceProbe: XRAY_ANDROID_PROBE state=stopped
1791166175.696 23960 23960 I XrayDeviceProbe: XRAY_ANDROID_PROBE state=counters-reset
1791166175.888 23960 23960 I XrayDeviceProbe: XRAY_ANDROID_PROBE state=started
1791166176.137 24006 24006 I XrayDeviceGate: XRAY_ANDROID_LIFECYCLE state=connections-close-requested accepted=7
1791166176.143 24006 24006 I XrayDeviceGate: XRAY_ANDROID_SAMPLE {"tunBackend":"packet-pump","probeOnly":true,"runtimeRunning":true,"runtimeGeneration":1,"residentMemoryBytes":162299904,"threadCount":37,"processCpuMillis":14575,"elapsedRealtimeMillis":6638973,"activeConnections":7,"tunInboundPackets":57,"tunOutboundPackets":43,"tunDroppedPackets":0,"udpRemoteOpenEvents":6,"udpRemoteWrittenBytes":402,"udpRemoteReadBytes":498,"fatalTunErrors":0,"unrecoveredTransitions":0}
1791166176.145 23960 26454 I XrayDeviceProbe: XRAY_ANDROID_PROBE kind=http result=failed errorCode=SocketException elapsedSeconds=0
1791166176.175 23960 26454 I XrayDeviceProbe: XRAY_ANDROID_PROBE kind=udp result=passed sequence=1 elapsedSeconds=0
1791166176.414 23960 23960 I XrayDeviceProbe: XRAY_ANDROID_PROBE state=stopped
1791166183.122 23960 23960 I XrayDeviceProbe: XRAY_ANDROID_PROBE state=counters-reset
1791166183.291 23960 23960 I XrayDeviceProbe: XRAY_ANDROID_PROBE state=started
1791166183.321 23960 26493 I XrayDeviceProbe: XRAY_ANDROID_PROBE kind=http result=passed sequence=1 elapsedSeconds=0
1791166183.333 23960 26493 I XrayDeviceProbe: XRAY_ANDROID_PROBE kind=udp result=passed sequence=1 elapsedSeconds=0
1791166183.626 24006 26307 I XrayDeviceGate: XRAY_ANDROID_SAMPLE {"tunBackend":"packet-pump","probeOnly":true,"runtimeRunning":true,"runtimeGeneration":1,"residentMemoryBytes":161452032,"threadCount":37,"processCpuMillis":14731,"elapsedRealtimeMillis":6646455,"activeConnections":2,"tunInboundPackets":66,"tunOutboundPackets":51,"tunDroppedPackets":0,"udpRemoteOpenEvents":8,"udpRemoteWrittenBytes":536,"udpRemoteReadBytes":664,"fatalTunErrors":0,"unrecoveredTransitions":0}
1791166184.354 23960 26493 I XrayDeviceProbe: XRAY_ANDROID_PROBE kind=http result=passed sequence=2 elapsedSeconds=1
1791166184.367 23960 26493 I XrayDeviceProbe: XRAY_ANDROID_PROBE kind=udp result=passed sequence=2 elapsedSeconds=1
1791166184.653 23960 23960 I XrayDeviceProbe: XRAY_ANDROID_PROBE state=stopped
1791166185.928 23960 23960 I XrayDeviceProbe: XRAY_ANDROID_PROBE state=stopped
1791166187.116 23960 23960 I XrayDeviceProbe: XRAY_ANDROID_PROBE state=counters-reset
1791166187.306 23960 23960 I XrayDeviceProbe: XRAY_ANDROID_PROBE state=started
1791166187.523 23960 26530 I XrayDeviceProbe: XRAY_ANDROID_PROBE kind=http result=failed errorCode=SocketException elapsedSeconds=0
1791166187.586 24006 24006 I XrayDeviceGate: XRAY_ANDROID_LIFECYCLE state=stopped
1791166187.586 24006 24006 I XrayDeviceGate: XRAY_ANDROID_SAMPLE {"tunBackend":"packet-pump","probeOnly":true,"runtimeRunning":false,"runtimeGeneration":1,"residentMemoryBytes":161951744,"threadCount":30,"processCpuMillis":14805,"elapsedRealtimeMillis":6650415,"activeConnections":0,"tunInboundPackets":66,"tunOutboundPackets":51,"tunDroppedPackets":0,"udpRemoteOpenEvents":8,"udpRemoteWrittenBytes":536,"udpRemoteReadBytes":664,"fatalTunErrors":0,"unrecoveredTransitions":0}
1791166187.842 23960 23960 I XrayDeviceProbe: XRAY_ANDROID_PROBE state=stopped
1791166192.535 23960 26530 W XrayDeviceProbe: XRAY_ANDROID_UDP_FAILURE queryTag=66e76363f4e9f41d localPort=37320 errorCode=SocketTimeoutException
1791166192.538 23960 26530 I XrayDeviceProbe: XRAY_ANDROID_PROBE kind=udp result=failed errorCode=SocketTimeoutException elapsedSeconds=5
1791166194.654 24006 26566 I XrayDeviceGate: XRAY_ANDROID_SAMPLE {"tunBackend":"packet-pump","probeOnly":true,"runtimeRunning":false,"runtimeGeneration":1,"residentMemoryBytes":156266496,"threadCount":29,"processCpuMillis":14998,"elapsedRealtimeMillis":6657483,"activeConnections":0,"tunInboundPackets":0,"tunOutboundPackets":0,"tunDroppedPackets":0,"udpRemoteOpenEvents":0,"udpRemoteWrittenBytes":0,"udpRemoteReadBytes":0,"fatalTunErrors":0,"unrecoveredTransitions":0}
1791166194.728 24006 26568 I XrayDeviceGate: XRAY_ANDROID_LIFECYCLE state=running generation=2 tunBackend=packet-pump
1791166194.735 24006 26568 I XrayDeviceGate: XRAY_ANDROID_SAMPLE {"tunBackend":"packet-pump","probeOnly":true,"runtimeRunning":true,"runtimeGeneration":2,"residentMemoryBytes":157585408,"threadCount":38,"processCpuMillis":15075,"elapsedRealtimeMillis":6657563,"activeConnections":0,"tunInboundPackets":3,"tunOutboundPackets":0,"tunDroppedPackets":0,"udpRemoteOpenEvents":0,"udpRemoteWrittenBytes":0,"udpRemoteReadBytes":0,"fatalTunErrors":0,"unrecoveredTransitions":0}
1791166195.593 23960 23960 I XrayDeviceProbe: XRAY_ANDROID_PROBE state=counters-reset
1791166195.825 23960 23960 I XrayDeviceProbe: XRAY_ANDROID_PROBE state=started
1791166195.948 23960 26601 I XrayDeviceProbe: XRAY_ANDROID_PROBE kind=http result=passed sequence=1 elapsedSeconds=0
1791166195.999 23960 26601 I XrayDeviceProbe: XRAY_ANDROID_PROBE kind=udp result=passed sequence=1 elapsedSeconds=0
1791166197.032 23960 26601 I XrayDeviceProbe: XRAY_ANDROID_PROBE kind=http result=passed sequence=2 elapsedSeconds=1
1791166197.044 23960 26601 I XrayDeviceProbe: XRAY_ANDROID_PROBE kind=udp result=passed sequence=2 elapsedSeconds=1
1791166197.806 23960 23960 I XrayDeviceProbe: XRAY_ANDROID_PROBE state=stopped
1791166199.311 24006 24006 I XrayDeviceGate: XRAY_ANDROID_SAMPLE {"tunBackend":"packet-pump","probeOnly":true,"runtimeRunning":false,"runtimeGeneration":2,"residentMemoryBytes":157921280,"threadCount":30,"processCpuMillis":15268,"elapsedRealtimeMillis":6662141,"activeConnections":0,"tunInboundPackets":3,"tunOutboundPackets":0,"tunDroppedPackets":0,"udpRemoteOpenEvents":0,"udpRemoteWrittenBytes":0,"udpRemoteReadBytes":0,"fatalTunErrors":0,"unrecoveredTransitions":0}
1791166199.312 24006 24006 I XrayDeviceGate: XRAY_ANDROID_LIFECYCLE state=stopped
1791166200.064 23960 23960 I XrayDeviceProbe: XRAY_ANDROID_PROBE state=stopped
1791166201.358 24006 26656 I XrayDeviceGate: XRAY_ANDROID_SAMPLE {"tunBackend":"file-descriptor","probeOnly":false,"runtimeRunning":false,"runtimeGeneration":2,"residentMemoryBytes":158191616,"threadCount":29,"processCpuMillis":15391,"elapsedRealtimeMillis":6664187,"activeConnections":0,"tunInboundPackets":0,"tunOutboundPackets":0,"tunDroppedPackets":0,"udpRemoteOpenEvents":0,"udpRemoteWrittenBytes":0,"udpRemoteReadBytes":0,"fatalTunErrors":0,"unrecoveredTransitions":0}
1791166201.359 24006 24006 I XrayDeviceGate: XRAY_ANDROID_LIFECYCLE state=stopped
1791166201.359 24006 24006 I XrayDeviceGate: XRAY_ANDROID_SAMPLE {"tunBackend":"file-descriptor","probeOnly":false,"runtimeRunning":false,"runtimeGeneration":2,"residentMemoryBytes":158191616,"threadCount":29,"processCpuMillis":15394,"elapsedRealtimeMillis":6664188,"activeConnections":0,"tunInboundPackets":0,"tunOutboundPackets":0,"tunDroppedPackets":0,"udpRemoteOpenEvents":0,"udpRemoteWrittenBytes":0,"udpRemoteReadBytes":0,"fatalTunErrors":0,"unrecoveredTransitions":0}
1791166203.214 23960 23960 I XrayDeviceProbe: XRAY_ANDROID_PROBE state=stopped
1791166204.507 24006 24006 I XrayDeviceGate: XRAY_ANDROID_LIFECYCLE state=stopped
1791166204.507 24006 24006 I XrayDeviceGate: XRAY_ANDROID_SAMPLE {"tunBackend":"file-descriptor","probeOnly":false,"runtimeRunning":false,"runtimeGeneration":2,"residentMemoryBytes":158384128,"threadCount":29,"processCpuMillis":15526,"elapsedRealtimeMillis":6667336,"activeConnections":0,"tunInboundPackets":0,"tunOutboundPackets":0,"tunDroppedPackets":0,"udpRemoteOpenEvents":0,"udpRemoteWrittenBytes":0,"udpRemoteReadBytes":0,"fatalTunErrors":0,"unrecoveredTransitions":0}
1791166204.507 24006 26683 I XrayDeviceGate: XRAY_ANDROID_SAMPLE {"tunBackend":"file-descriptor","probeOnly":false,"runtimeRunning":false,"runtimeGeneration":2,"residentMemoryBytes":158384128,"threadCount":29,"processCpuMillis":15526,"elapsedRealtimeMillis":6667336,"activeConnections":0,"tunInboundPackets":0,"tunOutboundPackets":0,"tunDroppedPackets":0,"udpRemoteOpenEvents":0,"udpRemoteWrittenBytes":0,"udpRemoteReadBytes":0,"fatalTunErrors":0,"unrecoveredTransitions":0}
1791166204.734 24006 24006 I XrayDeviceGate: XRAY_ANDROID_LIFECYCLE state=counters-reset
1791166204.734 24006 26693 I XrayDeviceGate: XRAY_ANDROID_SAMPLE {"tunBackend":"file-descriptor","probeOnly":false,"runtimeRunning":false,"runtimeGeneration":2,"residentMemoryBytes":158662656,"threadCount":29,"processCpuMillis":15573,"elapsedRealtimeMillis":6667563,"activeConnections":0,"tunInboundPackets":0,"tunOutboundPackets":0,"tunDroppedPackets":0,"udpRemoteOpenEvents":0,"udpRemoteWrittenBytes":0,"udpRemoteReadBytes":0,"fatalTunErrors":0,"unrecoveredTransitions":0}
1791166206.431 24006 26732 I XrayDeviceGate: XRAY_ANDROID_SAMPLE {"tunBackend":"file-descriptor","probeOnly":true,"runtimeRunning":false,"runtimeGeneration":0,"residentMemoryBytes":159100928,"threadCount":29,"processCpuMillis":15680,"elapsedRealtimeMillis":6669260,"activeConnections":0,"tunInboundPackets":0,"tunOutboundPackets":0,"tunDroppedPackets":0,"udpRemoteOpenEvents":0,"udpRemoteWrittenBytes":0,"udpRemoteReadBytes":0,"fatalTunErrors":0,"unrecoveredTransitions":0}
1791166206.487 24006 26735 I XrayDeviceGate: XRAY_ANDROID_LIFECYCLE state=running generation=1 tunBackend=file-descriptor
1791166206.490 24006 26735 I XrayDeviceGate: XRAY_ANDROID_SAMPLE {"tunBackend":"file-descriptor","probeOnly":true,"runtimeRunning":true,"runtimeGeneration":1,"residentMemoryBytes":160174080,"threadCount":36,"processCpuMillis":15732,"elapsedRealtimeMillis":6669320,"activeConnections":0,"tunInboundPackets":3,"tunOutboundPackets":0,"tunDroppedPackets":0,"udpRemoteOpenEvents":0,"udpRemoteWrittenBytes":0,"udpRemoteReadBytes":0,"fatalTunErrors":0,"unrecoveredTransitions":0}
1791166207.310 23960 23960 I XrayDeviceProbe: XRAY_ANDROID_PROBE state=counters-reset
1791166207.531 23960 23960 I XrayDeviceProbe: XRAY_ANDROID_PROBE state=started
1791166207.583 23960 26766 I XrayDeviceProbe: XRAY_ANDROID_PROBE kind=http result=passed sequence=1 elapsedSeconds=0
1791166207.613 23960 26766 I XrayDeviceProbe: XRAY_ANDROID_PROBE kind=udp result=passed sequence=1 elapsedSeconds=0
1791166208.636 23960 26766 I XrayDeviceProbe: XRAY_ANDROID_PROBE kind=http result=passed sequence=2 elapsedSeconds=1
1791166208.650 23960 26766 I XrayDeviceProbe: XRAY_ANDROID_PROBE kind=udp result=passed sequence=2 elapsedSeconds=1
1791166208.899 23960 23960 I XrayDeviceProbe: XRAY_ANDROID_PROBE state=stopped
1791166210.192 23960 23960 I XrayDeviceProbe: XRAY_ANDROID_PROBE state=counters-reset
1791166210.379 23960 23960 I XrayDeviceProbe: XRAY_ANDROID_PROBE state=started
1791166210.463 23960 26798 I XrayDeviceProbe: XRAY_ANDROID_PROBE kind=http result=passed sequence=1 elapsedSeconds=0
1791166210.569 23960 26798 I XrayDeviceProbe: XRAY_ANDROID_PROBE kind=udp result=passed sequence=1 elapsedSeconds=0
1791166211.615 23960 26798 I XrayDeviceProbe: XRAY_ANDROID_PROBE kind=http result=passed sequence=2 elapsedSeconds=1
1791166211.649 23960 26798 I XrayDeviceProbe: XRAY_ANDROID_PROBE kind=udp result=passed sequence=2 elapsedSeconds=1
1791166212.364 23960 23960 I XrayDeviceProbe: XRAY_ANDROID_PROBE state=stopped
1791166213.658 23960 23960 I XrayDeviceProbe: XRAY_ANDROID_PROBE state=counters-reset
1791166213.846 23960 23960 I XrayDeviceProbe: XRAY_ANDROID_PROBE state=started
1791166213.962 23960 26831 I XrayDeviceProbe: XRAY_ANDROID_PROBE kind=http result=passed sequence=1 elapsedSeconds=0
1791166213.981 23960 26831 I XrayDeviceProbe: XRAY_ANDROID_PROBE kind=udp result=passed sequence=1 elapsedSeconds=0
1791166215.049 23960 26831 I XrayDeviceProbe: XRAY_ANDROID_PROBE kind=http result=passed sequence=2 elapsedSeconds=1
1791166215.345 23960 26831 I XrayDeviceProbe: XRAY_ANDROID_PROBE kind=udp result=passed sequence=2 elapsedSeconds=1
1791166215.807 23960 23960 I XrayDeviceProbe: XRAY_ANDROID_PROBE state=stopped
1791166216.436 24006 26732 I XrayDeviceGate: XRAY_ANDROID_SAMPLE {"tunBackend":"file-descriptor","probeOnly":true,"runtimeRunning":true,"runtimeGeneration":1,"residentMemoryBytes":161099776,"threadCount":36,"processCpuMillis":15925,"elapsedRealtimeMillis":6679265,"activeConnections":6,"tunInboundPackets":54,"tunOutboundPackets":41,"tunDroppedPackets":0,"udpRemoteOpenEvents":6,"udpRemoteWrittenBytes":402,"udpRemoteReadBytes":498,"fatalTunErrors":0,"unrecoveredTransitions":0}
1791166217.096 23960 23960 I XrayDeviceProbe: XRAY_ANDROID_PROBE state=stopped
1791166218.284 23960 23960 I XrayDeviceProbe: XRAY_ANDROID_PROBE state=counters-reset
1791166218.476 23960 23960 I XrayDeviceProbe: XRAY_ANDROID_PROBE state=started
1791166218.651 24006 24006 I XrayDeviceGate: XRAY_ANDROID_LIFECYCLE state=connections-close-requested accepted=7
1791166218.655 24006 24006 I XrayDeviceGate: XRAY_ANDROID_SAMPLE {"tunBackend":"file-descriptor","probeOnly":true,"runtimeRunning":true,"runtimeGeneration":1,"residentMemoryBytes":161849344,"threadCount":36,"processCpuMillis":15980,"elapsedRealtimeMillis":6681485,"activeConnections":3,"tunInboundPackets":58,"tunOutboundPackets":43,"tunDroppedPackets":0,"udpRemoteOpenEvents":6,"udpRemoteWrittenBytes":402,"udpRemoteReadBytes":498,"fatalTunErrors":0,"unrecoveredTransitions":0}
1791166218.656 23960 26877 I XrayDeviceProbe: XRAY_ANDROID_PROBE kind=http result=failed errorCode=SocketException elapsedSeconds=0
1791166218.677 23960 26877 I XrayDeviceProbe: XRAY_ANDROID_PROBE kind=udp result=passed sequence=1 elapsedSeconds=0
1791166218.904 23960 23960 I XrayDeviceProbe: XRAY_ANDROID_PROBE state=stopped
1791166225.618 23960 23960 I XrayDeviceProbe: XRAY_ANDROID_PROBE state=counters-reset
1791166225.814 23960 23960 I XrayDeviceProbe: XRAY_ANDROID_PROBE state=started
1791166225.841 23960 26915 I XrayDeviceProbe: XRAY_ANDROID_PROBE kind=http result=passed sequence=1 elapsedSeconds=0
1791166225.857 23960 26915 I XrayDeviceProbe: XRAY_ANDROID_PROBE kind=udp result=passed sequence=1 elapsedSeconds=0
1791166226.440 24006 26732 I XrayDeviceGate: XRAY_ANDROID_SAMPLE {"tunBackend":"file-descriptor","probeOnly":true,"runtimeRunning":true,"runtimeGeneration":1,"residentMemoryBytes":162013184,"threadCount":36,"processCpuMillis":16100,"elapsedRealtimeMillis":6689270,"activeConnections":2,"tunInboundPackets":66,"tunOutboundPackets":51,"tunDroppedPackets":0,"udpRemoteOpenEvents":8,"udpRemoteWrittenBytes":536,"udpRemoteReadBytes":664,"fatalTunErrors":0,"unrecoveredTransitions":0}
1791166226.884 23960 26915 I XrayDeviceProbe: XRAY_ANDROID_PROBE kind=http result=passed sequence=2 elapsedSeconds=1
1791166227.123 23960 26915 I XrayDeviceProbe: XRAY_ANDROID_PROBE kind=udp result=passed sequence=2 elapsedSeconds=1
1791166227.790 23960 23960 I XrayDeviceProbe: XRAY_ANDROID_PROBE state=stopped
1791166229.067 23960 23960 I XrayDeviceProbe: XRAY_ANDROID_PROBE state=stopped
1791166230.264 23960 23960 I XrayDeviceProbe: XRAY_ANDROID_PROBE state=counters-reset
1791166230.451 23960 23960 I XrayDeviceProbe: XRAY_ANDROID_PROBE state=started
1791166230.675 23960 26957 I XrayDeviceProbe: XRAY_ANDROID_PROBE kind=http result=failed errorCode=SocketException elapsedSeconds=0
1791166230.698 24006 24006 I XrayDeviceGate: XRAY_ANDROID_SAMPLE {"tunBackend":"file-descriptor","probeOnly":true,"runtimeRunning":false,"runtimeGeneration":1,"residentMemoryBytes":162488320,"threadCount":30,"processCpuMillis":16170,"elapsedRealtimeMillis":6693528,"activeConnections":0,"tunInboundPackets":66,"tunOutboundPackets":51,"tunDroppedPackets":0,"udpRemoteOpenEvents":8,"udpRemoteWrittenBytes":536,"udpRemoteReadBytes":664,"fatalTunErrors":0,"unrecoveredTransitions":0}
1791166230.699 24006 24006 I XrayDeviceGate: XRAY_ANDROID_LIFECYCLE state=stopped
1791166230.944 23960 23960 I XrayDeviceProbe: XRAY_ANDROID_PROBE state=stopped
1791166235.687 23960 26957 W XrayDeviceProbe: XRAY_ANDROID_UDP_FAILURE queryTag=37c2cfe82d798644 localPort=50720 errorCode=SocketTimeoutException
1791166235.689 23960 26957 I XrayDeviceProbe: XRAY_ANDROID_PROBE kind=udp result=failed errorCode=SocketTimeoutException elapsedSeconds=5
1791166237.742 24006 26995 I XrayDeviceGate: XRAY_ANDROID_SAMPLE {"tunBackend":"file-descriptor","probeOnly":false,"runtimeRunning":false,"runtimeGeneration":1,"residentMemoryBytes":157544448,"threadCount":29,"processCpuMillis":16343,"elapsedRealtimeMillis":6700571,"activeConnections":0,"tunInboundPackets":0,"tunOutboundPackets":0,"tunDroppedPackets":0,"udpRemoteOpenEvents":0,"udpRemoteWrittenBytes":0,"udpRemoteReadBytes":0,"fatalTunErrors":0,"unrecoveredTransitions":0}
1791166237.824 24006 26997 I XrayDeviceGate: XRAY_ANDROID_LIFECYCLE state=running generation=2 tunBackend=file-descriptor
1791166237.829 24006 26997 I XrayDeviceGate: XRAY_ANDROID_SAMPLE {"tunBackend":"file-descriptor","probeOnly":true,"runtimeRunning":true,"runtimeGeneration":2,"residentMemoryBytes":158855168,"threadCount":36,"processCpuMillis":16424,"elapsedRealtimeMillis":6700658,"activeConnections":0,"tunInboundPackets":3,"tunOutboundPackets":0,"tunDroppedPackets":0,"udpRemoteOpenEvents":0,"udpRemoteWrittenBytes":0,"udpRemoteReadBytes":0,"fatalTunErrors":0,"unrecoveredTransitions":0}
1791166238.659 23960 23960 I XrayDeviceProbe: XRAY_ANDROID_PROBE state=counters-reset
1791166238.888 23960 23960 I XrayDeviceProbe: XRAY_ANDROID_PROBE state=started
1791166238.933 23960 27028 I XrayDeviceProbe: XRAY_ANDROID_PROBE kind=http result=passed sequence=1 elapsedSeconds=0
1791166238.966 23960 27028 I XrayDeviceProbe: XRAY_ANDROID_PROBE kind=udp result=passed sequence=1 elapsedSeconds=0
1791166240.008 23960 27028 I XrayDeviceProbe: XRAY_ANDROID_PROBE kind=http result=passed sequence=2 elapsedSeconds=1
1791166240.032 23960 27028 I XrayDeviceProbe: XRAY_ANDROID_PROBE kind=udp result=passed sequence=2 elapsedSeconds=1
1791166240.269 23960 23960 I XrayDeviceProbe: XRAY_ANDROID_PROBE state=stopped
1791166241.644 24006 24006 I XrayDeviceGate: XRAY_ANDROID_LIFECYCLE state=stopped
1791166241.644 24006 24006 I XrayDeviceGate: XRAY_ANDROID_SAMPLE {"tunBackend":"file-descriptor","probeOnly":true,"runtimeRunning":false,"runtimeGeneration":2,"residentMemoryBytes":158416896,"threadCount":30,"processCpuMillis":16583,"elapsedRealtimeMillis":6704474,"activeConnections":0,"tunInboundPackets":3,"tunOutboundPackets":0,"tunDroppedPackets":0,"udpRemoteOpenEvents":0,"udpRemoteWrittenBytes":0,"udpRemoteReadBytes":0,"fatalTunErrors":0,"unrecoveredTransitions":0}
1791166241.929 23960 23960 I XrayDeviceProbe: XRAY_ANDROID_PROBE state=stopped
1791166243.247 24006 27074 I XrayDeviceGate: XRAY_ANDROID_SAMPLE {"tunBackend":"file-descriptor","probeOnly":false,"runtimeRunning":false,"runtimeGeneration":2,"residentMemoryBytes":158887936,"threadCount":29,"processCpuMillis":16714,"elapsedRealtimeMillis":6706076,"activeConnections":0,"tunInboundPackets":0,"tunOutboundPackets":0,"tunDroppedPackets":0,"udpRemoteOpenEvents":0,"udpRemoteWrittenBytes":0,"udpRemoteReadBytes":0,"fatalTunErrors":0,"unrecoveredTransitions":0}
1791166243.249 24006 24006 I XrayDeviceGate: XRAY_ANDROID_LIFECYCLE state=stopped
1791166243.249 24006 24006 I XrayDeviceGate: XRAY_ANDROID_SAMPLE {"tunBackend":"file-descriptor","probeOnly":false,"runtimeRunning":false,"runtimeGeneration":2,"residentMemoryBytes":158887936,"threadCount":29,"processCpuMillis":16718,"elapsedRealtimeMillis":6706079,"activeConnections":0,"tunInboundPackets":0,"tunOutboundPackets":0,"tunDroppedPackets":0,"udpRemoteOpenEvents":0,"udpRemoteWrittenBytes":0,"udpRemoteReadBytes":0,"fatalTunErrors":0,"unrecoveredTransitions":0}
1791166245.114 23960 23960 I XrayDeviceProbe: XRAY_ANDROID_PROBE state=stopped
1791166246.426 24006 27101 I XrayDeviceGate: XRAY_ANDROID_SAMPLE {"tunBackend":"file-descriptor","probeOnly":false,"runtimeRunning":false,"runtimeGeneration":2,"residentMemoryBytes":159117312,"threadCount":29,"processCpuMillis":16843,"elapsedRealtimeMillis":6709255,"activeConnections":0,"tunInboundPackets":0,"tunOutboundPackets":0,"tunDroppedPackets":0,"udpRemoteOpenEvents":0,"udpRemoteWrittenBytes":0,"udpRemoteReadBytes":0,"fatalTunErrors":0,"unrecoveredTransitions":0}
1791166246.428 24006 24006 I XrayDeviceGate: XRAY_ANDROID_LIFECYCLE state=stopped
1791166246.428 24006 24006 I XrayDeviceGate: XRAY_ANDROID_SAMPLE {"tunBackend":"file-descriptor","probeOnly":false,"runtimeRunning":false,"runtimeGeneration":2,"residentMemoryBytes":159117312,"threadCount":29,"processCpuMillis":16847,"elapsedRealtimeMillis":6709257,"activeConnections":0,"tunInboundPackets":0,"tunOutboundPackets":0,"tunDroppedPackets":0,"udpRemoteOpenEvents":0,"udpRemoteWrittenBytes":0,"udpRemoteReadBytes":0,"fatalTunErrors":0,"unrecoveredTransitions":0}
1791166246.652 24006 24006 I XrayDeviceGate: XRAY_ANDROID_LIFECYCLE state=counters-reset
1791166246.653 24006 27111 I XrayDeviceGate: XRAY_ANDROID_SAMPLE {"tunBackend":"file-descriptor","probeOnly":false,"runtimeRunning":false,"runtimeGeneration":2,"residentMemoryBytes":159395840,"threadCount":29,"processCpuMillis":16889,"elapsedRealtimeMillis":6709482,"activeConnections":0,"tunInboundPackets":0,"tunOutboundPackets":0,"tunDroppedPackets":0,"udpRemoteOpenEvents":0,"udpRemoteWrittenBytes":0,"udpRemoteReadBytes":0,"fatalTunErrors":0,"unrecoveredTransitions":0}
1791166248.329 24006 27149 I XrayDeviceGate: XRAY_ANDROID_SAMPLE {"tunBackend":"packet-pump","probeOnly":true,"runtimeRunning":false,"runtimeGeneration":0,"residentMemoryBytes":159678464,"threadCount":29,"processCpuMillis":16997,"elapsedRealtimeMillis":6711158,"activeConnections":0,"tunInboundPackets":0,"tunOutboundPackets":0,"tunDroppedPackets":0,"udpRemoteOpenEvents":0,"udpRemoteWrittenBytes":0,"udpRemoteReadBytes":0,"fatalTunErrors":0,"unrecoveredTransitions":0}
1791166248.387 24006 27151 I XrayDeviceGate: XRAY_ANDROID_LIFECYCLE state=running generation=1 tunBackend=packet-pump
1791166248.390 24006 27151 I XrayDeviceGate: XRAY_ANDROID_SAMPLE {"tunBackend":"packet-pump","probeOnly":true,"runtimeRunning":true,"runtimeGeneration":1,"residentMemoryBytes":160751616,"threadCount":38,"processCpuMillis":17053,"elapsedRealtimeMillis":6711220,"activeConnections":0,"tunInboundPackets":3,"tunOutboundPackets":0,"tunDroppedPackets":0,"udpRemoteOpenEvents":0,"udpRemoteWrittenBytes":0,"udpRemoteReadBytes":0,"fatalTunErrors":0,"unrecoveredTransitions":0}
1791166249.225 23960 23960 I XrayDeviceProbe: XRAY_ANDROID_PROBE state=counters-reset
1791166249.487 23960 23960 I XrayDeviceProbe: XRAY_ANDROID_PROBE state=started
1791166249.585 23960 27185 I XrayDeviceProbe: XRAY_ANDROID_PROBE kind=http result=passed sequence=1 elapsedSeconds=0
1791166249.618 23960 27185 I XrayDeviceProbe: XRAY_ANDROID_PROBE kind=udp result=passed sequence=1 elapsedSeconds=0
1791166250.694 23960 27185 I XrayDeviceProbe: XRAY_ANDROID_PROBE kind=http result=passed sequence=2 elapsedSeconds=1
1791166250.765 23960 27185 I XrayDeviceProbe: XRAY_ANDROID_PROBE kind=udp result=passed sequence=2 elapsedSeconds=1
1791166251.491 23960 23960 I XrayDeviceProbe: XRAY_ANDROID_PROBE state=stopped
1791166252.788 23960 23960 I XrayDeviceProbe: XRAY_ANDROID_PROBE state=counters-reset
1791166252.977 23960 23960 I XrayDeviceProbe: XRAY_ANDROID_PROBE state=started
1791166253.062 23960 27221 I XrayDeviceProbe: XRAY_ANDROID_PROBE kind=http result=passed sequence=1 elapsedSeconds=0
1791166253.075 23960 27221 I XrayDeviceProbe: XRAY_ANDROID_PROBE kind=udp result=passed sequence=1 elapsedSeconds=0
1791166254.093 23960 27221 I XrayDeviceProbe: XRAY_ANDROID_PROBE kind=http result=passed sequence=2 elapsedSeconds=1
1791166254.123 23960 27221 I XrayDeviceProbe: XRAY_ANDROID_PROBE kind=udp result=passed sequence=2 elapsedSeconds=1
1791166254.379 23960 23960 I XrayDeviceProbe: XRAY_ANDROID_PROBE state=stopped
1791166255.669 23960 23960 I XrayDeviceProbe: XRAY_ANDROID_PROBE state=counters-reset
1791166255.858 23960 23960 I XrayDeviceProbe: XRAY_ANDROID_PROBE state=started
1791166255.909 23960 27251 I XrayDeviceProbe: XRAY_ANDROID_PROBE kind=http result=passed sequence=1 elapsedSeconds=0
1791166255.922 23960 27251 I XrayDeviceProbe: XRAY_ANDROID_PROBE kind=udp result=passed sequence=1 elapsedSeconds=0
1791166256.943 23960 27251 I XrayDeviceProbe: XRAY_ANDROID_PROBE kind=http result=passed sequence=2 elapsedSeconds=1
1791166256.981 23960 27251 I XrayDeviceProbe: XRAY_ANDROID_PROBE kind=udp result=passed sequence=2 elapsedSeconds=1
1791166257.254 23960 23960 I XrayDeviceProbe: XRAY_ANDROID_PROBE state=stopped
1791166258.334 24006 27149 I XrayDeviceGate: XRAY_ANDROID_SAMPLE {"tunBackend":"packet-pump","probeOnly":true,"runtimeRunning":true,"runtimeGeneration":1,"residentMemoryBytes":161656832,"threadCount":38,"processCpuMillis":17319,"elapsedRealtimeMillis":6721163,"activeConnections":6,"tunInboundPackets":54,"tunOutboundPackets":41,"tunDroppedPackets":0,"udpRemoteOpenEvents":6,"udpRemoteWrittenBytes":402,"udpRemoteReadBytes":498,"fatalTunErrors":0,"unrecoveredTransitions":0}
1791166258.551 23960 23960 I XrayDeviceProbe: XRAY_ANDROID_PROBE state=stopped
1791166259.743 23960 23960 I XrayDeviceProbe: XRAY_ANDROID_PROBE state=counters-reset
1791166259.935 23960 23960 I XrayDeviceProbe: XRAY_ANDROID_PROBE state=started
1791166260.119 24006 24006 I XrayDeviceGate: XRAY_ANDROID_LIFECYCLE state=connections-close-requested accepted=7
1791166260.121 23960 27294 I XrayDeviceProbe: XRAY_ANDROID_PROBE kind=http result=failed errorCode=SocketException elapsedSeconds=0
1791166260.122 24006 24006 I XrayDeviceGate: XRAY_ANDROID_SAMPLE {"tunBackend":"packet-pump","probeOnly":true,"runtimeRunning":true,"runtimeGeneration":1,"residentMemoryBytes":162398208,"threadCount":38,"processCpuMillis":17379,"elapsedRealtimeMillis":6722952,"activeConnections":0,"tunInboundPackets":57,"tunOutboundPackets":43,"tunDroppedPackets":0,"udpRemoteOpenEvents":6,"udpRemoteWrittenBytes":402,"udpRemoteReadBytes":498,"fatalTunErrors":0,"unrecoveredTransitions":0}
1791166260.145 23960 27294 I XrayDeviceProbe: XRAY_ANDROID_PROBE kind=udp result=passed sequence=1 elapsedSeconds=0
1791166260.373 23960 23960 I XrayDeviceProbe: XRAY_ANDROID_PROBE state=stopped
1791166267.145 23960 23960 I XrayDeviceProbe: XRAY_ANDROID_PROBE state=counters-reset
1791166267.340 23960 23960 I XrayDeviceProbe: XRAY_ANDROID_PROBE state=started
1791166267.367 23960 27343 I XrayDeviceProbe: XRAY_ANDROID_PROBE kind=http result=passed sequence=1 elapsedSeconds=0
1791166267.380 23960 27343 I XrayDeviceProbe: XRAY_ANDROID_PROBE kind=udp result=passed sequence=1 elapsedSeconds=0
1791166268.338 24006 27149 I XrayDeviceGate: XRAY_ANDROID_SAMPLE {"tunBackend":"packet-pump","probeOnly":true,"runtimeRunning":true,"runtimeGeneration":1,"residentMemoryBytes":162054144,"threadCount":38,"processCpuMillis":17555,"elapsedRealtimeMillis":6731168,"activeConnections":2,"tunInboundPackets":66,"tunOutboundPackets":51,"tunDroppedPackets":0,"udpRemoteOpenEvents":8,"udpRemoteWrittenBytes":536,"udpRemoteReadBytes":664,"fatalTunErrors":0,"unrecoveredTransitions":0}
1791166268.419 23960 27343 I XrayDeviceProbe: XRAY_ANDROID_PROBE kind=http result=passed sequence=2 elapsedSeconds=1
1791166268.447 23960 27343 I XrayDeviceProbe: XRAY_ANDROID_PROBE kind=udp result=passed sequence=2 elapsedSeconds=1
1791166268.716 23960 23960 I XrayDeviceProbe: XRAY_ANDROID_PROBE state=stopped
1791166269.998 23960 23960 I XrayDeviceProbe: XRAY_ANDROID_PROBE state=stopped
1791166271.183 23960 23960 I XrayDeviceProbe: XRAY_ANDROID_PROBE state=counters-reset
1791166271.372 23960 23960 I XrayDeviceProbe: XRAY_ANDROID_PROBE state=started
1791166271.658 23960 27380 I XrayDeviceProbe: XRAY_ANDROID_PROBE kind=http result=failed errorCode=SocketException elapsedSeconds=0
1791166271.900 24006 24006 I XrayDeviceGate: XRAY_ANDROID_LIFECYCLE state=stopped
1791166271.900 24006 24006 I XrayDeviceGate: XRAY_ANDROID_SAMPLE {"tunBackend":"packet-pump","probeOnly":true,"runtimeRunning":false,"runtimeGeneration":1,"residentMemoryBytes":158511104,"threadCount":30,"processCpuMillis":17675,"elapsedRealtimeMillis":6734729,"activeConnections":0,"tunInboundPackets":66,"tunOutboundPackets":51,"tunDroppedPackets":0,"udpRemoteOpenEvents":8,"udpRemoteWrittenBytes":536,"udpRemoteReadBytes":664,"fatalTunErrors":0,"unrecoveredTransitions":0}
1791166272.155 23960 23960 I XrayDeviceProbe: XRAY_ANDROID_PROBE state=stopped
1791166276.669 23960 27380 W XrayDeviceProbe: XRAY_ANDROID_UDP_FAILURE queryTag=3fe2990a90d9ffb1 localPort=45018 errorCode=SocketTimeoutException
1791166276.674 23960 27380 I XrayDeviceProbe: XRAY_ANDROID_PROBE kind=udp result=failed errorCode=SocketTimeoutException elapsedSeconds=5
1791166278.952 24006 27420 I XrayDeviceGate: XRAY_ANDROID_SAMPLE {"tunBackend":"packet-pump","probeOnly":true,"runtimeRunning":false,"runtimeGeneration":1,"residentMemoryBytes":158638080,"threadCount":29,"processCpuMillis":17801,"elapsedRealtimeMillis":6741781,"activeConnections":0,"tunInboundPackets":0,"tunOutboundPackets":0,"tunDroppedPackets":0,"udpRemoteOpenEvents":0,"udpRemoteWrittenBytes":0,"udpRemoteReadBytes":0,"fatalTunErrors":0,"unrecoveredTransitions":0}
1791166279.011 24006 27422 I XrayDeviceGate: XRAY_ANDROID_LIFECYCLE state=running generation=2 tunBackend=packet-pump
1791166279.016 24006 27422 I XrayDeviceGate: XRAY_ANDROID_SAMPLE {"tunBackend":"packet-pump","probeOnly":true,"runtimeRunning":true,"runtimeGeneration":2,"residentMemoryBytes":159821824,"threadCount":38,"processCpuMillis":17864,"elapsedRealtimeMillis":6741845,"activeConnections":0,"tunInboundPackets":3,"tunOutboundPackets":0,"tunDroppedPackets":0,"udpRemoteOpenEvents":0,"udpRemoteWrittenBytes":0,"udpRemoteReadBytes":0,"fatalTunErrors":0,"unrecoveredTransitions":0}
1791166279.889 23960 23960 I XrayDeviceProbe: XRAY_ANDROID_PROBE state=counters-reset
1791166280.162 23960 23960 I XrayDeviceProbe: XRAY_ANDROID_PROBE state=started
1791166280.404 23960 27455 I XrayDeviceProbe: XRAY_ANDROID_PROBE kind=http result=passed sequence=1 elapsedSeconds=0
1791166280.441 23960 27455 I XrayDeviceProbe: XRAY_ANDROID_PROBE kind=udp result=passed sequence=1 elapsedSeconds=0
1791166281.642 23960 27455 I XrayDeviceProbe: XRAY_ANDROID_PROBE kind=http result=passed sequence=2 elapsedSeconds=1
1791166281.668 23960 27455 I XrayDeviceProbe: XRAY_ANDROID_PROBE kind=udp result=passed sequence=2 elapsedSeconds=1
1791166282.164 23960 23960 I XrayDeviceProbe: XRAY_ANDROID_PROBE state=stopped
1791166283.684 24006 24006 I XrayDeviceGate: XRAY_ANDROID_LIFECYCLE state=stopped
1791166283.684 24006 24006 I XrayDeviceGate: XRAY_ANDROID_SAMPLE {"tunBackend":"packet-pump","probeOnly":true,"runtimeRunning":false,"runtimeGeneration":2,"residentMemoryBytes":159989760,"threadCount":30,"processCpuMillis":18065,"elapsedRealtimeMillis":6746514,"activeConnections":0,"tunInboundPackets":3,"tunOutboundPackets":0,"tunDroppedPackets":0,"udpRemoteOpenEvents":0,"udpRemoteWrittenBytes":0,"udpRemoteReadBytes":0,"fatalTunErrors":0,"unrecoveredTransitions":0}
1791166284.448 23960 23960 I XrayDeviceProbe: XRAY_ANDROID_PROBE state=stopped
1791166285.763 24006 24006 I XrayDeviceGate: XRAY_ANDROID_LIFECYCLE state=stopped
1791166285.763 24006 24006 I XrayDeviceGate: XRAY_ANDROID_SAMPLE {"tunBackend":"file-descriptor","probeOnly":false,"runtimeRunning":false,"runtimeGeneration":2,"residentMemoryBytes":160231424,"threadCount":29,"processCpuMillis":18193,"elapsedRealtimeMillis":6748592,"activeConnections":0,"tunInboundPackets":0,"tunOutboundPackets":0,"tunDroppedPackets":0,"udpRemoteOpenEvents":0,"udpRemoteWrittenBytes":0,"udpRemoteReadBytes":0,"fatalTunErrors":0,"unrecoveredTransitions":0}
1791166285.763 24006 27511 I XrayDeviceGate: XRAY_ANDROID_SAMPLE {"tunBackend":"file-descriptor","probeOnly":false,"runtimeRunning":false,"runtimeGeneration":2,"residentMemoryBytes":160231424,"threadCount":29,"processCpuMillis":18193,"elapsedRealtimeMillis":6748592,"activeConnections":0,"tunInboundPackets":0,"tunOutboundPackets":0,"tunDroppedPackets":0,"udpRemoteOpenEvents":0,"udpRemoteWrittenBytes":0,"udpRemoteReadBytes":0,"fatalTunErrors":0,"unrecoveredTransitions":0}
1791166287.636 23960 23960 I XrayDeviceProbe: XRAY_ANDROID_PROBE state=stopped
1791166288.934 24006 27539 I XrayDeviceGate: XRAY_ANDROID_SAMPLE {"tunBackend":"file-descriptor","probeOnly":false,"runtimeRunning":false,"runtimeGeneration":2,"residentMemoryBytes":160546816,"threadCount":29,"processCpuMillis":18322,"elapsedRealtimeMillis":6751763,"activeConnections":0,"tunInboundPackets":0,"tunOutboundPackets":0,"tunDroppedPackets":0,"udpRemoteOpenEvents":0,"udpRemoteWrittenBytes":0,"udpRemoteReadBytes":0,"fatalTunErrors":0,"unrecoveredTransitions":0}
1791166288.937 24006 24006 I XrayDeviceGate: XRAY_ANDROID_LIFECYCLE state=stopped
1791166288.937 24006 24006 I XrayDeviceGate: XRAY_ANDROID_SAMPLE {"tunBackend":"file-descriptor","probeOnly":false,"runtimeRunning":false,"runtimeGeneration":2,"residentMemoryBytes":160546816,"threadCount":29,"processCpuMillis":18328,"elapsedRealtimeMillis":6751767,"activeConnections":0,"tunInboundPackets":0,"tunOutboundPackets":0,"tunDroppedPackets":0,"udpRemoteOpenEvents":0,"udpRemoteWrittenBytes":0,"udpRemoteReadBytes":0,"fatalTunErrors":0,"unrecoveredTransitions":0}
1791166294.074 23960 23960 I XrayDeviceProbe: XRAY_ANDROID_PROBE state=stopped
1791166295.391 24006 27565 I XrayDeviceGate: XRAY_ANDROID_SAMPLE {"tunBackend":"file-descriptor","probeOnly":false,"runtimeRunning":false,"runtimeGeneration":2,"residentMemoryBytes":159305728,"threadCount":29,"processCpuMillis":18523,"elapsedRealtimeMillis":6758220,"activeConnections":0,"tunInboundPackets":0,"tunOutboundPackets":0,"tunDroppedPackets":0,"udpRemoteOpenEvents":0,"udpRemoteWrittenBytes":0,"udpRemoteReadBytes":0,"fatalTunErrors":0,"unrecoveredTransitions":0}
1791166295.394 24006 24006 I XrayDeviceGate: XRAY_ANDROID_LIFECYCLE state=stopped
1791166295.394 24006 24006 I XrayDeviceGate: XRAY_ANDROID_SAMPLE {"tunBackend":"file-descriptor","probeOnly":false,"runtimeRunning":false,"runtimeGeneration":2,"residentMemoryBytes":159305728,"threadCount":29,"processCpuMillis":18526,"elapsedRealtimeMillis":6758223,"activeConnections":0,"tunInboundPackets":0,"tunOutboundPackets":0,"tunDroppedPackets":0,"udpRemoteOpenEvents":0,"udpRemoteWrittenBytes":0,"udpRemoteReadBytes":0,"fatalTunErrors":0,"unrecoveredTransitions":0}
1791166295.607 24006 24006 I XrayDeviceGate: XRAY_ANDROID_LIFECYCLE state=counters-reset
1791166295.608 24006 27575 I XrayDeviceGate: XRAY_ANDROID_SAMPLE {"tunBackend":"file-descriptor","probeOnly":false,"runtimeRunning":false,"runtimeGeneration":2,"residentMemoryBytes":159592448,"threadCount":29,"processCpuMillis":18575,"elapsedRealtimeMillis":6758437,"activeConnections":0,"tunInboundPackets":0,"tunOutboundPackets":0,"tunDroppedPackets":0,"udpRemoteOpenEvents":0,"udpRemoteWrittenBytes":0,"udpRemoteReadBytes":0,"fatalTunErrors":0,"unrecoveredTransitions":0}
1791166296.829 24006 27599 I XrayDeviceGate: XRAY_ANDROID_SAMPLE {"tunBackend":"file-descriptor","probeOnly":true,"runtimeRunning":false,"runtimeGeneration":0,"residentMemoryBytes":159629312,"threadCount":29,"processCpuMillis":18641,"elapsedRealtimeMillis":6759658,"activeConnections":0,"tunInboundPackets":0,"tunOutboundPackets":0,"tunDroppedPackets":0,"udpRemoteOpenEvents":0,"udpRemoteWrittenBytes":0,"udpRemoteReadBytes":0,"fatalTunErrors":0,"unrecoveredTransitions":0}
1791166296.881 24006 27600 I XrayDeviceGate: XRAY_ANDROID_LIFECYCLE state=running generation=1 tunBackend=file-descriptor
1791166296.885 24006 27600 I XrayDeviceGate: XRAY_ANDROID_SAMPLE {"tunBackend":"file-descriptor","probeOnly":true,"runtimeRunning":true,"runtimeGeneration":1,"residentMemoryBytes":160956416,"threadCount":36,"processCpuMillis":18685,"elapsedRealtimeMillis":6759714,"activeConnections":0,"tunInboundPackets":3,"tunOutboundPackets":0,"tunDroppedPackets":0,"udpRemoteOpenEvents":0,"udpRemoteWrittenBytes":0,"udpRemoteReadBytes":0,"fatalTunErrors":0,"unrecoveredTransitions":0}
1791166297.692 23960 23960 I XrayDeviceProbe: XRAY_ANDROID_PROBE state=stopped
1791166298.921 23960 23960 I XrayDeviceProbe: XRAY_ANDROID_PROBE state=counters-reset
1791166299.115 23960 23960 I XrayDeviceProbe: XRAY_ANDROID_PROBE state=started
1791166299.271 23960 27639 I XrayDeviceProbe: XRAY_ANDROID_PROBE kind=http result=passed sequence=1 elapsedSeconds=0
1791166302.389 23960 27639 I XrayDeviceProbe: XRAY_ANDROID_PROBE kind=udp result=passed sequence=1 elapsedSeconds=3
1791166302.797 23960 23960 I XrayDeviceProbe: XRAY_ANDROID_PROBE state=stopped
1791166304.011 23960 23960 I XrayDeviceProbe: XRAY_ANDROID_PROBE state=stopped
1791166305.229 23960 23960 I XrayDeviceProbe: XRAY_ANDROID_PROBE state=counters-reset
1791166305.428 23960 23960 I XrayDeviceProbe: XRAY_ANDROID_PROBE state=started
1791166305.570 23960 27713 I XrayDeviceProbe: XRAY_ANDROID_PROBE kind=http result=passed sequence=1 elapsedSeconds=0
1791166305.848 24006 24006 I XrayDeviceGate: XRAY_ANDROID_LIFECYCLE state=connections-close-requested accepted=3
1791166305.853 24006 24006 I XrayDeviceGate: XRAY_ANDROID_SAMPLE {"tunBackend":"file-descriptor","probeOnly":true,"runtimeRunning":true,"runtimeGeneration":1,"residentMemoryBytes":161153024,"threadCount":36,"processCpuMillis":18826,"elapsedRealtimeMillis":6768682,"activeConnections":2,"tunInboundPackets":23,"tunOutboundPackets":13,"tunDroppedPackets":0,"udpRemoteOpenEvents":2,"udpRemoteWrittenBytes":134,"udpRemoteReadBytes":83,"fatalTunErrors":0,"unrecoveredTransitions":0}
1791166306.833 24006 27599 I XrayDeviceGate: XRAY_ANDROID_SAMPLE {"tunBackend":"file-descriptor","probeOnly":true,"runtimeRunning":true,"runtimeGeneration":1,"residentMemoryBytes":161136640,"threadCount":36,"processCpuMillis":18875,"elapsedRealtimeMillis":6769662,"activeConnections":0,"tunInboundPackets":23,"tunOutboundPackets":14,"tunDroppedPackets":0,"udpRemoteOpenEvents":2,"udpRemoteWrittenBytes":134,"udpRemoteReadBytes":83,"fatalTunErrors":0,"unrecoveredTransitions":0}
1791166310.580 23960 27713 W XrayDeviceProbe: XRAY_ANDROID_UDP_FAILURE queryTag=c0f1059e41b9e54b localPort=45717 errorCode=SocketTimeoutException
1791166310.583 23960 27713 I XrayDeviceProbe: XRAY_ANDROID_PROBE kind=udp result=failed errorCode=SocketTimeoutException elapsedSeconds=5
1791166313.890 23960 23960 I XrayDeviceProbe: XRAY_ANDROID_PROBE state=stopped
1791166315.251 24006 24006 I XrayDeviceGate: XRAY_ANDROID_LIFECYCLE state=stopped
1791166315.251 24006 24006 I XrayDeviceGate: XRAY_ANDROID_SAMPLE {"tunBackend":"file-descriptor","probeOnly":true,"runtimeRunning":false,"runtimeGeneration":1,"residentMemoryBytes":157458432,"threadCount":30,"processCpuMillis":19113,"elapsedRealtimeMillis":6778080,"activeConnections":0,"tunInboundPackets":23,"tunOutboundPackets":14,"tunDroppedPackets":0,"udpRemoteOpenEvents":2,"udpRemoteWrittenBytes":134,"udpRemoteReadBytes":83,"fatalTunErrors":0,"unrecoveredTransitions":0}
1791166317.091 23960 23960 I XrayDeviceProbe: XRAY_ANDROID_PROBE state=stopped
1791166318.399 24006 24006 I XrayDeviceGate: XRAY_ANDROID_SAMPLE {"tunBackend":"file-descriptor","probeOnly":false,"runtimeRunning":false,"runtimeGeneration":1,"residentMemoryBytes":156581888,"threadCount":29,"processCpuMillis":19262,"elapsedRealtimeMillis":6781229,"activeConnections":0,"tunInboundPackets":0,"tunOutboundPackets":0,"tunDroppedPackets":0,"udpRemoteOpenEvents":0,"udpRemoteWrittenBytes":0,"udpRemoteReadBytes":0,"fatalTunErrors":0,"unrecoveredTransitions":0}
1791166318.399 24006 27795 I XrayDeviceGate: XRAY_ANDROID_SAMPLE {"tunBackend":"file-descriptor","probeOnly":false,"runtimeRunning":false,"runtimeGeneration":1,"residentMemoryBytes":156581888,"threadCount":29,"processCpuMillis":19262,"elapsedRealtimeMillis":6781229,"activeConnections":0,"tunInboundPackets":0,"tunOutboundPackets":0,"tunDroppedPackets":0,"udpRemoteOpenEvents":0,"udpRemoteWrittenBytes":0,"udpRemoteReadBytes":0,"fatalTunErrors":0,"unrecoveredTransitions":0}
1791166318.400 24006 24006 I XrayDeviceGate: XRAY_ANDROID_LIFECYCLE state=stopped
1791166355.035 23960 23960 I XrayDeviceProbe: XRAY_ANDROID_PROBE state=stopped
1791166356.342 24006 24006 I XrayDeviceGate: XRAY_ANDROID_LIFECYCLE state=stopped
1791166356.342 24006 24006 I XrayDeviceGate: XRAY_ANDROID_SAMPLE {"tunBackend":"file-descriptor","probeOnly":false,"runtimeRunning":false,"runtimeGeneration":1,"residentMemoryBytes":157388800,"threadCount":29,"processCpuMillis":20185,"elapsedRealtimeMillis":6819171,"activeConnections":0,"tunInboundPackets":0,"tunOutboundPackets":0,"tunDroppedPackets":0,"udpRemoteOpenEvents":0,"udpRemoteWrittenBytes":0,"udpRemoteReadBytes":0,"fatalTunErrors":0,"unrecoveredTransitions":0}
1791166356.342 24006 27829 I XrayDeviceGate: XRAY_ANDROID_SAMPLE {"tunBackend":"file-descriptor","probeOnly":false,"runtimeRunning":false,"runtimeGeneration":1,"residentMemoryBytes":157388800,"threadCount":29,"processCpuMillis":20184,"elapsedRealtimeMillis":6819171,"activeConnections":0,"tunInboundPackets":0,"tunOutboundPackets":0,"tunDroppedPackets":0,"udpRemoteOpenEvents":0,"udpRemoteWrittenBytes":0,"udpRemoteReadBytes":0,"fatalTunErrors":0,"unrecoveredTransitions":0}
1791166356.555 24006 24006 I XrayDeviceGate: XRAY_ANDROID_LIFECYCLE state=counters-reset
1791166356.558 24006 27839 I XrayDeviceGate: XRAY_ANDROID_SAMPLE {"tunBackend":"file-descriptor","probeOnly":false,"runtimeRunning":false,"runtimeGeneration":0,"residentMemoryBytes":157663232,"threadCount":29,"processCpuMillis":20236,"elapsedRealtimeMillis":6819388,"activeConnections":0,"tunInboundPackets":0,"tunOutboundPackets":0,"tunDroppedPackets":0,"udpRemoteOpenEvents":0,"udpRemoteWrittenBytes":0,"udpRemoteReadBytes":0,"fatalTunErrors":0,"unrecoveredTransitions":0}
1791166357.764 24006 27863 I XrayDeviceGate: XRAY_ANDROID_SAMPLE {"tunBackend":"file-descriptor","probeOnly":true,"runtimeRunning":false,"runtimeGeneration":0,"residentMemoryBytes":157675520,"threadCount":29,"processCpuMillis":20305,"elapsedRealtimeMillis":6820593,"activeConnections":0,"tunInboundPackets":0,"tunOutboundPackets":0,"tunDroppedPackets":0,"udpRemoteOpenEvents":0,"udpRemoteWrittenBytes":0,"udpRemoteReadBytes":0,"fatalTunErrors":0,"unrecoveredTransitions":0}
1791166357.819 24006 27866 I XrayDeviceGate: XRAY_ANDROID_LIFECYCLE state=running generation=1 tunBackend=file-descriptor
1791166357.823 24006 27866 I XrayDeviceGate: XRAY_ANDROID_SAMPLE {"tunBackend":"file-descriptor","probeOnly":true,"runtimeRunning":true,"runtimeGeneration":1,"residentMemoryBytes":159051776,"threadCount":36,"processCpuMillis":20356,"elapsedRealtimeMillis":6820652,"activeConnections":0,"tunInboundPackets":3,"tunOutboundPackets":0,"tunDroppedPackets":0,"udpRemoteOpenEvents":0,"udpRemoteWrittenBytes":0,"udpRemoteReadBytes":0,"fatalTunErrors":0,"unrecoveredTransitions":0}
1791166358.644 23960 23960 I XrayDeviceProbe: XRAY_ANDROID_PROBE state=stopped
1791166359.876 23960 23960 I XrayDeviceProbe: XRAY_ANDROID_PROBE state=counters-reset
1791166360.075 23960 23960 I XrayDeviceProbe: XRAY_ANDROID_PROBE state=started
1791166360.614 23960 27903 I XrayDeviceProbe: XRAY_ANDROID_PROBE kind=http result=passed sequence=1 elapsedSeconds=0
1791166363.793 23960 27903 I XrayDeviceProbe: XRAY_ANDROID_PROBE kind=udp result=passed sequence=1 elapsedSeconds=3
1791166364.206 23960 23960 I XrayDeviceProbe: XRAY_ANDROID_PROBE state=stopped
1791166365.407 23960 23960 I XrayDeviceProbe: XRAY_ANDROID_PROBE state=stopped
1791166366.601 23960 23960 I XrayDeviceProbe: XRAY_ANDROID_PROBE state=counters-reset
1791166366.792 23960 23960 I XrayDeviceProbe: XRAY_ANDROID_PROBE state=started
1791166366.973 23960 27953 I XrayDeviceProbe: XRAY_ANDROID_PROBE kind=http result=passed sequence=1 elapsedSeconds=0
1791166367.393 24006 24006 I XrayDeviceGate: XRAY_ANDROID_LIFECYCLE state=connections-close-requested accepted=2
1791166367.397 24006 24006 I XrayDeviceGate: XRAY_ANDROID_SAMPLE {"tunBackend":"file-descriptor","probeOnly":true,"runtimeRunning":true,"runtimeGeneration":1,"residentMemoryBytes":159338496,"threadCount":36,"processCpuMillis":20489,"elapsedRealtimeMillis":6830226,"activeConnections":0,"tunInboundPackets":25,"tunOutboundPackets":15,"tunDroppedPackets":0,"udpRemoteOpenEvents":2,"udpRemoteWrittenBytes":134,"udpRemoteReadBytes":83,"fatalTunErrors":0,"unrecoveredTransitions":0}
1791166367.769 24006 27863 I XrayDeviceGate: XRAY_ANDROID_SAMPLE {"tunBackend":"file-descriptor","probeOnly":true,"runtimeRunning":true,"runtimeGeneration":1,"residentMemoryBytes":159588352,"threadCount":36,"processCpuMillis":20536,"elapsedRealtimeMillis":6830599,"activeConnections":0,"tunInboundPackets":25,"tunOutboundPackets":15,"tunDroppedPackets":0,"udpRemoteOpenEvents":2,"udpRemoteWrittenBytes":134,"udpRemoteReadBytes":83,"fatalTunErrors":0,"unrecoveredTransitions":0}
1791166371.981 23960 27953 W XrayDeviceProbe: XRAY_ANDROID_UDP_FAILURE queryTag=7a9c75e5fb159e20 localPort=40389 errorCode=SocketTimeoutException
1791166371.982 23960 27953 I XrayDeviceProbe: XRAY_ANDROID_PROBE kind=udp result=failed errorCode=SocketTimeoutException elapsedSeconds=5
1791166375.107 24006 24006 I XrayDeviceGate: XRAY_ANDROID_LIFECYCLE state=connections-close-requested accepted=0
1791166375.110 24006 24006 I XrayDeviceGate: XRAY_ANDROID_SAMPLE {"tunBackend":"file-descriptor","probeOnly":true,"runtimeRunning":true,"runtimeGeneration":1,"residentMemoryBytes":159543296,"threadCount":36,"processCpuMillis":20660,"elapsedRealtimeMillis":6837940,"activeConnections":0,"tunInboundPackets":26,"tunOutboundPackets":15,"tunDroppedPackets":0,"udpRemoteOpenEvents":2,"udpRemoteWrittenBytes":134,"udpRemoteReadBytes":83,"fatalTunErrors":0,"unrecoveredTransitions":0}
1791166376.775 23960 23960 I XrayDeviceProbe: XRAY_ANDROID_PROBE state=stopped
1791166377.773 24006 27863 I XrayDeviceGate: XRAY_ANDROID_SAMPLE {"tunBackend":"file-descriptor","probeOnly":true,"runtimeRunning":true,"runtimeGeneration":1,"residentMemoryBytes":159395840,"threadCount":36,"processCpuMillis":20722,"elapsedRealtimeMillis":6840602,"activeConnections":0,"tunInboundPackets":26,"tunOutboundPackets":15,"tunDroppedPackets":0,"udpRemoteOpenEvents":2,"udpRemoteWrittenBytes":134,"udpRemoteReadBytes":83,"fatalTunErrors":0,"unrecoveredTransitions":0}
1791166378.041 23960 23960 I XrayDeviceProbe: XRAY_ANDROID_PROBE state=counters-reset
1791166378.233 23960 23960 I XrayDeviceProbe: XRAY_ANDROID_PROBE state=started
1791166378.547 23960 28023 I XrayDeviceProbe: XRAY_ANDROID_PROBE kind=http result=passed sequence=1 elapsedSeconds=0
1791166381.754 23960 28023 I XrayDeviceProbe: XRAY_ANDROID_PROBE kind=udp result=passed sequence=1 elapsedSeconds=3
1791166382.278 23960 23960 I XrayDeviceProbe: XRAY_ANDROID_PROBE state=stopped
1791166383.560 23960 23960 I XrayDeviceProbe: XRAY_ANDROID_PROBE state=stopped
1791166384.752 23960 23960 I XrayDeviceProbe: XRAY_ANDROID_PROBE state=counters-reset
1791166384.938 23960 23960 I XrayDeviceProbe: XRAY_ANDROID_PROBE state=started
1791166385.051 23960 28072 I XrayDeviceProbe: XRAY_ANDROID_PROBE kind=http result=passed sequence=1 elapsedSeconds=0
1791166385.456 24006 24006 I XrayDeviceGate: XRAY_ANDROID_SAMPLE {"tunBackend":"file-descriptor","probeOnly":true,"runtimeRunning":false,"runtimeGeneration":1,"residentMemoryBytes":159805440,"threadCount":30,"processCpuMillis":20804,"elapsedRealtimeMillis":6848286,"activeConnections":0,"tunInboundPackets":26,"tunOutboundPackets":15,"tunDroppedPackets":0,"udpRemoteOpenEvents":2,"udpRemoteWrittenBytes":134,"udpRemoteReadBytes":83,"fatalTunErrors":0,"unrecoveredTransitions":0}
1791166385.457 24006 24006 I XrayDeviceGate: XRAY_ANDROID_LIFECYCLE state=stopped
1791166390.060 23960 28072 W XrayDeviceProbe: XRAY_ANDROID_UDP_FAILURE queryTag=21fdb210a5920915 localPort=49168 errorCode=SocketTimeoutException
1791166390.062 23960 28072 I XrayDeviceProbe: XRAY_ANDROID_PROBE kind=udp result=failed errorCode=SocketTimeoutException elapsedSeconds=5
1791166392.943 23960 23960 I XrayDeviceProbe: XRAY_ANDROID_PROBE state=stopped
1791166394.278 24006 28131 I XrayDeviceGate: XRAY_ANDROID_SAMPLE {"tunBackend":"file-descriptor","probeOnly":true,"runtimeRunning":false,"runtimeGeneration":1,"residentMemoryBytes":160276480,"threadCount":29,"processCpuMillis":21073,"elapsedRealtimeMillis":6857107,"activeConnections":0,"tunInboundPackets":0,"tunOutboundPackets":0,"tunDroppedPackets":0,"udpRemoteOpenEvents":0,"udpRemoteWrittenBytes":0,"udpRemoteReadBytes":0,"fatalTunErrors":0,"unrecoveredTransitions":0}
1791166394.358 24006 28134 I XrayDeviceGate: XRAY_ANDROID_LIFECYCLE state=running generation=2 tunBackend=file-descriptor
1791166394.364 24006 28134 I XrayDeviceGate: XRAY_ANDROID_SAMPLE {"tunBackend":"file-descriptor","probeOnly":true,"runtimeRunning":true,"runtimeGeneration":2,"residentMemoryBytes":157519872,"threadCount":36,"processCpuMillis":21175,"elapsedRealtimeMillis":6857193,"activeConnections":0,"tunInboundPackets":3,"tunOutboundPackets":0,"tunDroppedPackets":0,"udpRemoteOpenEvents":0,"udpRemoteWrittenBytes":0,"udpRemoteReadBytes":0,"fatalTunErrors":0,"unrecoveredTransitions":0}
1791166395.193 23960 23960 I XrayDeviceProbe: XRAY_ANDROID_PROBE state=counters-reset
1791166395.421 23960 23960 I XrayDeviceProbe: XRAY_ANDROID_PROBE state=started
1791166395.536 23960 28164 I XrayDeviceProbe: XRAY_ANDROID_PROBE kind=http result=passed sequence=1 elapsedSeconds=0
1791166398.815 23960 28164 I XrayDeviceProbe: XRAY_ANDROID_PROBE kind=udp result=passed sequence=1 elapsedSeconds=3
1791166399.437 23960 23960 I XrayDeviceProbe: XRAY_ANDROID_PROBE state=stopped
1791166400.820 24006 24006 I XrayDeviceGate: XRAY_ANDROID_LIFECYCLE state=stopped
1791166400.820 24006 24006 I XrayDeviceGate: XRAY_ANDROID_SAMPLE {"tunBackend":"file-descriptor","probeOnly":true,"runtimeRunning":false,"runtimeGeneration":2,"residentMemoryBytes":157822976,"threadCount":30,"processCpuMillis":21308,"elapsedRealtimeMillis":6863649,"activeConnections":0,"tunInboundPackets":3,"tunOutboundPackets":0,"tunDroppedPackets":0,"udpRemoteOpenEvents":0,"udpRemoteWrittenBytes":0,"udpRemoteReadBytes":0,"fatalTunErrors":0,"unrecoveredTransitions":0}
1791166401.113 23960 23960 I XrayDeviceProbe: XRAY_ANDROID_PROBE state=stopped
1791166402.426 24006 24006 I XrayDeviceGate: XRAY_ANDROID_LIFECYCLE state=stopped
1791166402.426 24006 24006 I XrayDeviceGate: XRAY_ANDROID_SAMPLE {"tunBackend":"file-descriptor","probeOnly":false,"runtimeRunning":false,"runtimeGeneration":2,"residentMemoryBytes":158064640,"threadCount":29,"processCpuMillis":21449,"elapsedRealtimeMillis":6865255,"activeConnections":0,"tunInboundPackets":0,"tunOutboundPackets":0,"tunDroppedPackets":0,"udpRemoteOpenEvents":0,"udpRemoteWrittenBytes":0,"udpRemoteReadBytes":0,"fatalTunErrors":0,"unrecoveredTransitions":0}
1791166402.426 24006 28266 I XrayDeviceGate: XRAY_ANDROID_SAMPLE {"tunBackend":"file-descriptor","probeOnly":false,"runtimeRunning":false,"runtimeGeneration":2,"residentMemoryBytes":158064640,"threadCount":29,"processCpuMillis":21449,"elapsedRealtimeMillis":6865255,"activeConnections":0,"tunInboundPackets":0,"tunOutboundPackets":0,"tunDroppedPackets":0,"udpRemoteOpenEvents":0,"udpRemoteWrittenBytes":0,"udpRemoteReadBytes":0,"fatalTunErrors":0,"unrecoveredTransitions":0}
1791166404.291 23960 23960 I XrayDeviceProbe: XRAY_ANDROID_PROBE state=stopped
1791166405.597 24006 24006 I XrayDeviceGate: XRAY_ANDROID_LIFECYCLE state=stopped
1791166405.597 24006 24006 I XrayDeviceGate: XRAY_ANDROID_SAMPLE {"tunBackend":"file-descriptor","probeOnly":false,"runtimeRunning":false,"runtimeGeneration":2,"residentMemoryBytes":157872128,"threadCount":29,"processCpuMillis":21583,"elapsedRealtimeMillis":6868426,"activeConnections":0,"tunInboundPackets":0,"tunOutboundPackets":0,"tunDroppedPackets":0,"udpRemoteOpenEvents":0,"udpRemoteWrittenBytes":0,"udpRemoteReadBytes":0,"fatalTunErrors":0,"unrecoveredTransitions":0}
1791166405.597 24006 28298 I XrayDeviceGate: XRAY_ANDROID_SAMPLE {"tunBackend":"file-descriptor","probeOnly":false,"runtimeRunning":false,"runtimeGeneration":2,"residentMemoryBytes":157872128,"threadCount":29,"processCpuMillis":21583,"elapsedRealtimeMillis":6868426,"activeConnections":0,"tunInboundPackets":0,"tunOutboundPackets":0,"tunDroppedPackets":0,"udpRemoteOpenEvents":0,"udpRemoteWrittenBytes":0,"udpRemoteReadBytes":0,"fatalTunErrors":0,"unrecoveredTransitions":0}
1791166405.944 23960 23960 I XrayDeviceProbe: XRAY_ANDROID_PROBE state=stopped
1791166407.237 24006 24006 I XrayDeviceGate: XRAY_ANDROID_LIFECYCLE state=stopped
1791166407.237 24006 24006 I XrayDeviceGate: XRAY_ANDROID_SAMPLE {"tunBackend":"file-descriptor","probeOnly":false,"runtimeRunning":false,"runtimeGeneration":2,"residentMemoryBytes":158072832,"threadCount":29,"processCpuMillis":21706,"elapsedRealtimeMillis":6870066,"activeConnections":0,"tunInboundPackets":0,"tunOutboundPackets":0,"tunDroppedPackets":0,"udpRemoteOpenEvents":0,"udpRemoteWrittenBytes":0,"udpRemoteReadBytes":0,"fatalTunErrors":0,"unrecoveredTransitions":0}
1791166407.237 24006 28321 I XrayDeviceGate: XRAY_ANDROID_SAMPLE {"tunBackend":"file-descriptor","probeOnly":false,"runtimeRunning":false,"runtimeGeneration":2,"residentMemoryBytes":158072832,"threadCount":29,"processCpuMillis":21706,"elapsedRealtimeMillis":6870066,"activeConnections":0,"tunInboundPackets":0,"tunOutboundPackets":0,"tunDroppedPackets":0,"udpRemoteOpenEvents":0,"udpRemoteWrittenBytes":0,"udpRemoteReadBytes":0,"fatalTunErrors":0,"unrecoveredTransitions":0}
1791166407.447 24006 24006 I XrayDeviceGate: XRAY_ANDROID_LIFECYCLE state=counters-reset
1791166407.449 24006 28334 I XrayDeviceGate: XRAY_ANDROID_SAMPLE {"tunBackend":"file-descriptor","probeOnly":false,"runtimeRunning":false,"runtimeGeneration":0,"residentMemoryBytes":158355456,"threadCount":29,"processCpuMillis":21758,"elapsedRealtimeMillis":6870278,"activeConnections":0,"tunInboundPackets":0,"tunOutboundPackets":0,"tunDroppedPackets":0,"udpRemoteOpenEvents":0,"udpRemoteWrittenBytes":0,"udpRemoteReadBytes":0,"fatalTunErrors":0,"unrecoveredTransitions":0}
1791166408.664 24006 28360 I XrayDeviceGate: XRAY_ANDROID_SAMPLE {"tunBackend":"packet-pump","probeOnly":true,"runtimeRunning":false,"runtimeGeneration":0,"residentMemoryBytes":158375936,"threadCount":29,"processCpuMillis":21831,"elapsedRealtimeMillis":6871493,"activeConnections":0,"tunInboundPackets":0,"tunOutboundPackets":0,"tunDroppedPackets":0,"udpRemoteOpenEvents":0,"udpRemoteWrittenBytes":0,"udpRemoteReadBytes":0,"fatalTunErrors":0,"unrecoveredTransitions":0}
1791166408.717 24006 28363 I XrayDeviceGate: XRAY_ANDROID_LIFECYCLE state=running generation=1 tunBackend=packet-pump
1791166408.721 24006 28363 I XrayDeviceGate: XRAY_ANDROID_SAMPLE {"tunBackend":"packet-pump","probeOnly":true,"runtimeRunning":true,"runtimeGeneration":1,"residentMemoryBytes":159711232,"threadCount":38,"processCpuMillis":21887,"elapsedRealtimeMillis":6871550,"activeConnections":0,"tunInboundPackets":3,"tunOutboundPackets":0,"tunDroppedPackets":0,"udpRemoteOpenEvents":0,"udpRemoteWrittenBytes":0,"udpRemoteReadBytes":0,"fatalTunErrors":0,"unrecoveredTransitions":0}
1791166409.579 23960 23960 I XrayDeviceProbe: XRAY_ANDROID_PROBE state=stopped
1791166410.810 23960 23960 I XrayDeviceProbe: XRAY_ANDROID_PROBE state=counters-reset
1791166411.001 23960 23960 I XrayDeviceProbe: XRAY_ANDROID_PROBE state=started
1791166411.215 23960 28402 I XrayDeviceProbe: XRAY_ANDROID_PROBE kind=http result=passed sequence=1 elapsedSeconds=0
1791166414.479 23960 28402 I XrayDeviceProbe: XRAY_ANDROID_PROBE kind=udp result=passed sequence=1 elapsedSeconds=3
1791166414.885 23960 23960 I XrayDeviceProbe: XRAY_ANDROID_PROBE state=stopped
1791166416.085 23960 23960 I XrayDeviceProbe: XRAY_ANDROID_PROBE state=stopped
1791166417.291 23960 23960 I XrayDeviceProbe: XRAY_ANDROID_PROBE state=counters-reset
1791166417.487 23960 23960 I XrayDeviceProbe: XRAY_ANDROID_PROBE state=started
1791166417.765 23960 28483 I XrayDeviceProbe: XRAY_ANDROID_PROBE kind=http result=passed sequence=1 elapsedSeconds=0
1791166418.127 24006 24006 I XrayDeviceGate: XRAY_ANDROID_LIFECYCLE state=connections-close-requested accepted=2
1791166418.131 24006 24006 I XrayDeviceGate: XRAY_ANDROID_SAMPLE {"tunBackend":"packet-pump","probeOnly":true,"runtimeRunning":true,"runtimeGeneration":1,"residentMemoryBytes":160190464,"threadCount":38,"processCpuMillis":22071,"elapsedRealtimeMillis":6880960,"activeConnections":1,"tunInboundPackets":24,"tunOutboundPackets":15,"tunDroppedPackets":0,"udpRemoteOpenEvents":2,"udpRemoteWrittenBytes":134,"udpRemoteReadBytes":83,"fatalTunErrors":0,"unrecoveredTransitions":0}
1791166418.668 24006 28360 I XrayDeviceGate: XRAY_ANDROID_SAMPLE {"tunBackend":"packet-pump","probeOnly":true,"runtimeRunning":true,"runtimeGeneration":1,"residentMemoryBytes":160174080,"threadCount":38,"processCpuMillis":22125,"elapsedRealtimeMillis":6881497,"activeConnections":0,"tunInboundPackets":24,"tunOutboundPackets":15,"tunDroppedPackets":0,"udpRemoteOpenEvents":2,"udpRemoteWrittenBytes":134,"udpRemoteReadBytes":83,"fatalTunErrors":0,"unrecoveredTransitions":0}
1791166422.776 23960 28483 W XrayDeviceProbe: XRAY_ANDROID_UDP_FAILURE queryTag=326345b1c1296cc5 localPort=60482 errorCode=SocketTimeoutException
1791166422.779 23960 28483 I XrayDeviceProbe: XRAY_ANDROID_PROBE kind=udp result=failed errorCode=SocketTimeoutException elapsedSeconds=5
1791166425.418 24006 24006 I XrayDeviceGate: XRAY_ANDROID_LIFECYCLE state=connections-close-requested accepted=0
1791166425.421 24006 24006 I XrayDeviceGate: XRAY_ANDROID_SAMPLE {"tunBackend":"packet-pump","probeOnly":true,"runtimeRunning":true,"runtimeGeneration":1,"residentMemoryBytes":160657408,"threadCount":38,"processCpuMillis":22306,"elapsedRealtimeMillis":6888251,"activeConnections":0,"tunInboundPackets":25,"tunOutboundPackets":15,"tunDroppedPackets":0,"udpRemoteOpenEvents":2,"udpRemoteWrittenBytes":134,"udpRemoteReadBytes":83,"fatalTunErrors":0,"unrecoveredTransitions":0}
1791166427.180 23960 23960 I XrayDeviceProbe: XRAY_ANDROID_PROBE state=stopped
1791166428.441 23960 23960 I XrayDeviceProbe: XRAY_ANDROID_PROBE state=counters-reset
1791166428.632 23960 23960 I XrayDeviceProbe: XRAY_ANDROID_PROBE state=started
1791166428.672 24006 28360 I XrayDeviceGate: XRAY_ANDROID_SAMPLE {"tunBackend":"packet-pump","probeOnly":true,"runtimeRunning":true,"runtimeGeneration":1,"residentMemoryBytes":160063488,"threadCount":38,"processCpuMillis":22388,"elapsedRealtimeMillis":6891501,"activeConnections":1,"tunInboundPackets":28,"tunOutboundPackets":17,"tunDroppedPackets":0,"udpRemoteOpenEvents":2,"udpRemoteWrittenBytes":134,"udpRemoteReadBytes":83,"fatalTunErrors":0,"unrecoveredTransitions":0}
1791166428.927 23960 28553 I XrayDeviceProbe: XRAY_ANDROID_PROBE kind=http result=passed sequence=1 elapsedSeconds=0
1791166432.296 23960 28553 I XrayDeviceProbe: XRAY_ANDROID_PROBE kind=udp result=passed sequence=1 elapsedSeconds=3
1791166432.581 23960 23960 I XrayDeviceProbe: XRAY_ANDROID_PROBE state=stopped
1791166433.868 23960 23960 I XrayDeviceProbe: XRAY_ANDROID_PROBE state=stopped
1791166435.047 23960 23960 I XrayDeviceProbe: XRAY_ANDROID_PROBE state=counters-reset
1791166435.234 23960 23960 I XrayDeviceProbe: XRAY_ANDROID_PROBE state=started
1791166435.377 23960 28604 I XrayDeviceProbe: XRAY_ANDROID_PROBE kind=http result=passed sequence=1 elapsedSeconds=0
1791166435.894 24006 24006 I XrayDeviceGate: XRAY_ANDROID_LIFECYCLE state=stopped
1791166435.894 24006 24006 I XrayDeviceGate: XRAY_ANDROID_SAMPLE {"tunBackend":"packet-pump","probeOnly":true,"runtimeRunning":false,"runtimeGeneration":1,"residentMemoryBytes":160600064,"threadCount":30,"processCpuMillis":22499,"elapsedRealtimeMillis":6898723,"activeConnections":0,"tunInboundPackets":28,"tunOutboundPackets":17,"tunDroppedPackets":0,"udpRemoteOpenEvents":2,"udpRemoteWrittenBytes":134,"udpRemoteReadBytes":83,"fatalTunErrors":0,"unrecoveredTransitions":0}
1791166440.387 23960 28604 W XrayDeviceProbe: XRAY_ANDROID_UDP_FAILURE queryTag=c782ef0f1c1b4852 localPort=38461 errorCode=SocketTimeoutException
1791166440.390 23960 28604 I XrayDeviceProbe: XRAY_ANDROID_PROBE kind=udp result=failed errorCode=SocketTimeoutException elapsedSeconds=5
1791166443.559 23960 23960 I XrayDeviceProbe: XRAY_ANDROID_PROBE state=stopped
1791166444.917 24006 28662 I XrayDeviceGate: XRAY_ANDROID_SAMPLE {"tunBackend":"packet-pump","probeOnly":true,"runtimeRunning":false,"runtimeGeneration":1,"residentMemoryBytes":161210368,"threadCount":29,"processCpuMillis":22765,"elapsedRealtimeMillis":6907746,"activeConnections":0,"tunInboundPackets":0,"tunOutboundPackets":0,"tunDroppedPackets":0,"udpRemoteOpenEvents":0,"udpRemoteWrittenBytes":0,"udpRemoteReadBytes":0,"fatalTunErrors":0,"unrecoveredTransitions":0}
1791166444.991 24006 28664 I XrayDeviceGate: XRAY_ANDROID_LIFECYCLE state=running generation=2 tunBackend=packet-pump
1791166445.000 24006 28664 I XrayDeviceGate: XRAY_ANDROID_SAMPLE {"tunBackend":"packet-pump","probeOnly":true,"runtimeRunning":true,"runtimeGeneration":2,"residentMemoryBytes":159272960,"threadCount":38,"processCpuMillis":22872,"elapsedRealtimeMillis":6907829,"activeConnections":0,"tunInboundPackets":3,"tunOutboundPackets":0,"tunDroppedPackets":0,"udpRemoteOpenEvents":0,"udpRemoteWrittenBytes":0,"udpRemoteReadBytes":0,"fatalTunErrors":0,"unrecoveredTransitions":0}
1791166445.834 23960 23960 I XrayDeviceProbe: XRAY_ANDROID_PROBE state=counters-reset
1791166446.065 23960 23960 I XrayDeviceProbe: XRAY_ANDROID_PROBE state=started
1791166447.098 23960 28697 I XrayDeviceProbe: XRAY_ANDROID_PROBE kind=http result=passed sequence=1 elapsedSeconds=1
1791166451.403 23960 28697 I XrayDeviceProbe: XRAY_ANDROID_PROBE kind=udp result=passed sequence=1 elapsedSeconds=5
1791166452.132 23960 23960 I XrayDeviceProbe: XRAY_ANDROID_PROBE state=stopped
1791166453.673 24006 24006 I XrayDeviceGate: XRAY_ANDROID_LIFECYCLE state=stopped
1791166453.673 24006 24006 I XrayDeviceGate: XRAY_ANDROID_SAMPLE {"tunBackend":"packet-pump","probeOnly":true,"runtimeRunning":false,"runtimeGeneration":2,"residentMemoryBytes":159318016,"threadCount":30,"processCpuMillis":23057,"elapsedRealtimeMillis":6916502,"activeConnections":0,"tunInboundPackets":3,"tunOutboundPackets":0,"tunDroppedPackets":0,"udpRemoteOpenEvents":0,"udpRemoteWrittenBytes":0,"udpRemoteReadBytes":0,"fatalTunErrors":0,"unrecoveredTransitions":0}
1791166454.420 23960 23960 I XrayDeviceProbe: XRAY_ANDROID_PROBE state=stopped
1791166455.725 24006 24006 I XrayDeviceGate: XRAY_ANDROID_LIFECYCLE state=stopped
1791166455.725 24006 24006 I XrayDeviceGate: XRAY_ANDROID_SAMPLE {"tunBackend":"file-descriptor","probeOnly":false,"runtimeRunning":false,"runtimeGeneration":2,"residentMemoryBytes":159559680,"threadCount":29,"processCpuMillis":23181,"elapsedRealtimeMillis":6918555,"activeConnections":0,"tunInboundPackets":0,"tunOutboundPackets":0,"tunDroppedPackets":0,"udpRemoteOpenEvents":0,"udpRemoteWrittenBytes":0,"udpRemoteReadBytes":0,"fatalTunErrors":0,"unrecoveredTransitions":0}
1791166455.725 24006 28769 I XrayDeviceGate: XRAY_ANDROID_SAMPLE {"tunBackend":"file-descriptor","probeOnly":false,"runtimeRunning":false,"runtimeGeneration":2,"residentMemoryBytes":159559680,"threadCount":29,"processCpuMillis":23181,"elapsedRealtimeMillis":6918555,"activeConnections":0,"tunInboundPackets":0,"tunOutboundPackets":0,"tunDroppedPackets":0,"udpRemoteOpenEvents":0,"udpRemoteWrittenBytes":0,"udpRemoteReadBytes":0,"fatalTunErrors":0,"unrecoveredTransitions":0}
1791166457.649 23960 23960 I XrayDeviceProbe: XRAY_ANDROID_PROBE state=stopped
1791166458.963 24006 28796 I XrayDeviceGate: XRAY_ANDROID_SAMPLE {"tunBackend":"file-descriptor","probeOnly":false,"runtimeRunning":false,"runtimeGeneration":2,"residentMemoryBytes":159055872,"threadCount":29,"processCpuMillis":23311,"elapsedRealtimeMillis":6921792,"activeConnections":0,"tunInboundPackets":0,"tunOutboundPackets":0,"tunDroppedPackets":0,"udpRemoteOpenEvents":0,"udpRemoteWrittenBytes":0,"udpRemoteReadBytes":0,"fatalTunErrors":0,"unrecoveredTransitions":0}
1791166458.965 24006 24006 I XrayDeviceGate: XRAY_ANDROID_LIFECYCLE state=stopped
1791166458.965 24006 24006 I XrayDeviceGate: XRAY_ANDROID_SAMPLE {"tunBackend":"file-descriptor","probeOnly":false,"runtimeRunning":false,"runtimeGeneration":2,"residentMemoryBytes":159055872,"threadCount":29,"processCpuMillis":23315,"elapsedRealtimeMillis":6921795,"activeConnections":0,"tunInboundPackets":0,"tunOutboundPackets":0,"tunDroppedPackets":0,"udpRemoteOpenEvents":0,"udpRemoteWrittenBytes":0,"udpRemoteReadBytes":0,"fatalTunErrors":0,"unrecoveredTransitions":0}
1791166459.198 24006 24006 I XrayDeviceGate: XRAY_ANDROID_LIFECYCLE state=counters-reset
1791166459.198 24006 28806 I XrayDeviceGate: XRAY_ANDROID_SAMPLE {"tunBackend":"file-descriptor","probeOnly":false,"runtimeRunning":false,"runtimeGeneration":2,"residentMemoryBytes":159342592,"threadCount":29,"processCpuMillis":23362,"elapsedRealtimeMillis":6922028,"activeConnections":0,"tunInboundPackets":0,"tunOutboundPackets":0,"tunDroppedPackets":0,"udpRemoteOpenEvents":0,"udpRemoteWrittenBytes":0,"udpRemoteReadBytes":0,"fatalTunErrors":0,"unrecoveredTransitions":0}
1791166460.446 24006 28830 I XrayDeviceGate: XRAY_ANDROID_SAMPLE {"tunBackend":"file-descriptor","probeOnly":true,"runtimeRunning":false,"runtimeGeneration":0,"residentMemoryBytes":159567872,"threadCount":29,"processCpuMillis":23425,"elapsedRealtimeMillis":6923276,"activeConnections":0,"tunInboundPackets":0,"tunOutboundPackets":0,"tunDroppedPackets":0,"udpRemoteOpenEvents":0,"udpRemoteWrittenBytes":0,"udpRemoteReadBytes":0,"fatalTunErrors":0,"unrecoveredTransitions":0}
1791166460.498 24006 28832 I XrayDeviceGate: XRAY_ANDROID_LIFECYCLE state=running generation=1 tunBackend=file-descriptor
1791166460.502 24006 28832 I XrayDeviceGate: XRAY_ANDROID_SAMPLE {"tunBackend":"file-descriptor","probeOnly":true,"runtimeRunning":true,"runtimeGeneration":1,"residentMemoryBytes":160903168,"threadCount":36,"processCpuMillis":23469,"elapsedRealtimeMillis":6923331,"activeConnections":0,"tunInboundPackets":3,"tunOutboundPackets":0,"tunDroppedPackets":0,"udpRemoteOpenEvents":0,"udpRemoteWrittenBytes":0,"udpRemoteReadBytes":0,"fatalTunErrors":0,"unrecoveredTransitions":0}
1791166461.303 23960 23960 I XrayDeviceProbe: XRAY_ANDROID_PROBE state=stopped
1791166462.519 23960 23960 I XrayDeviceProbe: XRAY_ANDROID_PROBE state=counters-reset
1791166462.699 23960 23960 I XrayDeviceProbe: XRAY_ANDROID_PROBE state=started
1791166462.804 23960 28868 I XrayDeviceProbe: XRAY_ANDROID_PROBE kind=http result=passed sequence=1 elapsedSeconds=0
1791166465.988 23960 28868 I XrayDeviceProbe: XRAY_ANDROID_PROBE kind=udp result=passed sequence=1 elapsedSeconds=3
1791166466.308 23960 23960 I XrayDeviceProbe: XRAY_ANDROID_PROBE state=stopped
1791166467.508 23960 23960 I XrayDeviceProbe: XRAY_ANDROID_PROBE state=stopped
1791166468.710 23960 23960 I XrayDeviceProbe: XRAY_ANDROID_PROBE state=counters-reset
1791166468.910 23960 23960 I XrayDeviceProbe: XRAY_ANDROID_PROBE state=started
1791166469.081 23960 28914 I XrayDeviceProbe: XRAY_ANDROID_PROBE kind=http result=passed sequence=1 elapsedSeconds=0
1791166469.300 24006 24006 I XrayDeviceGate: XRAY_ANDROID_LIFECYCLE state=connections-close-requested accepted=3
1791166469.305 24006 24006 I XrayDeviceGate: XRAY_ANDROID_SAMPLE {"tunBackend":"file-descriptor","probeOnly":true,"runtimeRunning":true,"runtimeGeneration":1,"residentMemoryBytes":161501184,"threadCount":36,"processCpuMillis":23620,"elapsedRealtimeMillis":6932134,"activeConnections":2,"tunInboundPackets":23,"tunOutboundPackets":14,"tunDroppedPackets":0,"udpRemoteOpenEvents":2,"udpRemoteWrittenBytes":134,"udpRemoteReadBytes":83,"fatalTunErrors":0,"unrecoveredTransitions":0}
1791166470.450 24006 28830 I XrayDeviceGate: XRAY_ANDROID_SAMPLE {"tunBackend":"file-descriptor","probeOnly":true,"runtimeRunning":true,"runtimeGeneration":1,"residentMemoryBytes":161742848,"threadCount":36,"processCpuMillis":23677,"elapsedRealtimeMillis":6933279,"activeConnections":0,"tunInboundPackets":23,"tunOutboundPackets":15,"tunDroppedPackets":0,"udpRemoteOpenEvents":2,"udpRemoteWrittenBytes":134,"udpRemoteReadBytes":83,"fatalTunErrors":0,"unrecoveredTransitions":0}
1791166474.093 23960 28914 W XrayDeviceProbe: XRAY_ANDROID_UDP_FAILURE queryTag=41c1bf491462c9ea localPort=55947 errorCode=SocketTimeoutException
1791166474.096 23960 28914 I XrayDeviceProbe: XRAY_ANDROID_PROBE kind=udp result=failed errorCode=SocketTimeoutException elapsedSeconds=5
1791166476.768 24006 24006 I XrayDeviceGate: XRAY_ANDROID_LIFECYCLE state=connections-close-requested accepted=0
1791166476.771 24006 24006 I XrayDeviceGate: XRAY_ANDROID_SAMPLE {"tunBackend":"file-descriptor","probeOnly":true,"runtimeRunning":true,"runtimeGeneration":1,"residentMemoryBytes":161923072,"threadCount":36,"processCpuMillis":23809,"elapsedRealtimeMillis":6939601,"activeConnections":0,"tunInboundPackets":24,"tunOutboundPackets":15,"tunDroppedPackets":0,"udpRemoteOpenEvents":2,"udpRemoteWrittenBytes":134,"udpRemoteReadBytes":83,"fatalTunErrors":0,"unrecoveredTransitions":0}
1791166478.565 23960 23960 I XrayDeviceProbe: XRAY_ANDROID_PROBE state=stopped
1791166479.828 23960 23960 I XrayDeviceProbe: XRAY_ANDROID_PROBE state=counters-reset
1791166480.023 23960 23960 I XrayDeviceProbe: XRAY_ANDROID_PROBE state=started
1791166480.112 23960 28984 I XrayDeviceProbe: XRAY_ANDROID_PROBE kind=http result=passed sequence=1 elapsedSeconds=0
1791166480.455 24006 28830 I XrayDeviceGate: XRAY_ANDROID_SAMPLE {"tunBackend":"file-descriptor","probeOnly":true,"runtimeRunning":true,"runtimeGeneration":1,"residentMemoryBytes":161329152,"threadCount":36,"processCpuMillis":23896,"elapsedRealtimeMillis":6943285,"activeConnections":2,"tunInboundPackets":30,"tunOutboundPackets":19,"tunDroppedPackets":0,"udpRemoteOpenEvents":3,"udpRemoteWrittenBytes":201,"udpRemoteReadBytes":83,"fatalTunErrors":0,"unrecoveredTransitions":0}
1791166483.295 23960 28984 I XrayDeviceProbe: XRAY_ANDROID_PROBE kind=udp result=passed sequence=1 elapsedSeconds=3
1791166484.034 23960 23960 I XrayDeviceProbe: XRAY_ANDROID_PROBE state=stopped
1791166485.332 23960 23960 I XrayDeviceProbe: XRAY_ANDROID_PROBE state=stopped
1791166486.528 23960 23960 I XrayDeviceProbe: XRAY_ANDROID_PROBE state=counters-reset
1791166486.716 23960 23960 I XrayDeviceProbe: XRAY_ANDROID_PROBE state=started
1791166487.029 23960 29033 I XrayDeviceProbe: XRAY_ANDROID_PROBE kind=http result=passed sequence=1 elapsedSeconds=0
1791166487.278 24006 24006 I XrayDeviceGate: XRAY_ANDROID_LIFECYCLE state=stopped
1791166487.278 24006 24006 I XrayDeviceGate: XRAY_ANDROID_SAMPLE {"tunBackend":"file-descriptor","probeOnly":true,"runtimeRunning":false,"runtimeGeneration":1,"residentMemoryBytes":162189312,"threadCount":30,"processCpuMillis":23960,"elapsedRealtimeMillis":6950107,"activeConnections":0,"tunInboundPackets":30,"tunOutboundPackets":19,"tunDroppedPackets":0,"udpRemoteOpenEvents":3,"udpRemoteWrittenBytes":201,"udpRemoteReadBytes":83,"fatalTunErrors":0,"unrecoveredTransitions":0}
1791166492.039 23960 29033 W XrayDeviceProbe: XRAY_ANDROID_UDP_FAILURE queryTag=adfdf0124b71c45c localPort=38288 errorCode=SocketTimeoutException
1791166492.042 23960 29033 I XrayDeviceProbe: XRAY_ANDROID_PROBE kind=udp result=failed errorCode=SocketTimeoutException elapsedSeconds=5
1791166494.822 23960 23960 I XrayDeviceProbe: XRAY_ANDROID_PROBE state=stopped
1791166496.156 24006 29091 I XrayDeviceGate: XRAY_ANDROID_SAMPLE {"tunBackend":"file-descriptor","probeOnly":false,"runtimeRunning":false,"runtimeGeneration":1,"residentMemoryBytes":162791424,"threadCount":29,"processCpuMillis":24253,"elapsedRealtimeMillis":6958985,"activeConnections":0,"tunInboundPackets":0,"tunOutboundPackets":0,"tunDroppedPackets":0,"udpRemoteOpenEvents":0,"udpRemoteWrittenBytes":0,"udpRemoteReadBytes":0,"fatalTunErrors":0,"unrecoveredTransitions":0}
1791166496.230 24006 29095 I XrayDeviceGate: XRAY_ANDROID_LIFECYCLE state=running generation=2 tunBackend=file-descriptor
1791166496.238 24006 29095 I XrayDeviceGate: XRAY_ANDROID_SAMPLE {"tunBackend":"file-descriptor","probeOnly":true,"runtimeRunning":true,"runtimeGeneration":2,"residentMemoryBytes":158085120,"threadCount":36,"processCpuMillis":24350,"elapsedRealtimeMillis":6959067,"activeConnections":0,"tunInboundPackets":3,"tunOutboundPackets":0,"tunDroppedPackets":0,"udpRemoteOpenEvents":0,"udpRemoteWrittenBytes":0,"udpRemoteReadBytes":0,"fatalTunErrors":0,"unrecoveredTransitions":0}
1791166497.034 23960 23960 I XrayDeviceProbe: XRAY_ANDROID_PROBE state=counters-reset
1791166497.312 23960 23960 I XrayDeviceProbe: XRAY_ANDROID_PROBE state=started
1791166497.477 23960 29124 I XrayDeviceProbe: XRAY_ANDROID_PROBE kind=http result=passed sequence=1 elapsedSeconds=0
1791166500.604 23960 29124 I XrayDeviceProbe: XRAY_ANDROID_PROBE kind=udp result=passed sequence=1 elapsedSeconds=3
1791166501.363 23960 23960 I XrayDeviceProbe: XRAY_ANDROID_PROBE state=stopped
1791166502.740 24006 24006 I XrayDeviceGate: XRAY_ANDROID_LIFECYCLE state=stopped
1791166502.740 24006 24006 I XrayDeviceGate: XRAY_ANDROID_SAMPLE {"tunBackend":"file-descriptor","probeOnly":true,"runtimeRunning":false,"runtimeGeneration":2,"residentMemoryBytes":158187520,"threadCount":30,"processCpuMillis":24500,"elapsedRealtimeMillis":6965570,"activeConnections":0,"tunInboundPackets":3,"tunOutboundPackets":0,"tunDroppedPackets":0,"udpRemoteOpenEvents":0,"udpRemoteWrittenBytes":0,"udpRemoteReadBytes":0,"fatalTunErrors":0,"unrecoveredTransitions":0}
1791166503.015 23960 23960 I XrayDeviceProbe: XRAY_ANDROID_PROBE state=stopped
1791166504.321 24006 24006 I XrayDeviceGate: XRAY_ANDROID_LIFECYCLE state=stopped
1791166504.321 24006 24006 I XrayDeviceGate: XRAY_ANDROID_SAMPLE {"tunBackend":"file-descriptor","probeOnly":false,"runtimeRunning":false,"runtimeGeneration":2,"residentMemoryBytes":157724672,"threadCount":29,"processCpuMillis":24629,"elapsedRealtimeMillis":6967150,"activeConnections":0,"tunInboundPackets":0,"tunOutboundPackets":0,"tunDroppedPackets":0,"udpRemoteOpenEvents":0,"udpRemoteWrittenBytes":0,"udpRemoteReadBytes":0,"fatalTunErrors":0,"unrecoveredTransitions":0}
1791166504.321 24006 29182 I XrayDeviceGate: XRAY_ANDROID_SAMPLE {"tunBackend":"file-descriptor","probeOnly":false,"runtimeRunning":false,"runtimeGeneration":2,"residentMemoryBytes":157724672,"threadCount":29,"processCpuMillis":24629,"elapsedRealtimeMillis":6967150,"activeConnections":0,"tunInboundPackets":0,"tunOutboundPackets":0,"tunDroppedPackets":0,"udpRemoteOpenEvents":0,"udpRemoteWrittenBytes":0,"udpRemoteReadBytes":0,"fatalTunErrors":0,"unrecoveredTransitions":0}
1791166506.216 23960 23960 I XrayDeviceProbe: XRAY_ANDROID_PROBE state=stopped
1791166507.523 24006 29210 I XrayDeviceGate: XRAY_ANDROID_SAMPLE {"tunBackend":"file-descriptor","probeOnly":false,"runtimeRunning":false,"runtimeGeneration":2,"residentMemoryBytes":158003200,"threadCount":29,"processCpuMillis":24762,"elapsedRealtimeMillis":6970352,"activeConnections":0,"tunInboundPackets":0,"tunOutboundPackets":0,"tunDroppedPackets":0,"udpRemoteOpenEvents":0,"udpRemoteWrittenBytes":0,"udpRemoteReadBytes":0,"fatalTunErrors":0,"unrecoveredTransitions":0}
1791166507.526 24006 24006 I XrayDeviceGate: XRAY_ANDROID_LIFECYCLE state=stopped
1791166507.526 24006 24006 I XrayDeviceGate: XRAY_ANDROID_SAMPLE {"tunBackend":"file-descriptor","probeOnly":false,"runtimeRunning":false,"runtimeGeneration":2,"residentMemoryBytes":158003200,"threadCount":29,"processCpuMillis":24766,"elapsedRealtimeMillis":6970355,"activeConnections":0,"tunInboundPackets":0,"tunOutboundPackets":0,"tunDroppedPackets":0,"udpRemoteOpenEvents":0,"udpRemoteWrittenBytes":0,"udpRemoteReadBytes":0,"fatalTunErrors":0,"unrecoveredTransitions":0}
1791166507.731 24006 24006 I XrayDeviceGate: XRAY_ANDROID_LIFECYCLE state=counters-reset
1791166507.732 24006 29221 I XrayDeviceGate: XRAY_ANDROID_SAMPLE {"tunBackend":"file-descriptor","probeOnly":false,"runtimeRunning":false,"runtimeGeneration":2,"residentMemoryBytes":158498816,"threadCount":29,"processCpuMillis":24814,"elapsedRealtimeMillis":6970561,"activeConnections":0,"tunInboundPackets":0,"tunOutboundPackets":0,"tunDroppedPackets":0,"udpRemoteOpenEvents":0,"udpRemoteWrittenBytes":0,"udpRemoteReadBytes":0,"fatalTunErrors":0,"unrecoveredTransitions":0}
1791166508.939 24006 29245 I XrayDeviceGate: XRAY_ANDROID_SAMPLE {"tunBackend":"packet-pump","probeOnly":true,"runtimeRunning":false,"runtimeGeneration":0,"residentMemoryBytes":158535680,"threadCount":29,"processCpuMillis":24878,"elapsedRealtimeMillis":6971769,"activeConnections":0,"tunInboundPackets":0,"tunOutboundPackets":0,"tunDroppedPackets":0,"udpRemoteOpenEvents":0,"udpRemoteWrittenBytes":0,"udpRemoteReadBytes":0,"fatalTunErrors":0,"unrecoveredTransitions":0}
1791166508.991 24006 29247 I XrayDeviceGate: XRAY_ANDROID_LIFECYCLE state=running generation=1 tunBackend=packet-pump
1791166508.995 24006 29247 I XrayDeviceGate: XRAY_ANDROID_SAMPLE {"tunBackend":"packet-pump","probeOnly":true,"runtimeRunning":true,"runtimeGeneration":1,"residentMemoryBytes":159891456,"threadCount":38,"processCpuMillis":24923,"elapsedRealtimeMillis":6971824,"activeConnections":0,"tunInboundPackets":3,"tunOutboundPackets":0,"tunDroppedPackets":0,"udpRemoteOpenEvents":0,"udpRemoteWrittenBytes":0,"udpRemoteReadBytes":0,"fatalTunErrors":0,"unrecoveredTransitions":0}
1791166509.827 23960 23960 I XrayDeviceProbe: XRAY_ANDROID_PROBE state=stopped
1791166511.076 23960 23960 I XrayDeviceProbe: XRAY_ANDROID_PROBE state=counters-reset
1791166511.275 23960 23960 I XrayDeviceProbe: XRAY_ANDROID_PROBE state=started
1791166511.341 23960 29308 I XrayDeviceProbe: XRAY_ANDROID_PROBE kind=http result=passed sequence=1 elapsedSeconds=0
1791166514.397 23960 29308 I XrayDeviceProbe: XRAY_ANDROID_PROBE kind=udp result=passed sequence=1 elapsedSeconds=3
1791166514.774 23960 23960 I XrayDeviceProbe: XRAY_ANDROID_PROBE state=stopped
1791166515.975 23960 23960 I XrayDeviceProbe: XRAY_ANDROID_PROBE state=stopped
1791166517.166 23960 23960 I XrayDeviceProbe: XRAY_ANDROID_PROBE state=counters-reset
1791166517.351 23960 23960 I XrayDeviceProbe: XRAY_ANDROID_PROBE state=started
1791166517.435 23960 29358 I XrayDeviceProbe: XRAY_ANDROID_PROBE kind=http result=passed sequence=1 elapsedSeconds=0
1791166517.628 24006 24006 I XrayDeviceGate: XRAY_ANDROID_LIFECYCLE state=connections-close-requested accepted=3
1791166517.635 24006 24006 I XrayDeviceGate: XRAY_ANDROID_SAMPLE {"tunBackend":"packet-pump","probeOnly":true,"runtimeRunning":true,"runtimeGeneration":1,"residentMemoryBytes":160505856,"threadCount":38,"processCpuMillis":25120,"elapsedRealtimeMillis":6980465,"activeConnections":3,"tunInboundPackets":23,"tunOutboundPackets":14,"tunDroppedPackets":0,"udpRemoteOpenEvents":2,"udpRemoteWrittenBytes":134,"udpRemoteReadBytes":83,"fatalTunErrors":0,"unrecoveredTransitions":0}
1791166518.943 24006 29245 I XrayDeviceGate: XRAY_ANDROID_SAMPLE {"tunBackend":"packet-pump","probeOnly":true,"runtimeRunning":true,"runtimeGeneration":1,"residentMemoryBytes":160813056,"threadCount":38,"processCpuMillis":25185,"elapsedRealtimeMillis":6981772,"activeConnections":0,"tunInboundPackets":23,"tunOutboundPackets":15,"tunDroppedPackets":0,"udpRemoteOpenEvents":2,"udpRemoteWrittenBytes":134,"udpRemoteReadBytes":83,"fatalTunErrors":0,"unrecoveredTransitions":0}
1791166522.445 23960 29358 W XrayDeviceProbe: XRAY_ANDROID_UDP_FAILURE queryTag=52106aa1dbbcc550 localPort=56853 errorCode=SocketTimeoutException
1791166522.447 23960 29358 I XrayDeviceProbe: XRAY_ANDROID_PROBE kind=udp result=failed errorCode=SocketTimeoutException elapsedSeconds=5
1791166525.096 24006 24006 I XrayDeviceGate: XRAY_ANDROID_LIFECYCLE state=connections-close-requested accepted=0
1791166525.099 24006 24006 I XrayDeviceGate: XRAY_ANDROID_SAMPLE {"tunBackend":"packet-pump","probeOnly":true,"runtimeRunning":true,"runtimeGeneration":1,"residentMemoryBytes":161050624,"threadCount":38,"processCpuMillis":25351,"elapsedRealtimeMillis":6987929,"activeConnections":0,"tunInboundPackets":24,"tunOutboundPackets":15,"tunDroppedPackets":0,"udpRemoteOpenEvents":2,"udpRemoteWrittenBytes":134,"udpRemoteReadBytes":83,"fatalTunErrors":0,"unrecoveredTransitions":0}
1791166526.847 23960 23960 I XrayDeviceProbe: XRAY_ANDROID_PROBE state=stopped
1791166528.121 23960 23960 I XrayDeviceProbe: XRAY_ANDROID_PROBE state=counters-reset
1791166528.315 23960 23960 I XrayDeviceProbe: XRAY_ANDROID_PROBE state=started
1791166528.466 23960 29427 I XrayDeviceProbe: XRAY_ANDROID_PROBE kind=http result=passed sequence=1 elapsedSeconds=0
1791166528.947 24006 29245 I XrayDeviceGate: XRAY_ANDROID_SAMPLE {"tunBackend":"packet-pump","probeOnly":true,"runtimeRunning":true,"runtimeGeneration":1,"residentMemoryBytes":160419840,"threadCount":38,"processCpuMillis":25451,"elapsedRealtimeMillis":6991776,"activeConnections":2,"tunInboundPackets":30,"tunOutboundPackets":19,"tunDroppedPackets":0,"udpRemoteOpenEvents":3,"udpRemoteWrittenBytes":201,"udpRemoteReadBytes":83,"fatalTunErrors":0,"unrecoveredTransitions":0}
1791166531.504 23960 29427 I XrayDeviceProbe: XRAY_ANDROID_PROBE kind=udp result=passed sequence=1 elapsedSeconds=3
1791166532.305 23960 23960 I XrayDeviceProbe: XRAY_ANDROID_PROBE state=stopped
1791166533.602 23960 23960 I XrayDeviceProbe: XRAY_ANDROID_PROBE state=stopped
1791166534.794 23960 23960 I XrayDeviceProbe: XRAY_ANDROID_PROBE state=counters-reset
1791166534.976 23960 23960 I XrayDeviceProbe: XRAY_ANDROID_PROBE state=started
1791166535.138 23960 29476 I XrayDeviceProbe: XRAY_ANDROID_PROBE kind=http result=passed sequence=1 elapsedSeconds=0
1791166535.397 24006 24006 I XrayDeviceGate: XRAY_ANDROID_LIFECYCLE state=stopped
1791166535.397 24006 24006 I XrayDeviceGate: XRAY_ANDROID_SAMPLE {"tunBackend":"packet-pump","probeOnly":true,"runtimeRunning":false,"runtimeGeneration":1,"residentMemoryBytes":161071104,"threadCount":30,"processCpuMillis":25541,"elapsedRealtimeMillis":6998227,"activeConnections":0,"tunInboundPackets":30,"tunOutboundPackets":19,"tunDroppedPackets":0,"udpRemoteOpenEvents":3,"udpRemoteWrittenBytes":201,"udpRemoteReadBytes":83,"fatalTunErrors":0,"unrecoveredTransitions":0}
1791166540.149 23960 29476 W XrayDeviceProbe: XRAY_ANDROID_UDP_FAILURE queryTag=acf1044384e6d735 localPort=34200 errorCode=SocketTimeoutException
1791166540.151 23960 29476 I XrayDeviceProbe: XRAY_ANDROID_PROBE kind=udp result=failed errorCode=SocketTimeoutException elapsedSeconds=5
1791166543.550 23960 23960 I XrayDeviceProbe: XRAY_ANDROID_PROBE state=stopped
1791166544.885 24006 29533 I XrayDeviceGate: XRAY_ANDROID_SAMPLE {"tunBackend":"file-descriptor","probeOnly":false,"runtimeRunning":false,"runtimeGeneration":1,"residentMemoryBytes":157208576,"threadCount":29,"processCpuMillis":25860,"elapsedRealtimeMillis":7007714,"activeConnections":0,"tunInboundPackets":0,"tunOutboundPackets":0,"tunDroppedPackets":0,"udpRemoteOpenEvents":0,"udpRemoteWrittenBytes":0,"udpRemoteReadBytes":0,"fatalTunErrors":0,"unrecoveredTransitions":0}
1791166544.955 24006 29535 I XrayDeviceGate: XRAY_ANDROID_LIFECYCLE state=running generation=2 tunBackend=packet-pump
1791166544.960 24006 29535 I XrayDeviceGate: XRAY_ANDROID_SAMPLE {"tunBackend":"packet-pump","probeOnly":true,"runtimeRunning":true,"runtimeGeneration":2,"residentMemoryBytes":158531584,"threadCount":38,"processCpuMillis":25926,"elapsedRealtimeMillis":7007789,"activeConnections":0,"tunInboundPackets":3,"tunOutboundPackets":0,"tunDroppedPackets":0,"udpRemoteOpenEvents":0,"udpRemoteWrittenBytes":0,"udpRemoteReadBytes":0,"fatalTunErrors":0,"unrecoveredTransitions":0}
1791166545.776 23960 23960 I XrayDeviceProbe: XRAY_ANDROID_PROBE state=counters-reset
1791166546.046 23960 23960 I XrayDeviceProbe: XRAY_ANDROID_PROBE state=started
1791166546.156 23960 29568 I XrayDeviceProbe: XRAY_ANDROID_PROBE kind=http result=passed sequence=1 elapsedSeconds=0
1791166549.346 23960 29568 I XrayDeviceProbe: XRAY_ANDROID_PROBE kind=udp result=passed sequence=1 elapsedSeconds=3
1791166550.110 23960 23960 I XrayDeviceProbe: XRAY_ANDROID_PROBE state=stopped
1791166551.616 24006 24006 I XrayDeviceGate: XRAY_ANDROID_LIFECYCLE state=stopped
1791166551.616 24006 24006 I XrayDeviceGate: XRAY_ANDROID_SAMPLE {"tunBackend":"packet-pump","probeOnly":true,"runtimeRunning":false,"runtimeGeneration":2,"residentMemoryBytes":158916608,"threadCount":30,"processCpuMillis":26106,"elapsedRealtimeMillis":7014445,"activeConnections":0,"tunInboundPackets":3,"tunOutboundPackets":0,"tunDroppedPackets":0,"udpRemoteOpenEvents":0,"udpRemoteWrittenBytes":0,"udpRemoteReadBytes":0,"fatalTunErrors":0,"unrecoveredTransitions":0}
1791166552.416 23960 23960 I XrayDeviceProbe: XRAY_ANDROID_PROBE state=stopped
1791166553.735 24006 24006 I XrayDeviceGate: XRAY_ANDROID_LIFECYCLE state=stopped
1791166553.735 24006 24006 I XrayDeviceGate: XRAY_ANDROID_SAMPLE {"tunBackend":"file-descriptor","probeOnly":false,"runtimeRunning":false,"runtimeGeneration":2,"residentMemoryBytes":159223808,"threadCount":29,"processCpuMillis":26230,"elapsedRealtimeMillis":7016565,"activeConnections":0,"tunInboundPackets":0,"tunOutboundPackets":0,"tunDroppedPackets":0,"udpRemoteOpenEvents":0,"udpRemoteWrittenBytes":0,"udpRemoteReadBytes":0,"fatalTunErrors":0,"unrecoveredTransitions":0}
1791166553.735 24006 29629 I XrayDeviceGate: XRAY_ANDROID_SAMPLE {"tunBackend":"file-descriptor","probeOnly":false,"runtimeRunning":false,"runtimeGeneration":2,"residentMemoryBytes":159223808,"threadCount":29,"processCpuMillis":26229,"elapsedRealtimeMillis":7016564,"activeConnections":0,"tunInboundPackets":0,"tunOutboundPackets":0,"tunDroppedPackets":0,"udpRemoteOpenEvents":0,"udpRemoteWrittenBytes":0,"udpRemoteReadBytes":0,"fatalTunErrors":0,"unrecoveredTransitions":0}
1791166555.667 23960 23960 I XrayDeviceProbe: XRAY_ANDROID_PROBE state=stopped
1791166556.982 24006 24006 I XrayDeviceGate: XRAY_ANDROID_LIFECYCLE state=stopped
1791166556.982 24006 24006 I XrayDeviceGate: XRAY_ANDROID_SAMPLE {"tunBackend":"file-descriptor","probeOnly":false,"runtimeRunning":false,"runtimeGeneration":2,"residentMemoryBytes":159469568,"threadCount":29,"processCpuMillis":26360,"elapsedRealtimeMillis":7019811,"activeConnections":0,"tunInboundPackets":0,"tunOutboundPackets":0,"tunDroppedPackets":0,"udpRemoteOpenEvents":0,"udpRemoteWrittenBytes":0,"udpRemoteReadBytes":0,"fatalTunErrors":0,"unrecoveredTransitions":0}
1791166556.982 24006 29656 I XrayDeviceGate: XRAY_ANDROID_SAMPLE {"tunBackend":"file-descriptor","probeOnly":false,"runtimeRunning":false,"runtimeGeneration":2,"residentMemoryBytes":159469568,"threadCount":29,"processCpuMillis":26360,"elapsedRealtimeMillis":7019811,"activeConnections":0,"tunInboundPackets":0,"tunOutboundPackets":0,"tunDroppedPackets":0,"udpRemoteOpenEvents":0,"udpRemoteWrittenBytes":0,"udpRemoteReadBytes":0,"fatalTunErrors":0,"unrecoveredTransitions":0}
1791166557.222 24006 24006 I XrayDeviceGate: XRAY_ANDROID_LIFECYCLE state=counters-reset
1791166557.226 24006 29666 I XrayDeviceGate: XRAY_ANDROID_SAMPLE {"tunBackend":"file-descriptor","probeOnly":false,"runtimeRunning":false,"runtimeGeneration":0,"residentMemoryBytes":159744000,"threadCount":29,"processCpuMillis":26414,"elapsedRealtimeMillis":7020055,"activeConnections":0,"tunInboundPackets":0,"tunOutboundPackets":0,"tunDroppedPackets":0,"udpRemoteOpenEvents":0,"udpRemoteWrittenBytes":0,"udpRemoteReadBytes":0,"fatalTunErrors":0,"unrecoveredTransitions":0}
1791166558.451 24006 29690 I XrayDeviceGate: XRAY_ANDROID_SAMPLE {"tunBackend":"file-descriptor","probeOnly":true,"runtimeRunning":false,"runtimeGeneration":0,"residentMemoryBytes":159776768,"threadCount":29,"processCpuMillis":26486,"elapsedRealtimeMillis":7021280,"activeConnections":0,"tunInboundPackets":0,"tunOutboundPackets":0,"tunDroppedPackets":0,"udpRemoteOpenEvents":0,"udpRemoteWrittenBytes":0,"udpRemoteReadBytes":0,"fatalTunErrors":0,"unrecoveredTransitions":0}
1791166558.504 24006 29693 I XrayDeviceGate: XRAY_ANDROID_LIFECYCLE state=running generation=1 tunBackend=file-descriptor
1791166558.508 24006 29693 I XrayDeviceGate: XRAY_ANDROID_SAMPLE {"tunBackend":"file-descriptor","probeOnly":true,"runtimeRunning":true,"runtimeGeneration":1,"residentMemoryBytes":161112064,"threadCount":36,"processCpuMillis":26532,"elapsedRealtimeMillis":7021337,"activeConnections":0,"tunInboundPackets":3,"tunOutboundPackets":0,"tunDroppedPackets":0,"udpRemoteOpenEvents":0,"udpRemoteWrittenBytes":0,"udpRemoteReadBytes":0,"fatalTunErrors":0,"unrecoveredTransitions":0}
1791166559.329 23960 23960 I XrayDeviceProbe: XRAY_ANDROID_PROBE state=stopped
1791166560.562 23960 23960 I XrayDeviceProbe: XRAY_ANDROID_PROBE state=counters-reset
1791166560.759 23960 23960 I XrayDeviceProbe: XRAY_ANDROID_PROBE state=started
1791166560.837 23960 29730 I XrayDeviceProbe: XRAY_ANDROID_PROBE kind=http result=passed sequence=1 elapsedSeconds=0
1791166563.987 23960 29730 I XrayDeviceProbe: XRAY_ANDROID_PROBE kind=udp result=passed sequence=1 elapsedSeconds=3
1791166564.286 23960 23960 I XrayDeviceProbe: XRAY_ANDROID_PROBE state=stopped
1791166565.486 23960 23960 I XrayDeviceProbe: XRAY_ANDROID_PROBE state=stopped
1791166566.684 23960 23960 I XrayDeviceProbe: XRAY_ANDROID_PROBE state=counters-reset
1791166566.877 23960 23960 I XrayDeviceProbe: XRAY_ANDROID_PROBE state=started
1791166567.128 23960 29776 I XrayDeviceProbe: XRAY_ANDROID_PROBE kind=http result=passed sequence=1 elapsedSeconds=0
1791166567.326 24006 24006 I XrayDeviceGate: XRAY_ANDROID_LIFECYCLE state=connections-close-requested accepted=2
1791166567.330 24006 24006 I XrayDeviceGate: XRAY_ANDROID_SAMPLE {"tunBackend":"file-descriptor","probeOnly":true,"runtimeRunning":true,"runtimeGeneration":1,"residentMemoryBytes":161431552,"threadCount":36,"processCpuMillis":26691,"elapsedRealtimeMillis":7030159,"activeConnections":0,"tunInboundPackets":24,"tunOutboundPackets":15,"tunDroppedPackets":0,"udpRemoteOpenEvents":2,"udpRemoteWrittenBytes":134,"udpRemoteReadBytes":83,"fatalTunErrors":0,"unrecoveredTransitions":0}
1791166568.455 24006 29690 I XrayDeviceGate: XRAY_ANDROID_SAMPLE {"tunBackend":"file-descriptor","probeOnly":true,"runtimeRunning":true,"runtimeGeneration":1,"residentMemoryBytes":161677312,"threadCount":36,"processCpuMillis":26750,"elapsedRealtimeMillis":7031284,"activeConnections":0,"tunInboundPackets":24,"tunOutboundPackets":15,"tunDroppedPackets":0,"udpRemoteOpenEvents":2,"udpRemoteWrittenBytes":134,"udpRemoteReadBytes":83,"fatalTunErrors":0,"unrecoveredTransitions":0}
1791166572.140 23960 29776 W XrayDeviceProbe: XRAY_ANDROID_UDP_FAILURE queryTag=e0270e336e252489 localPort=35577 errorCode=SocketTimeoutException
1791166572.143 23960 29776 I XrayDeviceProbe: XRAY_ANDROID_PROBE kind=udp result=failed errorCode=SocketTimeoutException elapsedSeconds=5
1791166575.220 24006 24006 I XrayDeviceGate: XRAY_ANDROID_LIFECYCLE state=connections-close-requested accepted=0
1791166575.223 24006 24006 I XrayDeviceGate: XRAY_ANDROID_SAMPLE {"tunBackend":"file-descriptor","probeOnly":true,"runtimeRunning":true,"runtimeGeneration":1,"residentMemoryBytes":161693696,"threadCount":36,"processCpuMillis":26877,"elapsedRealtimeMillis":7038053,"activeConnections":0,"tunInboundPackets":25,"tunOutboundPackets":15,"tunDroppedPackets":0,"udpRemoteOpenEvents":2,"udpRemoteWrittenBytes":134,"udpRemoteReadBytes":83,"fatalTunErrors":0,"unrecoveredTransitions":0}
1791166576.969 23960 23960 I XrayDeviceProbe: XRAY_ANDROID_PROBE state=stopped
1791166578.239 23960 23960 I XrayDeviceProbe: XRAY_ANDROID_PROBE state=counters-reset
1791166578.443 23960 23960 I XrayDeviceProbe: XRAY_ANDROID_PROBE state=started
1791166578.459 24006 29690 I XrayDeviceGate: XRAY_ANDROID_SAMPLE {"tunBackend":"file-descriptor","probeOnly":true,"runtimeRunning":true,"runtimeGeneration":1,"residentMemoryBytes":161280000,"threadCount":36,"processCpuMillis":26949,"elapsedRealtimeMillis":7041289,"activeConnections":1,"tunInboundPackets":28,"tunOutboundPackets":16,"tunDroppedPackets":0,"udpRemoteOpenEvents":2,"udpRemoteWrittenBytes":134,"udpRemoteReadBytes":83,"fatalTunErrors":0,"unrecoveredTransitions":0}
1791166578.471 23960 29867 I XrayDeviceProbe: XRAY_ANDROID_PROBE kind=http result=passed sequence=1 elapsedSeconds=0
1791166581.600 23960 29867 I XrayDeviceProbe: XRAY_ANDROID_PROBE kind=udp result=passed sequence=1 elapsedSeconds=3
1791166582.517 23960 23960 I XrayDeviceProbe: XRAY_ANDROID_PROBE state=stopped
1791166583.820 23960 23960 I XrayDeviceProbe: XRAY_ANDROID_PROBE state=stopped
1791166585.017 23960 23960 I XrayDeviceProbe: XRAY_ANDROID_PROBE state=counters-reset
1791166585.211 23960 23960 I XrayDeviceProbe: XRAY_ANDROID_PROBE state=started
1791166585.239 23960 29917 I XrayDeviceProbe: XRAY_ANDROID_PROBE kind=http result=passed sequence=1 elapsedSeconds=0
1791166585.486 24006 24006 I XrayDeviceGate: XRAY_ANDROID_LIFECYCLE state=stopped
1791166585.486 24006 24006 I XrayDeviceGate: XRAY_ANDROID_SAMPLE {"tunBackend":"file-descriptor","probeOnly":true,"runtimeRunning":false,"runtimeGeneration":1,"residentMemoryBytes":161873920,"threadCount":30,"processCpuMillis":27020,"elapsedRealtimeMillis":7048315,"activeConnections":0,"tunInboundPackets":28,"tunOutboundPackets":16,"tunDroppedPackets":0,"udpRemoteOpenEvents":2,"udpRemoteWrittenBytes":134,"udpRemoteReadBytes":83,"fatalTunErrors":0,"unrecoveredTransitions":0}
1791166590.245 23960 29917 W XrayDeviceProbe: XRAY_ANDROID_UDP_FAILURE queryTag=6a4ad53c2f5a1a25 localPort=41486 errorCode=SocketTimeoutException
1791166590.248 23960 29917 I XrayDeviceProbe: XRAY_ANDROID_PROBE kind=udp result=failed errorCode=SocketTimeoutException elapsedSeconds=5
1791166593.373 23960 23960 I XrayDeviceProbe: XRAY_ANDROID_PROBE state=stopped
1791166594.724 24006 29980 I XrayDeviceGate: XRAY_ANDROID_SAMPLE {"tunBackend":"file-descriptor","probeOnly":true,"runtimeRunning":false,"runtimeGeneration":1,"residentMemoryBytes":162193408,"threadCount":29,"processCpuMillis":27279,"elapsedRealtimeMillis":7057553,"activeConnections":0,"tunInboundPackets":0,"tunOutboundPackets":0,"tunDroppedPackets":0,"udpRemoteOpenEvents":0,"udpRemoteWrittenBytes":0,"udpRemoteReadBytes":0,"fatalTunErrors":0,"unrecoveredTransitions":0}
1791166594.796 24006 29982 I XrayDeviceGate: XRAY_ANDROID_LIFECYCLE state=running generation=2 tunBackend=file-descriptor
1791166594.801 24006 29982 I XrayDeviceGate: XRAY_ANDROID_SAMPLE {"tunBackend":"file-descriptor","probeOnly":true,"runtimeRunning":true,"runtimeGeneration":2,"residentMemoryBytes":158605312,"threadCount":36,"processCpuMillis":27375,"elapsedRealtimeMillis":7057631,"activeConnections":0,"tunInboundPackets":3,"tunOutboundPackets":0,"tunDroppedPackets":0,"udpRemoteOpenEvents":0,"udpRemoteWrittenBytes":0,"udpRemoteReadBytes":0,"fatalTunErrors":0,"unrecoveredTransitions":0}
1791166595.653 23960 23960 I XrayDeviceProbe: XRAY_ANDROID_PROBE state=counters-reset
1791166595.894 23960 23960 I XrayDeviceProbe: XRAY_ANDROID_PROBE state=started
1791166595.975 23960 30014 I XrayDeviceProbe: XRAY_ANDROID_PROBE kind=http result=passed sequence=1 elapsedSeconds=0
1791166599.061 23960 30014 I XrayDeviceProbe: XRAY_ANDROID_PROBE kind=udp result=passed sequence=1 elapsedSeconds=3
1791166599.990 23960 23960 I XrayDeviceProbe: XRAY_ANDROID_PROBE state=stopped
1791166601.387 24006 24006 I XrayDeviceGate: XRAY_ANDROID_LIFECYCLE state=stopped
1791166601.387 24006 24006 I XrayDeviceGate: XRAY_ANDROID_SAMPLE {"tunBackend":"file-descriptor","probeOnly":true,"runtimeRunning":false,"runtimeGeneration":2,"residentMemoryBytes":159039488,"threadCount":30,"processCpuMillis":27543,"elapsedRealtimeMillis":7064216,"activeConnections":0,"tunInboundPackets":3,"tunOutboundPackets":0,"tunDroppedPackets":0,"udpRemoteOpenEvents":0,"udpRemoteWrittenBytes":0,"udpRemoteReadBytes":0,"fatalTunErrors":0,"unrecoveredTransitions":0}
1791166601.664 23960 23960 I XrayDeviceProbe: XRAY_ANDROID_PROBE state=stopped
1791166602.971 24006 24006 I XrayDeviceGate: XRAY_ANDROID_LIFECYCLE state=stopped
1791166602.971 24006 24006 I XrayDeviceGate: XRAY_ANDROID_SAMPLE {"tunBackend":"file-descriptor","probeOnly":false,"runtimeRunning":false,"runtimeGeneration":2,"residentMemoryBytes":159289344,"threadCount":29,"processCpuMillis":27682,"elapsedRealtimeMillis":7065800,"activeConnections":0,"tunInboundPackets":0,"tunOutboundPackets":0,"tunDroppedPackets":0,"udpRemoteOpenEvents":0,"udpRemoteWrittenBytes":0,"udpRemoteReadBytes":0,"fatalTunErrors":0,"unrecoveredTransitions":0}
1791166602.971 24006 30077 I XrayDeviceGate: XRAY_ANDROID_SAMPLE {"tunBackend":"file-descriptor","probeOnly":false,"runtimeRunning":false,"runtimeGeneration":2,"residentMemoryBytes":159289344,"threadCount":29,"processCpuMillis":27682,"elapsedRealtimeMillis":7065800,"activeConnections":0,"tunInboundPackets":0,"tunOutboundPackets":0,"tunDroppedPackets":0,"udpRemoteOpenEvents":0,"udpRemoteWrittenBytes":0,"udpRemoteReadBytes":0,"fatalTunErrors":0,"unrecoveredTransitions":0}
1791166604.881 23960 23960 I XrayDeviceProbe: XRAY_ANDROID_PROBE state=stopped
1791166606.175 24006 24006 I XrayDeviceGate: XRAY_ANDROID_LIFECYCLE state=stopped
1791166606.175 24006 24006 I XrayDeviceGate: XRAY_ANDROID_SAMPLE {"tunBackend":"file-descriptor","probeOnly":false,"runtimeRunning":false,"runtimeGeneration":2,"residentMemoryBytes":159514624,"threadCount":29,"processCpuMillis":27814,"elapsedRealtimeMillis":7069005,"activeConnections":0,"tunInboundPackets":0,"tunOutboundPackets":0,"tunDroppedPackets":0,"udpRemoteOpenEvents":0,"udpRemoteWrittenBytes":0,"udpRemoteReadBytes":0,"fatalTunErrors":0,"unrecoveredTransitions":0}
1791166606.175 24006 30110 I XrayDeviceGate: XRAY_ANDROID_SAMPLE {"tunBackend":"file-descriptor","probeOnly":false,"runtimeRunning":false,"runtimeGeneration":2,"residentMemoryBytes":159514624,"threadCount":29,"processCpuMillis":27814,"elapsedRealtimeMillis":7069005,"activeConnections":0,"tunInboundPackets":0,"tunOutboundPackets":0,"tunDroppedPackets":0,"udpRemoteOpenEvents":0,"udpRemoteWrittenBytes":0,"udpRemoteReadBytes":0,"fatalTunErrors":0,"unrecoveredTransitions":0}
1791166606.398 24006 24006 I XrayDeviceGate: XRAY_ANDROID_LIFECYCLE state=counters-reset
1791166606.400 24006 30120 I XrayDeviceGate: XRAY_ANDROID_SAMPLE {"tunBackend":"file-descriptor","probeOnly":false,"runtimeRunning":false,"runtimeGeneration":0,"residentMemoryBytes":159789056,"threadCount":29,"processCpuMillis":27862,"elapsedRealtimeMillis":7069229,"activeConnections":0,"tunInboundPackets":0,"tunOutboundPackets":0,"tunDroppedPackets":0,"udpRemoteOpenEvents":0,"udpRemoteWrittenBytes":0,"udpRemoteReadBytes":0,"fatalTunErrors":0,"unrecoveredTransitions":0}
1791166607.630 24006 30146 I XrayDeviceGate: XRAY_ANDROID_SAMPLE {"tunBackend":"packet-pump","probeOnly":true,"runtimeRunning":false,"runtimeGeneration":0,"residentMemoryBytes":159817728,"threadCount":29,"processCpuMillis":27933,"elapsedRealtimeMillis":7070459,"activeConnections":0,"tunInboundPackets":0,"tunOutboundPackets":0,"tunDroppedPackets":0,"udpRemoteOpenEvents":0,"udpRemoteWrittenBytes":0,"udpRemoteReadBytes":0,"fatalTunErrors":0,"unrecoveredTransitions":0}
1791166607.685 24006 30148 I XrayDeviceGate: XRAY_ANDROID_LIFECYCLE state=running generation=1 tunBackend=packet-pump
1791166607.690 24006 30148 I XrayDeviceGate: XRAY_ANDROID_SAMPLE {"tunBackend":"packet-pump","probeOnly":true,"runtimeRunning":true,"runtimeGeneration":1,"residentMemoryBytes":161153024,"threadCount":38,"processCpuMillis":27989,"elapsedRealtimeMillis":7070519,"activeConnections":0,"tunInboundPackets":3,"tunOutboundPackets":0,"tunDroppedPackets":0,"udpRemoteOpenEvents":0,"udpRemoteWrittenBytes":0,"udpRemoteReadBytes":0,"fatalTunErrors":0,"unrecoveredTransitions":0}
1791166608.522 23960 23960 I XrayDeviceProbe: XRAY_ANDROID_PROBE state=stopped
1791166609.756 23960 23960 I XrayDeviceProbe: XRAY_ANDROID_PROBE state=counters-reset
1791166609.960 23960 23960 I XrayDeviceProbe: XRAY_ANDROID_PROBE state=started
1791166610.120 23960 30192 I XrayDeviceProbe: XRAY_ANDROID_PROBE kind=http result=passed sequence=1 elapsedSeconds=0
1791166613.220 23960 30192 I XrayDeviceProbe: XRAY_ANDROID_PROBE kind=udp result=passed sequence=1 elapsedSeconds=3
1791166613.632 23960 23960 I XrayDeviceProbe: XRAY_ANDROID_PROBE state=stopped
1791166614.841 23960 23960 I XrayDeviceProbe: XRAY_ANDROID_PROBE state=stopped
1791166616.049 23960 23960 I XrayDeviceProbe: XRAY_ANDROID_PROBE state=counters-reset
1791166616.247 23960 23960 I XrayDeviceProbe: XRAY_ANDROID_PROBE state=started
1791166616.372 23960 30273 I XrayDeviceProbe: XRAY_ANDROID_PROBE kind=http result=passed sequence=1 elapsedSeconds=0
1791166616.565 24006 24006 I XrayDeviceGate: XRAY_ANDROID_LIFECYCLE state=connections-close-requested accepted=2
1791166616.570 24006 24006 I XrayDeviceGate: XRAY_ANDROID_SAMPLE {"tunBackend":"packet-pump","probeOnly":true,"runtimeRunning":true,"runtimeGeneration":1,"residentMemoryBytes":161042432,"threadCount":38,"processCpuMillis":28181,"elapsedRealtimeMillis":7079399,"activeConnections":0,"tunInboundPackets":24,"tunOutboundPackets":15,"tunDroppedPackets":0,"udpRemoteOpenEvents":2,"udpRemoteWrittenBytes":134,"udpRemoteReadBytes":83,"fatalTunErrors":0,"unrecoveredTransitions":0}
1791166617.633 24006 30146 I XrayDeviceGate: XRAY_ANDROID_SAMPLE {"tunBackend":"packet-pump","probeOnly":true,"runtimeRunning":true,"runtimeGeneration":1,"residentMemoryBytes":161427456,"threadCount":38,"processCpuMillis":28246,"elapsedRealtimeMillis":7080463,"activeConnections":0,"tunInboundPackets":24,"tunOutboundPackets":15,"tunDroppedPackets":0,"udpRemoteOpenEvents":2,"udpRemoteWrittenBytes":134,"udpRemoteReadBytes":83,"fatalTunErrors":0,"unrecoveredTransitions":0}
1791166621.383 23960 30273 W XrayDeviceProbe: XRAY_ANDROID_UDP_FAILURE queryTag=4eb27218f1025d0f localPort=33712 errorCode=SocketTimeoutException
1791166621.386 23960 30273 I XrayDeviceProbe: XRAY_ANDROID_PROBE kind=udp result=failed errorCode=SocketTimeoutException elapsedSeconds=5
1791166624.285 24006 24006 I XrayDeviceGate: XRAY_ANDROID_LIFECYCLE state=connections-close-requested accepted=0
1791166624.289 24006 24006 I XrayDeviceGate: XRAY_ANDROID_SAMPLE {"tunBackend":"packet-pump","probeOnly":true,"runtimeRunning":true,"runtimeGeneration":1,"residentMemoryBytes":161488896,"threadCount":38,"processCpuMillis":28415,"elapsedRealtimeMillis":7087118,"activeConnections":0,"tunInboundPackets":25,"tunOutboundPackets":15,"tunDroppedPackets":0,"udpRemoteOpenEvents":2,"udpRemoteWrittenBytes":134,"udpRemoteReadBytes":83,"fatalTunErrors":0,"unrecoveredTransitions":0}
1791166626.029 23960 23960 I XrayDeviceProbe: XRAY_ANDROID_PROBE state=stopped
1791166627.299 23960 23960 I XrayDeviceProbe: XRAY_ANDROID_PROBE state=counters-reset
1791166627.500 23960 23960 I XrayDeviceProbe: XRAY_ANDROID_PROBE state=started
1791166627.531 23960 30364 I XrayDeviceProbe: XRAY_ANDROID_PROBE kind=http result=passed sequence=1 elapsedSeconds=0
1791166627.637 24006 30146 I XrayDeviceGate: XRAY_ANDROID_SAMPLE {"tunBackend":"packet-pump","probeOnly":true,"runtimeRunning":true,"runtimeGeneration":1,"residentMemoryBytes":161038336,"threadCount":38,"processCpuMillis":28503,"elapsedRealtimeMillis":7090467,"activeConnections":1,"tunInboundPackets":32,"tunOutboundPackets":20,"tunDroppedPackets":0,"udpRemoteOpenEvents":3,"udpRemoteWrittenBytes":201,"udpRemoteReadBytes":83,"fatalTunErrors":0,"unrecoveredTransitions":0}
1791166630.649 23960 30364 I XrayDeviceProbe: XRAY_ANDROID_PROBE kind=udp result=passed sequence=1 elapsedSeconds=3
1791166631.600 23960 23960 I XrayDeviceProbe: XRAY_ANDROID_PROBE state=stopped
1791166632.902 23960 23960 I XrayDeviceProbe: XRAY_ANDROID_PROBE state=stopped
1791166634.109 23960 23960 I XrayDeviceProbe: XRAY_ANDROID_PROBE state=counters-reset
1791166634.303 23960 23960 I XrayDeviceProbe: XRAY_ANDROID_PROBE state=started
1791166634.331 23960 30419 I XrayDeviceProbe: XRAY_ANDROID_PROBE kind=http result=passed sequence=1 elapsedSeconds=0
1791166634.603 24006 24006 I XrayDeviceGate: XRAY_ANDROID_LIFECYCLE state=stopped
1791166634.603 24006 24006 I XrayDeviceGate: XRAY_ANDROID_SAMPLE {"tunBackend":"packet-pump","probeOnly":true,"runtimeRunning":false,"runtimeGeneration":1,"residentMemoryBytes":161505280,"threadCount":30,"processCpuMillis":28594,"elapsedRealtimeMillis":7097432,"activeConnections":0,"tunInboundPackets":32,"tunOutboundPackets":20,"tunDroppedPackets":0,"udpRemoteOpenEvents":3,"udpRemoteWrittenBytes":201,"udpRemoteReadBytes":83,"fatalTunErrors":0,"unrecoveredTransitions":0}
1791166639.337 23960 30419 W XrayDeviceProbe: XRAY_ANDROID_UDP_FAILURE queryTag=6e531feaf9d00b87 localPort=35293 errorCode=SocketTimeoutException
1791166639.339 23960 30419 I XrayDeviceProbe: XRAY_ANDROID_PROBE kind=udp result=failed errorCode=SocketTimeoutException elapsedSeconds=5
1791166642.115 23960 23960 I XrayDeviceProbe: XRAY_ANDROID_PROBE state=stopped
1791166643.473 24006 30477 I XrayDeviceGate: XRAY_ANDROID_SAMPLE {"tunBackend":"packet-pump","probeOnly":true,"runtimeRunning":false,"runtimeGeneration":1,"residentMemoryBytes":162025472,"threadCount":29,"processCpuMillis":28862,"elapsedRealtimeMillis":7106303,"activeConnections":0,"tunInboundPackets":0,"tunOutboundPackets":0,"tunDroppedPackets":0,"udpRemoteOpenEvents":0,"udpRemoteWrittenBytes":0,"udpRemoteReadBytes":0,"fatalTunErrors":0,"unrecoveredTransitions":0}
1791166643.542 24006 30481 I XrayDeviceGate: XRAY_ANDROID_LIFECYCLE state=running generation=2 tunBackend=packet-pump
1791166643.547 24006 30481 I XrayDeviceGate: XRAY_ANDROID_SAMPLE {"tunBackend":"packet-pump","probeOnly":true,"runtimeRunning":true,"runtimeGeneration":2,"residentMemoryBytes":159625216,"threadCount":38,"processCpuMillis":28956,"elapsedRealtimeMillis":7106376,"activeConnections":0,"tunInboundPackets":3,"tunOutboundPackets":0,"tunDroppedPackets":0,"udpRemoteOpenEvents":0,"udpRemoteWrittenBytes":0,"udpRemoteReadBytes":0,"fatalTunErrors":0,"unrecoveredTransitions":0}
1791166644.379 23960 23960 I XrayDeviceProbe: XRAY_ANDROID_PROBE state=counters-reset
1791166644.616 23960 23960 I XrayDeviceProbe: XRAY_ANDROID_PROBE state=started
1791166644.832 23960 30512 I XrayDeviceProbe: XRAY_ANDROID_PROBE kind=http result=passed sequence=1 elapsedSeconds=0
1791166647.954 23960 30512 I XrayDeviceProbe: XRAY_ANDROID_PROBE kind=udp result=passed sequence=1 elapsedSeconds=3
1791166648.704 23960 23960 I XrayDeviceProbe: XRAY_ANDROID_PROBE state=stopped
1791166650.224 24006 24006 I XrayDeviceGate: XRAY_ANDROID_SAMPLE {"tunBackend":"packet-pump","probeOnly":true,"runtimeRunning":false,"runtimeGeneration":2,"residentMemoryBytes":159883264,"threadCount":30,"processCpuMillis":29168,"elapsedRealtimeMillis":7113054,"activeConnections":0,"tunInboundPackets":3,"tunOutboundPackets":0,"tunDroppedPackets":0,"udpRemoteOpenEvents":0,"udpRemoteWrittenBytes":0,"udpRemoteReadBytes":0,"fatalTunErrors":0,"unrecoveredTransitions":0}
1791166650.225 24006 24006 I XrayDeviceGate: XRAY_ANDROID_LIFECYCLE state=stopped
1791166651.002 23960 23960 I XrayDeviceProbe: XRAY_ANDROID_PROBE state=stopped
1791166652.343 24006 24006 I XrayDeviceGate: XRAY_ANDROID_LIFECYCLE state=stopped
1791166652.343 24006 24006 I XrayDeviceGate: XRAY_ANDROID_SAMPLE {"tunBackend":"file-descriptor","probeOnly":false,"runtimeRunning":false,"runtimeGeneration":2,"residentMemoryBytes":159395840,"threadCount":29,"processCpuMillis":29322,"elapsedRealtimeMillis":7115172,"activeConnections":0,"tunInboundPackets":0,"tunOutboundPackets":0,"tunDroppedPackets":0,"udpRemoteOpenEvents":0,"udpRemoteWrittenBytes":0,"udpRemoteReadBytes":0,"fatalTunErrors":0,"unrecoveredTransitions":0}
1791166652.343 24006 30576 I XrayDeviceGate: XRAY_ANDROID_SAMPLE {"tunBackend":"file-descriptor","probeOnly":false,"runtimeRunning":false,"runtimeGeneration":2,"residentMemoryBytes":159395840,"threadCount":29,"processCpuMillis":29322,"elapsedRealtimeMillis":7115172,"activeConnections":0,"tunInboundPackets":0,"tunOutboundPackets":0,"tunDroppedPackets":0,"udpRemoteOpenEvents":0,"udpRemoteWrittenBytes":0,"udpRemoteReadBytes":0,"fatalTunErrors":0,"unrecoveredTransitions":0}
1791166654.196 23960 23960 I XrayDeviceProbe: XRAY_ANDROID_PROBE state=stopped
1791166655.500 24006 24006 I XrayDeviceGate: XRAY_ANDROID_LIFECYCLE state=stopped
1791166655.500 24006 24006 I XrayDeviceGate: XRAY_ANDROID_SAMPLE {"tunBackend":"file-descriptor","probeOnly":false,"runtimeRunning":false,"runtimeGeneration":2,"residentMemoryBytes":159629312,"threadCount":29,"processCpuMillis":29446,"elapsedRealtimeMillis":7118330,"activeConnections":0,"tunInboundPackets":0,"tunOutboundPackets":0,"tunDroppedPackets":0,"udpRemoteOpenEvents":0,"udpRemoteWrittenBytes":0,"udpRemoteReadBytes":0,"fatalTunErrors":0,"unrecoveredTransitions":0}
1791166655.500 24006 30603 I XrayDeviceGate: XRAY_ANDROID_SAMPLE {"tunBackend":"file-descriptor","probeOnly":false,"runtimeRunning":false,"runtimeGeneration":2,"residentMemoryBytes":159629312,"threadCount":29,"processCpuMillis":29446,"elapsedRealtimeMillis":7118330,"activeConnections":0,"tunInboundPackets":0,"tunOutboundPackets":0,"tunDroppedPackets":0,"udpRemoteOpenEvents":0,"udpRemoteWrittenBytes":0,"udpRemoteReadBytes":0,"fatalTunErrors":0,"unrecoveredTransitions":0}
1791166655.718 24006 24006 I XrayDeviceGate: XRAY_ANDROID_LIFECYCLE state=counters-reset
1791166655.721 24006 30613 I XrayDeviceGate: XRAY_ANDROID_SAMPLE {"tunBackend":"file-descriptor","probeOnly":false,"runtimeRunning":false,"runtimeGeneration":0,"residentMemoryBytes":159903744,"threadCount":29,"processCpuMillis":29495,"elapsedRealtimeMillis":7118550,"activeConnections":0,"tunInboundPackets":0,"tunOutboundPackets":0,"tunDroppedPackets":0,"udpRemoteOpenEvents":0,"udpRemoteWrittenBytes":0,"udpRemoteReadBytes":0,"fatalTunErrors":0,"unrecoveredTransitions":0}
1791166656.956 24006 30637 I XrayDeviceGate: XRAY_ANDROID_SAMPLE {"tunBackend":"file-descriptor","probeOnly":true,"runtimeRunning":false,"runtimeGeneration":0,"residentMemoryBytes":159911936,"threadCount":29,"processCpuMillis":29566,"elapsedRealtimeMillis":7119786,"activeConnections":0,"tunInboundPackets":0,"tunOutboundPackets":0,"tunDroppedPackets":0,"udpRemoteOpenEvents":0,"udpRemoteWrittenBytes":0,"udpRemoteReadBytes":0,"fatalTunErrors":0,"unrecoveredTransitions":0}
1791166657.007 24006 30638 I XrayDeviceGate: XRAY_ANDROID_LIFECYCLE state=running generation=1 tunBackend=file-descriptor
1791166657.012 24006 30638 I XrayDeviceGate: XRAY_ANDROID_SAMPLE {"tunBackend":"file-descriptor","probeOnly":true,"runtimeRunning":true,"runtimeGeneration":1,"residentMemoryBytes":161247232,"threadCount":36,"processCpuMillis":29613,"elapsedRealtimeMillis":7119841,"activeConnections":0,"tunInboundPackets":3,"tunOutboundPackets":0,"tunDroppedPackets":0,"udpRemoteOpenEvents":0,"udpRemoteWrittenBytes":0,"udpRemoteReadBytes":0,"fatalTunErrors":0,"unrecoveredTransitions":0}
1791166657.859 23960 23960 I XrayDeviceProbe: XRAY_ANDROID_PROBE state=stopped
1791166659.096 23960 23960 I XrayDeviceProbe: XRAY_ANDROID_PROBE state=counters-reset
1791166659.293 23960 23960 I XrayDeviceProbe: XRAY_ANDROID_PROBE state=started
1791166659.450 23960 30676 I XrayDeviceProbe: XRAY_ANDROID_PROBE kind=http result=passed sequence=1 elapsedSeconds=0
1791166662.600 23960 30676 I XrayDeviceProbe: XRAY_ANDROID_PROBE kind=udp result=passed sequence=1 elapsedSeconds=3
1791166662.974 23960 23960 I XrayDeviceProbe: XRAY_ANDROID_PROBE state=stopped
1791166664.196 23960 23960 I XrayDeviceProbe: XRAY_ANDROID_PROBE state=stopped
1791166665.391 23960 23960 I XrayDeviceProbe: XRAY_ANDROID_PROBE state=counters-reset
1791166665.587 23960 23960 I XrayDeviceProbe: XRAY_ANDROID_PROBE state=started
1791166665.696 23960 30722 I XrayDeviceProbe: XRAY_ANDROID_PROBE kind=http result=passed sequence=1 elapsedSeconds=0
1791166665.890 24006 24006 I XrayDeviceGate: XRAY_ANDROID_LIFECYCLE state=connections-close-requested accepted=2
1791166665.896 24006 24006 I XrayDeviceGate: XRAY_ANDROID_SAMPLE {"tunBackend":"file-descriptor","probeOnly":true,"runtimeRunning":true,"runtimeGeneration":1,"residentMemoryBytes":161562624,"threadCount":36,"processCpuMillis":29772,"elapsedRealtimeMillis":7128726,"activeConnections":0,"tunInboundPackets":24,"tunOutboundPackets":15,"tunDroppedPackets":0,"udpRemoteOpenEvents":2,"udpRemoteWrittenBytes":134,"udpRemoteReadBytes":83,"fatalTunErrors":0,"unrecoveredTransitions":0}
1791166666.960 24006 30637 I XrayDeviceGate: XRAY_ANDROID_SAMPLE {"tunBackend":"file-descriptor","probeOnly":true,"runtimeRunning":true,"runtimeGeneration":1,"residentMemoryBytes":162091008,"threadCount":36,"processCpuMillis":29835,"elapsedRealtimeMillis":7129789,"activeConnections":0,"tunInboundPackets":24,"tunOutboundPackets":15,"tunDroppedPackets":0,"udpRemoteOpenEvents":2,"udpRemoteWrittenBytes":134,"udpRemoteReadBytes":83,"fatalTunErrors":0,"unrecoveredTransitions":0}
1791166670.707 23960 30722 W XrayDeviceProbe: XRAY_ANDROID_UDP_FAILURE queryTag=7df9f58a224d2902 localPort=41909 errorCode=SocketTimeoutException
1791166670.710 23960 30722 I XrayDeviceProbe: XRAY_ANDROID_PROBE kind=udp result=failed errorCode=SocketTimeoutException elapsedSeconds=5
1791166673.416 24006 24006 I XrayDeviceGate: XRAY_ANDROID_LIFECYCLE state=connections-close-requested accepted=0
1791166673.419 24006 24006 I XrayDeviceGate: XRAY_ANDROID_SAMPLE {"tunBackend":"file-descriptor","probeOnly":true,"runtimeRunning":true,"runtimeGeneration":1,"residentMemoryBytes":162062336,"threadCount":36,"processCpuMillis":29973,"elapsedRealtimeMillis":7136249,"activeConnections":0,"tunInboundPackets":25,"tunOutboundPackets":15,"tunDroppedPackets":0,"udpRemoteOpenEvents":2,"udpRemoteWrittenBytes":134,"udpRemoteReadBytes":83,"fatalTunErrors":0,"unrecoveredTransitions":0}
1791166675.106 23960 23960 I XrayDeviceProbe: XRAY_ANDROID_PROBE state=stopped
1791166676.391 23960 23960 I XrayDeviceProbe: XRAY_ANDROID_PROBE state=counters-reset
1791166676.585 23960 23960 I XrayDeviceProbe: XRAY_ANDROID_PROBE state=started
1791166676.682 23960 30793 I XrayDeviceProbe: XRAY_ANDROID_PROBE kind=http result=passed sequence=1 elapsedSeconds=0
1791166676.964 24006 30637 I XrayDeviceGate: XRAY_ANDROID_SAMPLE {"tunBackend":"file-descriptor","probeOnly":true,"runtimeRunning":true,"runtimeGeneration":1,"residentMemoryBytes":161792000,"threadCount":36,"processCpuMillis":30058,"elapsedRealtimeMillis":7139793,"activeConnections":1,"tunInboundPackets":32,"tunOutboundPackets":20,"tunDroppedPackets":0,"udpRemoteOpenEvents":3,"udpRemoteWrittenBytes":201,"udpRemoteReadBytes":83,"fatalTunErrors":0,"unrecoveredTransitions":0}
1791166679.801 23960 30793 I XrayDeviceProbe: XRAY_ANDROID_PROBE kind=udp result=passed sequence=1 elapsedSeconds=3
1791166680.678 23960 23960 I XrayDeviceProbe: XRAY_ANDROID_PROBE state=stopped
1791166681.963 23960 23960 I XrayDeviceProbe: XRAY_ANDROID_PROBE state=stopped
1791166683.143 23960 23960 I XrayDeviceProbe: XRAY_ANDROID_PROBE state=counters-reset
1791166683.334 23960 23960 I XrayDeviceProbe: XRAY_ANDROID_PROBE state=started
1791166683.354 23960 30843 I XrayDeviceProbe: XRAY_ANDROID_PROBE kind=http result=passed sequence=1 elapsedSeconds=0
1791166683.604 24006 24006 I XrayDeviceGate: XRAY_ANDROID_LIFECYCLE state=stopped
1791166683.604 24006 24006 I XrayDeviceGate: XRAY_ANDROID_SAMPLE {"tunBackend":"file-descriptor","probeOnly":true,"runtimeRunning":false,"runtimeGeneration":1,"residentMemoryBytes":162455552,"threadCount":30,"processCpuMillis":30124,"elapsedRealtimeMillis":7146433,"activeConnections":0,"tunInboundPackets":32,"tunOutboundPackets":20,"tunDroppedPackets":0,"udpRemoteOpenEvents":3,"udpRemoteWrittenBytes":201,"udpRemoteReadBytes":83,"fatalTunErrors":0,"unrecoveredTransitions":0}
1791166688.365 23960 30843 W XrayDeviceProbe: XRAY_ANDROID_UDP_FAILURE queryTag=edfcef48cc7974ba localPort=52132 errorCode=SocketTimeoutException
1791166688.368 23960 30843 I XrayDeviceProbe: XRAY_ANDROID_PROBE kind=udp result=failed errorCode=SocketTimeoutException elapsedSeconds=5
1791166691.749 23960 23960 I XrayDeviceProbe: XRAY_ANDROID_PROBE state=stopped
1791166693.100 24006 30902 I XrayDeviceGate: XRAY_ANDROID_SAMPLE {"tunBackend":"file-descriptor","probeOnly":true,"runtimeRunning":false,"runtimeGeneration":1,"residentMemoryBytes":162746368,"threadCount":29,"processCpuMillis":30405,"elapsedRealtimeMillis":7155929,"activeConnections":0,"tunInboundPackets":0,"tunOutboundPackets":0,"tunDroppedPackets":0,"udpRemoteOpenEvents":0,"udpRemoteWrittenBytes":0,"udpRemoteReadBytes":0,"fatalTunErrors":0,"unrecoveredTransitions":0}
1791166693.163 24006 30904 I XrayDeviceGate: XRAY_ANDROID_LIFECYCLE state=running generation=2 tunBackend=file-descriptor
1791166693.167 24006 30904 I XrayDeviceGate: XRAY_ANDROID_SAMPLE {"tunBackend":"file-descriptor","probeOnly":true,"runtimeRunning":true,"runtimeGeneration":2,"residentMemoryBytes":157556736,"threadCount":36,"processCpuMillis":30490,"elapsedRealtimeMillis":7155996,"activeConnections":0,"tunInboundPackets":3,"tunOutboundPackets":0,"tunDroppedPackets":0,"udpRemoteOpenEvents":0,"udpRemoteWrittenBytes":0,"udpRemoteReadBytes":0,"fatalTunErrors":0,"unrecoveredTransitions":0}
1791166694.027 23960 23960 I XrayDeviceProbe: XRAY_ANDROID_PROBE state=counters-reset
1791166694.285 23960 23960 I XrayDeviceProbe: XRAY_ANDROID_PROBE state=started
1791166694.331 23960 30935 I XrayDeviceProbe: XRAY_ANDROID_PROBE kind=http result=passed sequence=1 elapsedSeconds=0
1791166697.416 23960 30935 I XrayDeviceProbe: XRAY_ANDROID_PROBE kind=udp result=passed sequence=1 elapsedSeconds=3
1791166697.735 23960 23960 I XrayDeviceProbe: XRAY_ANDROID_PROBE state=stopped
1791166699.125 24006 24006 I XrayDeviceGate: XRAY_ANDROID_LIFECYCLE state=stopped
1791166699.125 24006 24006 I XrayDeviceGate: XRAY_ANDROID_SAMPLE {"tunBackend":"file-descriptor","probeOnly":true,"runtimeRunning":false,"runtimeGeneration":2,"residentMemoryBytes":157933568,"threadCount":30,"processCpuMillis":30662,"elapsedRealtimeMillis":7161954,"activeConnections":0,"tunInboundPackets":3,"tunOutboundPackets":0,"tunDroppedPackets":0,"udpRemoteOpenEvents":0,"udpRemoteWrittenBytes":0,"udpRemoteReadBytes":0,"fatalTunErrors":0,"unrecoveredTransitions":0}
1791166699.461 23960 23960 I XrayDeviceProbe: XRAY_ANDROID_PROBE state=stopped
1791166700.786 24006 24006 I XrayDeviceGate: XRAY_ANDROID_LIFECYCLE state=stopped
1791166700.786 24006 24006 I XrayDeviceGate: XRAY_ANDROID_SAMPLE {"tunBackend":"file-descriptor","probeOnly":false,"runtimeRunning":false,"runtimeGeneration":2,"residentMemoryBytes":157310976,"threadCount":29,"processCpuMillis":30806,"elapsedRealtimeMillis":7163615,"activeConnections":0,"tunInboundPackets":0,"tunOutboundPackets":0,"tunDroppedPackets":0,"udpRemoteOpenEvents":0,"udpRemoteWrittenBytes":0,"udpRemoteReadBytes":0,"fatalTunErrors":0,"unrecoveredTransitions":0}
1791166700.786 24006 30991 I XrayDeviceGate: XRAY_ANDROID_SAMPLE {"tunBackend":"file-descriptor","probeOnly":false,"runtimeRunning":false,"runtimeGeneration":2,"residentMemoryBytes":157310976,"threadCount":29,"processCpuMillis":30806,"elapsedRealtimeMillis":7163615,"activeConnections":0,"tunInboundPackets":0,"tunOutboundPackets":0,"tunDroppedPackets":0,"udpRemoteOpenEvents":0,"udpRemoteWrittenBytes":0,"udpRemoteReadBytes":0,"fatalTunErrors":0,"unrecoveredTransitions":0}
1791166702.677 23960 23960 I XrayDeviceProbe: XRAY_ANDROID_PROBE state=stopped
1791166703.990 24006 24006 I XrayDeviceGate: XRAY_ANDROID_LIFECYCLE state=stopped
1791166703.990 24006 24006 I XrayDeviceGate: XRAY_ANDROID_SAMPLE {"tunBackend":"file-descriptor","probeOnly":false,"runtimeRunning":false,"runtimeGeneration":2,"residentMemoryBytes":157523968,"threadCount":29,"processCpuMillis":30928,"elapsedRealtimeMillis":7166820,"activeConnections":0,"tunInboundPackets":0,"tunOutboundPackets":0,"tunDroppedPackets":0,"udpRemoteOpenEvents":0,"udpRemoteWrittenBytes":0,"udpRemoteReadBytes":0,"fatalTunErrors":0,"unrecoveredTransitions":0}
1791166703.990 24006 31018 I XrayDeviceGate: XRAY_ANDROID_SAMPLE {"tunBackend":"file-descriptor","probeOnly":false,"runtimeRunning":false,"runtimeGeneration":2,"residentMemoryBytes":157523968,"threadCount":29,"processCpuMillis":30927,"elapsedRealtimeMillis":7166819,"activeConnections":0,"tunInboundPackets":0,"tunOutboundPackets":0,"tunDroppedPackets":0,"udpRemoteOpenEvents":0,"udpRemoteWrittenBytes":0,"udpRemoteReadBytes":0,"fatalTunErrors":0,"unrecoveredTransitions":0}
1791166704.206 24006 24006 I XrayDeviceGate: XRAY_ANDROID_LIFECYCLE state=counters-reset
1791166704.209 24006 31028 I XrayDeviceGate: XRAY_ANDROID_SAMPLE {"tunBackend":"file-descriptor","probeOnly":false,"runtimeRunning":false,"runtimeGeneration":0,"residentMemoryBytes":157806592,"threadCount":29,"processCpuMillis":30979,"elapsedRealtimeMillis":7167038,"activeConnections":0,"tunInboundPackets":0,"tunOutboundPackets":0,"tunDroppedPackets":0,"udpRemoteOpenEvents":0,"udpRemoteWrittenBytes":0,"udpRemoteReadBytes":0,"fatalTunErrors":0,"unrecoveredTransitions":0}
1791166705.454 24006 31052 I XrayDeviceGate: XRAY_ANDROID_SAMPLE {"tunBackend":"packet-pump","probeOnly":true,"runtimeRunning":false,"runtimeGeneration":0,"residentMemoryBytes":158003200,"threadCount":29,"processCpuMillis":31049,"elapsedRealtimeMillis":7168284,"activeConnections":0,"tunInboundPackets":0,"tunOutboundPackets":0,"tunDroppedPackets":0,"udpRemoteOpenEvents":0,"udpRemoteWrittenBytes":0,"udpRemoteReadBytes":0,"fatalTunErrors":0,"unrecoveredTransitions":0}
1791166705.513 24006 31055 I XrayDeviceGate: XRAY_ANDROID_LIFECYCLE state=running generation=1 tunBackend=packet-pump
1791166705.517 24006 31055 I XrayDeviceGate: XRAY_ANDROID_SAMPLE {"tunBackend":"packet-pump","probeOnly":true,"runtimeRunning":true,"runtimeGeneration":1,"residentMemoryBytes":159350784,"threadCount":38,"processCpuMillis":31109,"elapsedRealtimeMillis":7168346,"activeConnections":0,"tunInboundPackets":3,"tunOutboundPackets":0,"tunDroppedPackets":0,"udpRemoteOpenEvents":0,"udpRemoteWrittenBytes":0,"udpRemoteReadBytes":0,"fatalTunErrors":0,"unrecoveredTransitions":0}
1791166706.345 23960 23960 I XrayDeviceProbe: XRAY_ANDROID_PROBE state=stopped
1791166707.568 23960 23960 I XrayDeviceProbe: XRAY_ANDROID_PROBE state=counters-reset
1791166707.760 23960 23960 I XrayDeviceProbe: XRAY_ANDROID_PROBE state=started
1791166707.797 23960 31094 I XrayDeviceProbe: XRAY_ANDROID_PROBE kind=http result=passed sequence=1 elapsedSeconds=0
1791166710.933 23960 31094 I XrayDeviceProbe: XRAY_ANDROID_PROBE kind=udp result=passed sequence=1 elapsedSeconds=3
1791166711.239 23960 23960 I XrayDeviceProbe: XRAY_ANDROID_PROBE state=stopped
1791166712.457 23960 23960 I XrayDeviceProbe: XRAY_ANDROID_PROBE state=stopped
1791166713.665 23960 23960 I XrayDeviceProbe: XRAY_ANDROID_PROBE state=counters-reset
1791166713.861 23960 23960 I XrayDeviceProbe: XRAY_ANDROID_PROBE state=started
1791166713.956 23960 31146 I XrayDeviceProbe: XRAY_ANDROID_PROBE kind=http result=passed sequence=1 elapsedSeconds=0
1791166714.169 24006 24006 I XrayDeviceGate: XRAY_ANDROID_LIFECYCLE state=connections-close-requested accepted=2
1791166714.173 24006 24006 I XrayDeviceGate: XRAY_ANDROID_SAMPLE {"tunBackend":"packet-pump","probeOnly":true,"runtimeRunning":true,"runtimeGeneration":1,"residentMemoryBytes":159633408,"threadCount":38,"processCpuMillis":31300,"elapsedRealtimeMillis":7177003,"activeConnections":0,"tunInboundPackets":24,"tunOutboundPackets":15,"tunDroppedPackets":0,"udpRemoteOpenEvents":2,"udpRemoteWrittenBytes":134,"udpRemoteReadBytes":83,"fatalTunErrors":0,"unrecoveredTransitions":0}
1791166715.458 24006 31052 I XrayDeviceGate: XRAY_ANDROID_SAMPLE {"tunBackend":"packet-pump","probeOnly":true,"runtimeRunning":true,"runtimeGeneration":1,"residentMemoryBytes":159920128,"threadCount":38,"processCpuMillis":31369,"elapsedRealtimeMillis":7178287,"activeConnections":0,"tunInboundPackets":24,"tunOutboundPackets":15,"tunDroppedPackets":0,"udpRemoteOpenEvents":2,"udpRemoteWrittenBytes":134,"udpRemoteReadBytes":83,"fatalTunErrors":0,"unrecoveredTransitions":0}
1791166718.966 23960 31146 W XrayDeviceProbe: XRAY_ANDROID_UDP_FAILURE queryTag=09da13383b9fa6f3 localPort=38153 errorCode=SocketTimeoutException
1791166718.969 23960 31146 I XrayDeviceProbe: XRAY_ANDROID_PROBE kind=udp result=failed errorCode=SocketTimeoutException elapsedSeconds=5
1791166721.654 24006 24006 I XrayDeviceGate: XRAY_ANDROID_LIFECYCLE state=connections-close-requested accepted=0
1791166721.657 24006 24006 I XrayDeviceGate: XRAY_ANDROID_SAMPLE {"tunBackend":"packet-pump","probeOnly":true,"runtimeRunning":true,"runtimeGeneration":1,"residentMemoryBytes":159969280,"threadCount":38,"processCpuMillis":31539,"elapsedRealtimeMillis":7184486,"activeConnections":0,"tunInboundPackets":25,"tunOutboundPackets":15,"tunDroppedPackets":0,"udpRemoteOpenEvents":2,"udpRemoteWrittenBytes":134,"udpRemoteReadBytes":83,"fatalTunErrors":0,"unrecoveredTransitions":0}
1791166723.428 23960 23960 I XrayDeviceProbe: XRAY_ANDROID_PROBE state=stopped
1791166724.687 23960 23960 I XrayDeviceProbe: XRAY_ANDROID_PROBE state=counters-reset
1791166724.880 23960 23960 I XrayDeviceProbe: XRAY_ANDROID_PROBE state=started
1791166725.017 23960 31215 I XrayDeviceProbe: XRAY_ANDROID_PROBE kind=http result=passed sequence=1 elapsedSeconds=0
1791166725.461 24006 31052 I XrayDeviceGate: XRAY_ANDROID_SAMPLE {"tunBackend":"packet-pump","probeOnly":true,"runtimeRunning":true,"runtimeGeneration":1,"residentMemoryBytes":159514624,"threadCount":38,"processCpuMillis":31637,"elapsedRealtimeMillis":7188291,"activeConnections":1,"tunInboundPackets":32,"tunOutboundPackets":20,"tunDroppedPackets":0,"udpRemoteOpenEvents":3,"udpRemoteWrittenBytes":201,"udpRemoteReadBytes":83,"fatalTunErrors":0,"unrecoveredTransitions":0}
1791166728.135 23960 31215 I XrayDeviceProbe: XRAY_ANDROID_PROBE kind=udp result=passed sequence=1 elapsedSeconds=3
1791166728.993 23960 23960 I XrayDeviceProbe: XRAY_ANDROID_PROBE state=stopped
1791166730.301 23960 23960 I XrayDeviceProbe: XRAY_ANDROID_PROBE state=stopped
1791166731.501 23960 23960 I XrayDeviceProbe: XRAY_ANDROID_PROBE state=counters-reset
1791166731.697 23960 23960 I XrayDeviceProbe: XRAY_ANDROID_PROBE state=started
1791166731.774 23960 31267 I XrayDeviceProbe: XRAY_ANDROID_PROBE kind=http result=passed sequence=1 elapsedSeconds=0
1791166732.052 24006 24006 I XrayDeviceGate: XRAY_ANDROID_LIFECYCLE state=stopped
1791166732.052 24006 24006 I XrayDeviceGate: XRAY_ANDROID_SAMPLE {"tunBackend":"packet-pump","probeOnly":true,"runtimeRunning":false,"runtimeGeneration":1,"residentMemoryBytes":160198656,"threadCount":30,"processCpuMillis":31735,"elapsedRealtimeMillis":7194881,"activeConnections":0,"tunInboundPackets":32,"tunOutboundPackets":20,"tunDroppedPackets":0,"udpRemoteOpenEvents":3,"udpRemoteWrittenBytes":201,"udpRemoteReadBytes":83,"fatalTunErrors":0,"unrecoveredTransitions":0}
1791166736.784 23960 31267 W XrayDeviceProbe: XRAY_ANDROID_UDP_FAILURE queryTag=b28447da36b5104e localPort=56225 errorCode=SocketTimeoutException
1791166736.787 23960 31267 I XrayDeviceProbe: XRAY_ANDROID_PROBE kind=udp result=failed errorCode=SocketTimeoutException elapsedSeconds=5
1791166740.020 23960 23960 I XrayDeviceProbe: XRAY_ANDROID_PROBE state=stopped
1791166741.370 24006 31323 I XrayDeviceGate: XRAY_ANDROID_SAMPLE {"tunBackend":"packet-pump","probeOnly":true,"runtimeRunning":false,"runtimeGeneration":1,"residentMemoryBytes":160567296,"threadCount":29,"processCpuMillis":31991,"elapsedRealtimeMillis":7204200,"activeConnections":0,"tunInboundPackets":0,"tunOutboundPackets":0,"tunDroppedPackets":0,"udpRemoteOpenEvents":0,"udpRemoteWrittenBytes":0,"udpRemoteReadBytes":0,"fatalTunErrors":0,"unrecoveredTransitions":0}
1791166741.450 24006 31325 I XrayDeviceGate: XRAY_ANDROID_LIFECYCLE state=running generation=2 tunBackend=packet-pump
1791166741.454 24006 31325 I XrayDeviceGate: XRAY_ANDROID_SAMPLE {"tunBackend":"packet-pump","probeOnly":true,"runtimeRunning":true,"runtimeGeneration":2,"residentMemoryBytes":159014912,"threadCount":38,"processCpuMillis":32095,"elapsedRealtimeMillis":7204283,"activeConnections":0,"tunInboundPackets":3,"tunOutboundPackets":0,"tunDroppedPackets":0,"udpRemoteOpenEvents":0,"udpRemoteWrittenBytes":0,"udpRemoteReadBytes":0,"fatalTunErrors":0,"unrecoveredTransitions":0}
1791166742.286 23960 23960 I XrayDeviceProbe: XRAY_ANDROID_PROBE state=counters-reset
1791166742.537 23960 23960 I XrayDeviceProbe: XRAY_ANDROID_PROBE state=started
1791166742.720 23960 31362 I XrayDeviceProbe: XRAY_ANDROID_PROBE kind=http result=passed sequence=1 elapsedSeconds=0
1791166745.752 23960 31362 I XrayDeviceProbe: XRAY_ANDROID_PROBE kind=udp result=passed sequence=1 elapsedSeconds=3
1791166746.612 23960 23960 I XrayDeviceProbe: XRAY_ANDROID_PROBE state=stopped
1791166748.025 24006 24006 I XrayDeviceGate: XRAY_ANDROID_SAMPLE {"tunBackend":"packet-pump","probeOnly":true,"runtimeRunning":false,"runtimeGeneration":2,"residentMemoryBytes":159182848,"threadCount":30,"processCpuMillis":32282,"elapsedRealtimeMillis":7210855,"activeConnections":0,"tunInboundPackets":3,"tunOutboundPackets":0,"tunDroppedPackets":0,"udpRemoteOpenEvents":0,"udpRemoteWrittenBytes":0,"udpRemoteReadBytes":0,"fatalTunErrors":0,"unrecoveredTransitions":0}
1791166748.026 24006 24006 I XrayDeviceGate: XRAY_ANDROID_LIFECYCLE state=stopped
1791166748.277 23960 23960 I XrayDeviceProbe: XRAY_ANDROID_PROBE state=stopped
1791166749.578 24006 24006 I XrayDeviceGate: XRAY_ANDROID_LIFECYCLE state=stopped
1791166749.578 24006 24006 I XrayDeviceGate: XRAY_ANDROID_SAMPLE {"tunBackend":"file-descriptor","probeOnly":false,"runtimeRunning":false,"runtimeGeneration":2,"residentMemoryBytes":159264768,"threadCount":29,"processCpuMillis":32417,"elapsedRealtimeMillis":7212407,"activeConnections":0,"tunInboundPackets":0,"tunOutboundPackets":0,"tunDroppedPackets":0,"udpRemoteOpenEvents":0,"udpRemoteWrittenBytes":0,"udpRemoteReadBytes":0,"fatalTunErrors":0,"unrecoveredTransitions":0}
1791166749.578 24006 31420 I XrayDeviceGate: XRAY_ANDROID_SAMPLE {"tunBackend":"file-descriptor","probeOnly":false,"runtimeRunning":false,"runtimeGeneration":2,"residentMemoryBytes":159264768,"threadCount":29,"processCpuMillis":32417,"elapsedRealtimeMillis":7212407,"activeConnections":0,"tunInboundPackets":0,"tunOutboundPackets":0,"tunDroppedPackets":0,"udpRemoteOpenEvents":0,"udpRemoteWrittenBytes":0,"udpRemoteReadBytes":0,"fatalTunErrors":0,"unrecoveredTransitions":0}
1791166751.502 23960 23960 I XrayDeviceProbe: XRAY_ANDROID_PROBE state=stopped
1791166752.801 24006 24006 I XrayDeviceGate: XRAY_ANDROID_LIFECYCLE state=stopped
1791166752.801 24006 24006 I XrayDeviceGate: XRAY_ANDROID_SAMPLE {"tunBackend":"file-descriptor","probeOnly":false,"runtimeRunning":false,"runtimeGeneration":2,"residentMemoryBytes":158646272,"threadCount":29,"processCpuMillis":32545,"elapsedRealtimeMillis":7215630,"activeConnections":0,"tunInboundPackets":0,"tunOutboundPackets":0,"tunDroppedPackets":0,"udpRemoteOpenEvents":0,"udpRemoteWrittenBytes":0,"udpRemoteReadBytes":0,"fatalTunErrors":0,"unrecoveredTransitions":0}
1791166752.801 24006 31449 I XrayDeviceGate: XRAY_ANDROID_SAMPLE {"tunBackend":"file-descriptor","probeOnly":false,"runtimeRunning":false,"runtimeGeneration":2,"residentMemoryBytes":158646272,"threadCount":29,"processCpuMillis":32545,"elapsedRealtimeMillis":7215630,"activeConnections":0,"tunInboundPackets":0,"tunOutboundPackets":0,"tunDroppedPackets":0,"udpRemoteOpenEvents":0,"udpRemoteWrittenBytes":0,"udpRemoteReadBytes":0,"fatalTunErrors":0,"unrecoveredTransitions":0}
1791166754.055 23960 23960 I XrayDeviceProbe: XRAY_ANDROID_PROBE state=stopped
1791166755.358 24006 31472 I XrayDeviceGate: XRAY_ANDROID_SAMPLE {"tunBackend":"file-descriptor","probeOnly":false,"runtimeRunning":false,"runtimeGeneration":2,"residentMemoryBytes":158834688,"threadCount":29,"processCpuMillis":32672,"elapsedRealtimeMillis":7218187,"activeConnections":0,"tunInboundPackets":0,"tunOutboundPackets":0,"tunDroppedPackets":0,"udpRemoteOpenEvents":0,"udpRemoteWrittenBytes":0,"udpRemoteReadBytes":0,"fatalTunErrors":0,"unrecoveredTransitions":0}
1791166755.360 24006 24006 I XrayDeviceGate: XRAY_ANDROID_LIFECYCLE state=stopped
1791166755.360 24006 24006 I XrayDeviceGate: XRAY_ANDROID_SAMPLE {"tunBackend":"file-descriptor","probeOnly":false,"runtimeRunning":false,"runtimeGeneration":2,"residentMemoryBytes":158834688,"threadCount":29,"processCpuMillis":32678,"elapsedRealtimeMillis":7218189,"activeConnections":0,"tunInboundPackets":0,"tunOutboundPackets":0,"tunDroppedPackets":0,"udpRemoteOpenEvents":0,"udpRemoteWrittenBytes":0,"udpRemoteReadBytes":0,"fatalTunErrors":0,"unrecoveredTransitions":0}
1791166755.555 24006 24006 I XrayDeviceGate: XRAY_ANDROID_LIFECYCLE state=counters-reset
1791166755.555 24006 31482 I XrayDeviceGate: XRAY_ANDROID_SAMPLE {"tunBackend":"file-descriptor","probeOnly":false,"runtimeRunning":false,"runtimeGeneration":2,"residentMemoryBytes":159121408,"threadCount":29,"processCpuMillis":32724,"elapsedRealtimeMillis":7218385,"activeConnections":0,"tunInboundPackets":0,"tunOutboundPackets":0,"tunDroppedPackets":0,"udpRemoteOpenEvents":0,"udpRemoteWrittenBytes":0,"udpRemoteReadBytes":0,"fatalTunErrors":0,"unrecoveredTransitions":0}
1791166756.772 24006 31506 I XrayDeviceGate: XRAY_ANDROID_SAMPLE {"tunBackend":"file-descriptor","probeOnly":true,"runtimeRunning":false,"runtimeGeneration":0,"residentMemoryBytes":159158272,"threadCount":29,"processCpuMillis":32790,"elapsedRealtimeMillis":7219601,"activeConnections":0,"tunInboundPackets":0,"tunOutboundPackets":0,"tunDroppedPackets":0,"udpRemoteOpenEvents":0,"udpRemoteWrittenBytes":0,"udpRemoteReadBytes":0,"fatalTunErrors":0,"unrecoveredTransitions":0}
1791166756.826 24006 31509 I XrayDeviceGate: XRAY_ANDROID_LIFECYCLE state=running generation=1 tunBackend=file-descriptor
1791166756.831 24006 31509 I XrayDeviceGate: XRAY_ANDROID_SAMPLE {"tunBackend":"file-descriptor","probeOnly":true,"runtimeRunning":true,"runtimeGeneration":1,"residentMemoryBytes":160485376,"threadCount":36,"processCpuMillis":32836,"elapsedRealtimeMillis":7219660,"activeConnections":0,"tunInboundPackets":3,"tunOutboundPackets":0,"tunDroppedPackets":0,"udpRemoteOpenEvents":0,"udpRemoteWrittenBytes":0,"udpRemoteReadBytes":0,"fatalTunErrors":0,"unrecoveredTransitions":0}
1791166757.658 23960 23960 I XrayDeviceProbe: XRAY_ANDROID_PROBE state=counters-reset
1791166757.919 23960 23960 I XrayDeviceProbe: XRAY_ANDROID_PROBE state=started
1791166758.008 23960 31539 I XrayDeviceProbe: XRAY_ANDROID_PROBE kind=http result=passed sequence=1 elapsedSeconds=0
1791166758.028 23960 31539 I XrayDeviceProbe: XRAY_ANDROID_PROBE kind=udp result=passed sequence=1 elapsedSeconds=0
1791166759.057 23960 31539 I XrayDeviceProbe: XRAY_ANDROID_PROBE kind=http result=passed sequence=2 elapsedSeconds=1
1791166759.067 23960 31539 I XrayDeviceProbe: XRAY_ANDROID_PROBE kind=udp result=passed sequence=2 elapsedSeconds=1
1791166759.328 23960 23960 I XrayDeviceProbe: XRAY_ANDROID_PROBE state=stopped
1791166760.632 23960 23960 I XrayDeviceProbe: XRAY_ANDROID_PROBE state=counters-reset
1791166760.824 23960 23960 I XrayDeviceProbe: XRAY_ANDROID_PROBE state=started
1791166760.854 23960 31571 I XrayDeviceProbe: XRAY_ANDROID_PROBE kind=http result=passed sequence=1 elapsedSeconds=0
1791166760.867 23960 31571 I XrayDeviceProbe: XRAY_ANDROID_PROBE kind=udp result=passed sequence=1 elapsedSeconds=0
1791166761.891 23960 31571 I XrayDeviceProbe: XRAY_ANDROID_PROBE kind=http result=passed sequence=2 elapsedSeconds=1
1791166761.902 23960 31571 I XrayDeviceProbe: XRAY_ANDROID_PROBE kind=udp result=passed sequence=2 elapsedSeconds=1
1791166762.202 23960 23960 I XrayDeviceProbe: XRAY_ANDROID_PROBE state=stopped
1791166763.493 23960 23960 I XrayDeviceProbe: XRAY_ANDROID_PROBE state=counters-reset
1791166763.675 23960 23960 I XrayDeviceProbe: XRAY_ANDROID_PROBE state=started
1791166763.744 23960 31601 I XrayDeviceProbe: XRAY_ANDROID_PROBE kind=http result=passed sequence=1 elapsedSeconds=0
1791166763.773 23960 31601 I XrayDeviceProbe: XRAY_ANDROID_PROBE kind=udp result=passed sequence=1 elapsedSeconds=0
1791166764.832 23960 31601 I XrayDeviceProbe: XRAY_ANDROID_PROBE kind=http result=passed sequence=2 elapsedSeconds=1
1791166764.896 23960 31601 I XrayDeviceProbe: XRAY_ANDROID_PROBE kind=udp result=passed sequence=2 elapsedSeconds=1
1791166765.665 23960 23960 I XrayDeviceProbe: XRAY_ANDROID_PROBE state=stopped
1791166766.777 24006 31506 I XrayDeviceGate: XRAY_ANDROID_SAMPLE {"tunBackend":"file-descriptor","probeOnly":true,"runtimeRunning":true,"runtimeGeneration":1,"residentMemoryBytes":161042432,"threadCount":36,"processCpuMillis":32975,"elapsedRealtimeMillis":7229606,"activeConnections":6,"tunInboundPackets":59,"tunOutboundPackets":44,"tunDroppedPackets":0,"udpRemoteOpenEvents":6,"udpRemoteWrittenBytes":402,"udpRemoteReadBytes":498,"fatalTunErrors":0,"unrecoveredTransitions":0}
1791166766.947 23960 23960 I XrayDeviceProbe: XRAY_ANDROID_PROBE state=stopped
1791166768.136 23960 23960 I XrayDeviceProbe: XRAY_ANDROID_PROBE state=counters-reset
1791166768.329 23960 23960 I XrayDeviceProbe: XRAY_ANDROID_PROBE state=started
1791166770.663 24006 24006 I XrayDeviceGate: XRAY_ANDROID_LIFECYCLE state=connections-close-requested accepted=7
1791166770.665 23960 31647 I XrayDeviceProbe: XRAY_ANDROID_PROBE kind=http result=failed errorCode=SocketException elapsedSeconds=2
1791166770.667 24006 24006 I XrayDeviceGate: XRAY_ANDROID_SAMPLE {"tunBackend":"file-descriptor","probeOnly":true,"runtimeRunning":true,"runtimeGeneration":1,"residentMemoryBytes":161656832,"threadCount":36,"processCpuMillis":33028,"elapsedRealtimeMillis":7233497,"activeConnections":0,"tunInboundPackets":63,"tunOutboundPackets":47,"tunDroppedPackets":0,"udpRemoteOpenEvents":6,"udpRemoteWrittenBytes":402,"udpRemoteReadBytes":498,"fatalTunErrors":0,"unrecoveredTransitions":0}
1791166770.676 23960 31647 I XrayDeviceProbe: XRAY_ANDROID_PROBE kind=udp result=passed sequence=1 elapsedSeconds=2
1791166770.915 23960 23960 I XrayDeviceProbe: XRAY_ANDROID_PROBE state=stopped
1791166776.789 24006 31506 I XrayDeviceGate: XRAY_ANDROID_SAMPLE {"tunBackend":"file-descriptor","probeOnly":true,"runtimeRunning":true,"runtimeGeneration":1,"residentMemoryBytes":161296384,"threadCount":36,"processCpuMillis":33137,"elapsedRealtimeMillis":7239618,"activeConnections":1,"tunInboundPackets":64,"tunOutboundPackets":48,"tunDroppedPackets":0,"udpRemoteOpenEvents":7,"udpRemoteWrittenBytes":469,"udpRemoteReadBytes":581,"fatalTunErrors":0,"unrecoveredTransitions":0}
1791166777.613 23960 23960 I XrayDeviceProbe: XRAY_ANDROID_PROBE state=counters-reset
1791166777.815 23960 23960 I XrayDeviceProbe: XRAY_ANDROID_PROBE state=started
1791166777.859 23960 31690 I XrayDeviceProbe: XRAY_ANDROID_PROBE kind=http result=passed sequence=1 elapsedSeconds=0
1791166777.868 23960 31690 I XrayDeviceProbe: XRAY_ANDROID_PROBE kind=udp result=passed sequence=1 elapsedSeconds=0
1791166778.910 23960 31690 I XrayDeviceProbe: XRAY_ANDROID_PROBE kind=http result=passed sequence=2 elapsedSeconds=1
1791166778.924 23960 31690 I XrayDeviceProbe: XRAY_ANDROID_PROBE kind=udp result=passed sequence=2 elapsedSeconds=1
1791166779.184 23960 23960 I XrayDeviceProbe: XRAY_ANDROID_PROBE state=stopped
1791166780.484 23960 23960 I XrayDeviceProbe: XRAY_ANDROID_PROBE state=stopped
1791166781.686 23960 23960 I XrayDeviceProbe: XRAY_ANDROID_PROBE state=counters-reset
1791166781.874 23960 23960 I XrayDeviceProbe: XRAY_ANDROID_PROBE state=started
1791166783.085 23960 31727 I XrayDeviceProbe: XRAY_ANDROID_PROBE kind=http result=failed errorCode=SocketException elapsedSeconds=1
1791166783.111 24006 24006 I XrayDeviceGate: XRAY_ANDROID_LIFECYCLE state=stopped
1791166783.111 24006 24006 I XrayDeviceGate: XRAY_ANDROID_SAMPLE {"tunBackend":"file-descriptor","probeOnly":true,"runtimeRunning":false,"runtimeGeneration":1,"residentMemoryBytes":162070528,"threadCount":30,"processCpuMillis":33211,"elapsedRealtimeMillis":7245940,"activeConnections":0,"tunInboundPackets":64,"tunOutboundPackets":48,"tunDroppedPackets":0,"udpRemoteOpenEvents":7,"udpRemoteWrittenBytes":469,"udpRemoteReadBytes":581,"fatalTunErrors":0,"unrecoveredTransitions":0}
1791166786.376 23960 23960 I XrayDeviceProbe: XRAY_ANDROID_PROBE state=stopped
1791166787.719 24006 24006 I XrayDeviceGate: XRAY_ANDROID_LIFECYCLE state=stopped
1791166787.719 24006 24006 I XrayDeviceGate: XRAY_ANDROID_SAMPLE {"tunBackend":"file-descriptor","probeOnly":false,"runtimeRunning":false,"runtimeGeneration":1,"residentMemoryBytes":162471936,"threadCount":29,"processCpuMillis":33407,"elapsedRealtimeMillis":7250549,"activeConnections":0,"tunInboundPackets":0,"tunOutboundPackets":0,"tunDroppedPackets":0,"udpRemoteOpenEvents":0,"udpRemoteWrittenBytes":0,"udpRemoteReadBytes":0,"fatalTunErrors":0,"unrecoveredTransitions":0}
1791166787.719 24006 31764 I XrayDeviceGate: XRAY_ANDROID_SAMPLE {"tunBackend":"file-descriptor","probeOnly":false,"runtimeRunning":false,"runtimeGeneration":1,"residentMemoryBytes":162471936,"threadCount":29,"processCpuMillis":33407,"elapsedRealtimeMillis":7250549,"activeConnections":0,"tunInboundPackets":0,"tunOutboundPackets":0,"tunDroppedPackets":0,"udpRemoteOpenEvents":0,"udpRemoteWrittenBytes":0,"udpRemoteReadBytes":0,"fatalTunErrors":0,"unrecoveredTransitions":0}
1791166788.094 23960 31727 W XrayDeviceProbe: XRAY_ANDROID_UDP_FAILURE queryTag=7c4dcac529087184 localPort=54271 errorCode=SocketTimeoutException
1791166788.095 23960 31727 I XrayDeviceProbe: XRAY_ANDROID_PROBE kind=udp result=failed errorCode=SocketTimeoutException elapsedSeconds=6
1791166789.635 23960 23960 I XrayDeviceProbe: XRAY_ANDROID_PROBE state=stopped
1791166790.933 24006 31791 I XrayDeviceGate: XRAY_ANDROID_SAMPLE {"tunBackend":"file-descriptor","probeOnly":false,"runtimeRunning":false,"runtimeGeneration":1,"residentMemoryBytes":156803072,"threadCount":29,"processCpuMillis":33573,"elapsedRealtimeMillis":7253762,"activeConnections":0,"tunInboundPackets":0,"tunOutboundPackets":0,"tunDroppedPackets":0,"udpRemoteOpenEvents":0,"udpRemoteWrittenBytes":0,"udpRemoteReadBytes":0,"fatalTunErrors":0,"unrecoveredTransitions":0}
1791166790.935 24006 24006 I XrayDeviceGate: XRAY_ANDROID_LIFECYCLE state=stopped
1791166790.935 24006 24006 I XrayDeviceGate: XRAY_ANDROID_SAMPLE {"tunBackend":"file-descriptor","probeOnly":false,"runtimeRunning":false,"runtimeGeneration":1,"residentMemoryBytes":156803072,"threadCount":29,"processCpuMillis":33576,"elapsedRealtimeMillis":7253764,"activeConnections":0,"tunInboundPackets":0,"tunOutboundPackets":0,"tunDroppedPackets":0,"udpRemoteOpenEvents":0,"udpRemoteWrittenBytes":0,"udpRemoteReadBytes":0,"fatalTunErrors":0,"unrecoveredTransitions":0}
1791166791.151 24006 31801 I XrayDeviceGate: XRAY_ANDROID_SAMPLE {"tunBackend":"file-descriptor","probeOnly":false,"runtimeRunning":false,"runtimeGeneration":1,"residentMemoryBytes":157097984,"threadCount":29,"processCpuMillis":33623,"elapsedRealtimeMillis":7253981,"activeConnections":0,"tunInboundPackets":0,"tunOutboundPackets":0,"tunDroppedPackets":0,"udpRemoteOpenEvents":0,"udpRemoteWrittenBytes":0,"udpRemoteReadBytes":0,"fatalTunErrors":0,"unrecoveredTransitions":0}
1791166791.152 24006 24006 I XrayDeviceGate: XRAY_ANDROID_LIFECYCLE state=counters-reset
1791166792.372 24006 31825 I XrayDeviceGate: XRAY_ANDROID_SAMPLE {"tunBackend":"packet-pump","probeOnly":true,"runtimeRunning":false,"runtimeGeneration":0,"residentMemoryBytes":157089792,"threadCount":29,"processCpuMillis":33688,"elapsedRealtimeMillis":7255202,"activeConnections":0,"tunInboundPackets":0,"tunOutboundPackets":0,"tunDroppedPackets":0,"udpRemoteOpenEvents":0,"udpRemoteWrittenBytes":0,"udpRemoteReadBytes":0,"fatalTunErrors":0,"unrecoveredTransitions":0}
1791166792.431 24006 31828 I XrayDeviceGate: XRAY_ANDROID_LIFECYCLE state=running generation=1 tunBackend=packet-pump
1791166792.436 24006 31828 I XrayDeviceGate: XRAY_ANDROID_SAMPLE {"tunBackend":"packet-pump","probeOnly":true,"runtimeRunning":true,"runtimeGeneration":1,"residentMemoryBytes":158433280,"threadCount":38,"processCpuMillis":33745,"elapsedRealtimeMillis":7255265,"activeConnections":0,"tunInboundPackets":3,"tunOutboundPackets":0,"tunDroppedPackets":0,"udpRemoteOpenEvents":0,"udpRemoteWrittenBytes":0,"udpRemoteReadBytes":0,"fatalTunErrors":0,"unrecoveredTransitions":0}
1791166793.242 23960 23960 I XrayDeviceProbe: XRAY_ANDROID_PROBE state=counters-reset
1791166793.463 23960 23960 I XrayDeviceProbe: XRAY_ANDROID_PROBE state=started
1791166793.596 23960 31860 I XrayDeviceProbe: XRAY_ANDROID_PROBE kind=http result=passed sequence=1 elapsedSeconds=0
1791166793.610 23960 31860 I XrayDeviceProbe: XRAY_ANDROID_PROBE kind=udp result=passed sequence=1 elapsedSeconds=0
1791166794.636 23960 31860 I XrayDeviceProbe: XRAY_ANDROID_PROBE kind=http result=passed sequence=2 elapsedSeconds=1
1791166794.647 23960 31860 I XrayDeviceProbe: XRAY_ANDROID_PROBE kind=udp result=passed sequence=2 elapsedSeconds=1
1791166795.454 23960 23960 I XrayDeviceProbe: XRAY_ANDROID_PROBE state=stopped
1791166796.777 23960 23960 I XrayDeviceProbe: XRAY_ANDROID_PROBE state=counters-reset
1791166796.969 23960 23960 I XrayDeviceProbe: XRAY_ANDROID_PROBE state=started
1791166797.002 23960 31896 I XrayDeviceProbe: XRAY_ANDROID_PROBE kind=http result=passed sequence=1 elapsedSeconds=0
1791166797.016 23960 31896 I XrayDeviceProbe: XRAY_ANDROID_PROBE kind=udp result=passed sequence=1 elapsedSeconds=0
1791166798.036 23960 31896 I XrayDeviceProbe: XRAY_ANDROID_PROBE kind=http result=passed sequence=2 elapsedSeconds=1
1791166798.047 23960 31896 I XrayDeviceProbe: XRAY_ANDROID_PROBE kind=udp result=passed sequence=2 elapsedSeconds=1
1791166798.353 23960 23960 I XrayDeviceProbe: XRAY_ANDROID_PROBE state=stopped
1791166799.638 23960 23960 I XrayDeviceProbe: XRAY_ANDROID_PROBE state=counters-reset
1791166799.831 23960 23960 I XrayDeviceProbe: XRAY_ANDROID_PROBE state=started
1791166799.996 23960 31926 I XrayDeviceProbe: XRAY_ANDROID_PROBE kind=http result=passed sequence=1 elapsedSeconds=0
1791166800.009 23960 31926 I XrayDeviceProbe: XRAY_ANDROID_PROBE kind=udp result=passed sequence=1 elapsedSeconds=0
1791166801.103 23960 31926 I XrayDeviceProbe: XRAY_ANDROID_PROBE kind=http result=passed sequence=2 elapsedSeconds=1
1791166801.113 23960 31926 I XrayDeviceProbe: XRAY_ANDROID_PROBE kind=udp result=passed sequence=2 elapsedSeconds=1
1791166801.784 23960 23960 I XrayDeviceProbe: XRAY_ANDROID_PROBE state=stopped
1791166802.380 24006 31825 I XrayDeviceGate: XRAY_ANDROID_SAMPLE {"tunBackend":"packet-pump","probeOnly":true,"runtimeRunning":true,"runtimeGeneration":1,"residentMemoryBytes":158494720,"threadCount":38,"processCpuMillis":33940,"elapsedRealtimeMillis":7265209,"activeConnections":6,"tunInboundPackets":58,"tunOutboundPackets":45,"tunDroppedPackets":0,"udpRemoteOpenEvents":6,"udpRemoteWrittenBytes":402,"udpRemoteReadBytes":498,"fatalTunErrors":0,"unrecoveredTransitions":0}
1791166803.078 23960 23960 I XrayDeviceProbe: XRAY_ANDROID_PROBE state=stopped
1791166804.270 23960 23960 I XrayDeviceProbe: XRAY_ANDROID_PROBE state=counters-reset
1791166804.460 23960 23960 I XrayDeviceProbe: XRAY_ANDROID_PROBE state=started
1791166806.715 24006 24006 I XrayDeviceGate: XRAY_ANDROID_LIFECYCLE state=connections-close-requested accepted=7
1791166806.719 23960 31972 I XrayDeviceProbe: XRAY_ANDROID_PROBE kind=http result=failed errorCode=SocketException elapsedSeconds=2
1791166806.720 24006 24006 I XrayDeviceGate: XRAY_ANDROID_SAMPLE {"tunBackend":"packet-pump","probeOnly":true,"runtimeRunning":true,"runtimeGeneration":1,"residentMemoryBytes":159375360,"threadCount":38,"processCpuMillis":34010,"elapsedRealtimeMillis":7269549,"activeConnections":0,"tunInboundPackets":62,"tunOutboundPackets":48,"tunDroppedPackets":0,"udpRemoteOpenEvents":6,"udpRemoteWrittenBytes":402,"udpRemoteReadBytes":498,"fatalTunErrors":0,"unrecoveredTransitions":0}
1791166806.733 23960 31972 I XrayDeviceProbe: XRAY_ANDROID_PROBE kind=udp result=passed sequence=1 elapsedSeconds=2
1791166807.000 23960 23960 I XrayDeviceProbe: XRAY_ANDROID_PROBE state=stopped
1791166812.390 24006 31825 I XrayDeviceGate: XRAY_ANDROID_SAMPLE {"tunBackend":"packet-pump","probeOnly":true,"runtimeRunning":true,"runtimeGeneration":1,"residentMemoryBytes":159051776,"threadCount":38,"processCpuMillis":34158,"elapsedRealtimeMillis":7275219,"activeConnections":1,"tunInboundPackets":63,"tunOutboundPackets":49,"tunDroppedPackets":0,"udpRemoteOpenEvents":7,"udpRemoteWrittenBytes":469,"udpRemoteReadBytes":581,"fatalTunErrors":0,"unrecoveredTransitions":0}
1791166813.740 23960 23960 I XrayDeviceProbe: XRAY_ANDROID_PROBE state=counters-reset
1791166813.932 23960 23960 I XrayDeviceProbe: XRAY_ANDROID_PROBE state=started
1791166814.036 23960 32018 I XrayDeviceProbe: XRAY_ANDROID_PROBE kind=http result=passed sequence=1 elapsedSeconds=0
1791166814.049 23960 32018 I XrayDeviceProbe: XRAY_ANDROID_PROBE kind=udp result=passed sequence=1 elapsedSeconds=0
1791166815.087 23960 32018 I XrayDeviceProbe: XRAY_ANDROID_PROBE kind=http result=passed sequence=2 elapsedSeconds=1
1791166815.096 23960 32018 I XrayDeviceProbe: XRAY_ANDROID_PROBE kind=udp result=passed sequence=2 elapsedSeconds=1
1791166815.892 23960 23960 I XrayDeviceProbe: XRAY_ANDROID_PROBE state=stopped
1791166817.181 23960 23960 I XrayDeviceProbe: XRAY_ANDROID_PROBE state=stopped
1791166818.375 23960 23960 I XrayDeviceProbe: XRAY_ANDROID_PROBE state=counters-reset
1791166818.571 23960 23960 I XrayDeviceProbe: XRAY_ANDROID_PROBE state=started
1791166818.839 23960 32059 I XrayDeviceProbe: XRAY_ANDROID_PROBE kind=http result=failed errorCode=SocketException elapsedSeconds=0
1791166818.873 24006 24006 I XrayDeviceGate: XRAY_ANDROID_SAMPLE {"tunBackend":"packet-pump","probeOnly":true,"runtimeRunning":false,"runtimeGeneration":1,"residentMemoryBytes":159817728,"threadCount":30,"processCpuMillis":34264,"elapsedRealtimeMillis":7281703,"activeConnections":0,"tunInboundPackets":63,"tunOutboundPackets":49,"tunDroppedPackets":0,"udpRemoteOpenEvents":7,"udpRemoteWrittenBytes":469,"udpRemoteReadBytes":581,"fatalTunErrors":0,"unrecoveredTransitions":0}
1791166818.874 24006 24006 I XrayDeviceGate: XRAY_ANDROID_LIFECYCLE state=stopped
1791166822.036 23960 23960 I XrayDeviceProbe: XRAY_ANDROID_PROBE state=stopped
1791166823.376 24006 32092 I XrayDeviceGate: XRAY_ANDROID_SAMPLE {"tunBackend":"file-descriptor","probeOnly":false,"runtimeRunning":false,"runtimeGeneration":1,"residentMemoryBytes":160288768,"threadCount":29,"processCpuMillis":34459,"elapsedRealtimeMillis":7286205,"activeConnections":0,"tunInboundPackets":0,"tunOutboundPackets":0,"tunDroppedPackets":0,"udpRemoteOpenEvents":0,"udpRemoteWrittenBytes":0,"udpRemoteReadBytes":0,"fatalTunErrors":0,"unrecoveredTransitions":0}
1791166823.378 24006 24006 I XrayDeviceGate: XRAY_ANDROID_LIFECYCLE state=stopped
1791166823.378 24006 24006 I XrayDeviceGate: XRAY_ANDROID_SAMPLE {"tunBackend":"file-descriptor","probeOnly":false,"runtimeRunning":false,"runtimeGeneration":1,"residentMemoryBytes":160288768,"threadCount":29,"processCpuMillis":34463,"elapsedRealtimeMillis":7286208,"activeConnections":0,"tunInboundPackets":0,"tunOutboundPackets":0,"tunDroppedPackets":0,"udpRemoteOpenEvents":0,"udpRemoteWrittenBytes":0,"udpRemoteReadBytes":0,"fatalTunErrors":0,"unrecoveredTransitions":0}
1791166823.847 23960 32059 W XrayDeviceProbe: XRAY_ANDROID_UDP_FAILURE queryTag=645bfbba2d4c41e3 localPort=54652 errorCode=SocketTimeoutException
1791166823.848 23960 32059 I XrayDeviceProbe: XRAY_ANDROID_PROBE kind=udp result=failed errorCode=SocketTimeoutException elapsedSeconds=5
1791166825.258 23960 23960 I XrayDeviceProbe: XRAY_ANDROID_PROBE state=stopped
1791166826.581 24006 24006 I XrayDeviceGate: XRAY_ANDROID_LIFECYCLE state=stopped
1791166826.581 24006 24006 I XrayDeviceGate: XRAY_ANDROID_SAMPLE {"tunBackend":"file-descriptor","probeOnly":false,"runtimeRunning":false,"runtimeGeneration":1,"residentMemoryBytes":160485376,"threadCount":29,"processCpuMillis":34586,"elapsedRealtimeMillis":7289410,"activeConnections":0,"tunInboundPackets":0,"tunOutboundPackets":0,"tunDroppedPackets":0,"udpRemoteOpenEvents":0,"udpRemoteWrittenBytes":0,"udpRemoteReadBytes":0,"fatalTunErrors":0,"unrecoveredTransitions":0}
1791166826.581 24006 32119 I XrayDeviceGate: XRAY_ANDROID_SAMPLE {"tunBackend":"file-descriptor","probeOnly":false,"runtimeRunning":false,"runtimeGeneration":1,"residentMemoryBytes":160485376,"threadCount":29,"processCpuMillis":34588,"elapsedRealtimeMillis":7289411,"activeConnections":0,"tunInboundPackets":0,"tunOutboundPackets":0,"tunDroppedPackets":0,"udpRemoteOpenEvents":0,"udpRemoteWrittenBytes":0,"udpRemoteReadBytes":0,"fatalTunErrors":0,"unrecoveredTransitions":0}
1791166826.814 24006 24006 I XrayDeviceGate: XRAY_ANDROID_LIFECYCLE state=counters-reset
1791166826.816 24006 32129 I XrayDeviceGate: XRAY_ANDROID_SAMPLE {"tunBackend":"file-descriptor","probeOnly":false,"runtimeRunning":false,"runtimeGeneration":0,"residentMemoryBytes":160768000,"threadCount":29,"processCpuMillis":34641,"elapsedRealtimeMillis":7289646,"activeConnections":0,"tunInboundPackets":0,"tunOutboundPackets":0,"tunDroppedPackets":0,"udpRemoteOpenEvents":0,"udpRemoteWrittenBytes":0,"udpRemoteReadBytes":0,"fatalTunErrors":0,"unrecoveredTransitions":0}
1791166828.520 24006 32168 I XrayDeviceGate: XRAY_ANDROID_SAMPLE {"tunBackend":"file-descriptor","probeOnly":true,"runtimeRunning":false,"runtimeGeneration":0,"residentMemoryBytes":160305152,"threadCount":29,"processCpuMillis":34762,"elapsedRealtimeMillis":7291349,"activeConnections":0,"tunInboundPackets":0,"tunOutboundPackets":0,"tunDroppedPackets":0,"udpRemoteOpenEvents":0,"udpRemoteWrittenBytes":0,"udpRemoteReadBytes":0,"fatalTunErrors":0,"unrecoveredTransitions":0}
1791166828.572 24006 32170 I XrayDeviceGate: XRAY_ANDROID_LIFECYCLE state=running generation=1 tunBackend=file-descriptor
1791166828.576 24006 32170 I XrayDeviceGate: XRAY_ANDROID_SAMPLE {"tunBackend":"file-descriptor","probeOnly":true,"runtimeRunning":true,"runtimeGeneration":1,"residentMemoryBytes":161415168,"threadCount":36,"processCpuMillis":34808,"elapsedRealtimeMillis":7291405,"activeConnections":0,"tunInboundPackets":3,"tunOutboundPackets":0,"tunDroppedPackets":0,"udpRemoteOpenEvents":0,"udpRemoteWrittenBytes":0,"udpRemoteReadBytes":0,"fatalTunErrors":0,"unrecoveredTransitions":0}
1791166829.387 23960 23960 I XrayDeviceProbe: XRAY_ANDROID_PROBE state=counters-reset
1791166829.619 23960 23960 I XrayDeviceProbe: XRAY_ANDROID_PROBE state=started
1791166829.642 23960 32202 I XrayDeviceProbe: XRAY_ANDROID_PROBE kind=http result=passed sequence=1 elapsedSeconds=0
1791166829.653 23960 32202 I XrayDeviceProbe: XRAY_ANDROID_PROBE kind=udp result=passed sequence=1 elapsedSeconds=0
1791166830.695 23960 32202 I XrayDeviceProbe: XRAY_ANDROID_PROBE kind=http result=passed sequence=2 elapsedSeconds=1
1791166830.795 23960 32202 I XrayDeviceProbe: XRAY_ANDROID_PROBE kind=udp result=passed sequence=2 elapsedSeconds=1
1791166831.017 23960 23960 I XrayDeviceProbe: XRAY_ANDROID_PROBE state=stopped
1791166832.310 23960 23960 I XrayDeviceProbe: XRAY_ANDROID_PROBE state=counters-reset
1791166832.499 23960 23960 I XrayDeviceProbe: XRAY_ANDROID_PROBE state=started
1791166832.542 23960 32235 I XrayDeviceProbe: XRAY_ANDROID_PROBE kind=http result=passed sequence=1 elapsedSeconds=0
1791166832.553 23960 32235 I XrayDeviceProbe: XRAY_ANDROID_PROBE kind=udp result=passed sequence=1 elapsedSeconds=0
1791166833.577 23960 32235 I XrayDeviceProbe: XRAY_ANDROID_PROBE kind=http result=passed sequence=2 elapsedSeconds=1
1791166833.588 23960 32235 I XrayDeviceProbe: XRAY_ANDROID_PROBE kind=udp result=passed sequence=2 elapsedSeconds=1
1791166833.860 23960 23960 I XrayDeviceProbe: XRAY_ANDROID_PROBE state=stopped
1791166835.142 23960 23960 I XrayDeviceProbe: XRAY_ANDROID_PROBE state=counters-reset
1791166835.336 23960 23960 I XrayDeviceProbe: XRAY_ANDROID_PROBE state=started
1791166835.376 23960 32265 I XrayDeviceProbe: XRAY_ANDROID_PROBE kind=http result=passed sequence=1 elapsedSeconds=0
1791166835.405 23960 32265 I XrayDeviceProbe: XRAY_ANDROID_PROBE kind=udp result=passed sequence=1 elapsedSeconds=0
1791166836.435 23960 32265 I XrayDeviceProbe: XRAY_ANDROID_PROBE kind=http result=passed sequence=2 elapsedSeconds=1
1791166836.446 23960 32265 I XrayDeviceProbe: XRAY_ANDROID_PROBE kind=udp result=passed sequence=2 elapsedSeconds=1
1791166836.719 23960 23960 I XrayDeviceProbe: XRAY_ANDROID_PROBE state=stopped
1791166838.013 23960 23960 I XrayDeviceProbe: XRAY_ANDROID_PROBE state=stopped
1791166838.525 24006 32168 I XrayDeviceGate: XRAY_ANDROID_SAMPLE {"tunBackend":"file-descriptor","probeOnly":true,"runtimeRunning":true,"runtimeGeneration":1,"residentMemoryBytes":157659136,"threadCount":36,"processCpuMillis":34965,"elapsedRealtimeMillis":7301354,"activeConnections":6,"tunInboundPackets":54,"tunOutboundPackets":42,"tunDroppedPackets":0,"udpRemoteOpenEvents":6,"udpRemoteWrittenBytes":402,"udpRemoteReadBytes":498,"fatalTunErrors":0,"unrecoveredTransitions":0}
1791166839.197 23960 23960 I XrayDeviceProbe: XRAY_ANDROID_PROBE state=counters-reset
1791166839.369 23960 23960 I XrayDeviceProbe: XRAY_ANDROID_PROBE state=started
1791166839.563 24006 24006 I XrayDeviceGate: XRAY_ANDROID_LIFECYCLE state=connections-close-requested accepted=7
1791166839.565 23960 32306 I XrayDeviceProbe: XRAY_ANDROID_PROBE kind=http result=failed errorCode=SocketException elapsedSeconds=0
1791166839.567 24006 24006 I XrayDeviceGate: XRAY_ANDROID_SAMPLE {"tunBackend":"file-descriptor","probeOnly":true,"runtimeRunning":true,"runtimeGeneration":1,"residentMemoryBytes":158224384,"threadCount":36,"processCpuMillis":35014,"elapsedRealtimeMillis":7302396,"activeConnections":0,"tunInboundPackets":57,"tunOutboundPackets":45,"tunDroppedPackets":0,"udpRemoteOpenEvents":6,"udpRemoteWrittenBytes":402,"udpRemoteReadBytes":498,"fatalTunErrors":0,"unrecoveredTransitions":0}
1791166839.585 23960 32306 I XrayDeviceProbe: XRAY_ANDROID_PROBE kind=udp result=passed sequence=1 elapsedSeconds=0
1791166839.820 23960 23960 I XrayDeviceProbe: XRAY_ANDROID_PROBE state=stopped
1791166846.533 23960 23960 I XrayDeviceProbe: XRAY_ANDROID_PROBE state=counters-reset
1791166846.720 23960 23960 I XrayDeviceProbe: XRAY_ANDROID_PROBE state=started
1791166846.754 23960 32344 I XrayDeviceProbe: XRAY_ANDROID_PROBE kind=http result=passed sequence=1 elapsedSeconds=0
1791166846.765 23960 32344 I XrayDeviceProbe: XRAY_ANDROID_PROBE kind=udp result=passed sequence=1 elapsedSeconds=0
1791166847.792 23960 32344 I XrayDeviceProbe: XRAY_ANDROID_PROBE kind=http result=passed sequence=2 elapsedSeconds=1
1791166847.804 23960 32344 I XrayDeviceProbe: XRAY_ANDROID_PROBE kind=udp result=passed sequence=2 elapsedSeconds=1
1791166848.098 23960 23960 I XrayDeviceProbe: XRAY_ANDROID_PROBE state=stopped
1791166848.529 24006 32168 I XrayDeviceGate: XRAY_ANDROID_SAMPLE {"tunBackend":"file-descriptor","probeOnly":true,"runtimeRunning":true,"runtimeGeneration":1,"residentMemoryBytes":158035968,"threadCount":36,"processCpuMillis":35135,"elapsedRealtimeMillis":7311359,"activeConnections":3,"tunInboundPackets":73,"tunOutboundPackets":58,"tunDroppedPackets":0,"udpRemoteOpenEvents":9,"udpRemoteWrittenBytes":603,"udpRemoteReadBytes":747,"fatalTunErrors":0,"unrecoveredTransitions":0}
1791166849.381 23960 23960 I XrayDeviceProbe: XRAY_ANDROID_PROBE state=stopped
1791166850.580 23960 23960 I XrayDeviceProbe: XRAY_ANDROID_PROBE state=counters-reset
1791166850.761 23960 23960 I XrayDeviceProbe: XRAY_ANDROID_PROBE state=started
1791166851.026 23960 32382 I XrayDeviceProbe: XRAY_ANDROID_PROBE kind=http result=failed errorCode=SocketException elapsedSeconds=0
1791166851.068 24006 24006 I XrayDeviceGate: XRAY_ANDROID_LIFECYCLE state=stopped
1791166851.068 24006 24006 I XrayDeviceGate: XRAY_ANDROID_SAMPLE {"tunBackend":"file-descriptor","probeOnly":true,"runtimeRunning":false,"runtimeGeneration":1,"residentMemoryBytes":158646272,"threadCount":30,"processCpuMillis":35187,"elapsedRealtimeMillis":7313898,"activeConnections":0,"tunInboundPackets":73,"tunOutboundPackets":58,"tunDroppedPackets":0,"udpRemoteOpenEvents":9,"udpRemoteWrittenBytes":603,"udpRemoteReadBytes":747,"fatalTunErrors":0,"unrecoveredTransitions":0}
1791166851.324 23960 23960 I XrayDeviceProbe: XRAY_ANDROID_PROBE state=stopped
1791166856.038 23960 32382 W XrayDeviceProbe: XRAY_ANDROID_UDP_FAILURE queryTag=1bffbdd4221c933d localPort=60186 errorCode=SocketTimeoutException
1791166856.040 23960 32382 I XrayDeviceProbe: XRAY_ANDROID_PROBE kind=udp result=failed errorCode=SocketTimeoutException elapsedSeconds=5
1791166858.121 24006 32420 I XrayDeviceGate: XRAY_ANDROID_SAMPLE {"tunBackend":"file-descriptor","probeOnly":true,"runtimeRunning":false,"runtimeGeneration":1,"residentMemoryBytes":158945280,"threadCount":29,"processCpuMillis":35335,"elapsedRealtimeMillis":7320950,"activeConnections":0,"tunInboundPackets":0,"tunOutboundPackets":0,"tunDroppedPackets":0,"udpRemoteOpenEvents":0,"udpRemoteWrittenBytes":0,"udpRemoteReadBytes":0,"fatalTunErrors":0,"unrecoveredTransitions":0}
1791166858.184 24006 32422 I XrayDeviceGate: XRAY_ANDROID_LIFECYCLE state=running generation=2 tunBackend=file-descriptor
1791166858.188 24006 32422 I XrayDeviceGate: XRAY_ANDROID_SAMPLE {"tunBackend":"file-descriptor","probeOnly":true,"runtimeRunning":true,"runtimeGeneration":2,"residentMemoryBytes":160141312,"threadCount":36,"processCpuMillis":35386,"elapsedRealtimeMillis":7321017,"activeConnections":0,"tunInboundPackets":3,"tunOutboundPackets":0,"tunDroppedPackets":0,"udpRemoteOpenEvents":0,"udpRemoteWrittenBytes":0,"udpRemoteReadBytes":0,"fatalTunErrors":0,"unrecoveredTransitions":0}
1791166859.046 23960 23960 I XrayDeviceProbe: XRAY_ANDROID_PROBE state=counters-reset
1791166859.288 23960 23960 I XrayDeviceProbe: XRAY_ANDROID_PROBE state=started
1791166859.332 23960 32453 I XrayDeviceProbe: XRAY_ANDROID_PROBE kind=http result=passed sequence=1 elapsedSeconds=0
1791166859.342 23960 32453 I XrayDeviceProbe: XRAY_ANDROID_PROBE kind=udp result=passed sequence=1 elapsedSeconds=0
1791166860.371 23960 32453 I XrayDeviceProbe: XRAY_ANDROID_PROBE kind=http result=passed sequence=2 elapsedSeconds=1
1791166860.382 23960 32453 I XrayDeviceProbe: XRAY_ANDROID_PROBE kind=udp result=passed sequence=2 elapsedSeconds=1
1791166860.688 23960 23960 I XrayDeviceProbe: XRAY_ANDROID_PROBE state=stopped
1791166862.051 24006 24006 I XrayDeviceGate: XRAY_ANDROID_LIFECYCLE state=stopped
1791166862.051 24006 24006 I XrayDeviceGate: XRAY_ANDROID_SAMPLE {"tunBackend":"file-descriptor","probeOnly":true,"runtimeRunning":false,"runtimeGeneration":2,"residentMemoryBytes":160165888,"threadCount":30,"processCpuMillis":35541,"elapsedRealtimeMillis":7324880,"activeConnections":0,"tunInboundPackets":3,"tunOutboundPackets":0,"tunDroppedPackets":0,"udpRemoteOpenEvents":0,"udpRemoteWrittenBytes":0,"udpRemoteReadBytes":0,"fatalTunErrors":0,"unrecoveredTransitions":0}
1791166862.340 23960 23960 I XrayDeviceProbe: XRAY_ANDROID_PROBE state=stopped
1791166863.664 24006 32504 I XrayDeviceGate: XRAY_ANDROID_SAMPLE {"tunBackend":"file-descriptor","probeOnly":false,"runtimeRunning":false,"runtimeGeneration":2,"residentMemoryBytes":160337920,"threadCount":29,"processCpuMillis":35680,"elapsedRealtimeMillis":7326494,"activeConnections":0,"tunInboundPackets":0,"tunOutboundPackets":0,"tunDroppedPackets":0,"udpRemoteOpenEvents":0,"udpRemoteWrittenBytes":0,"udpRemoteReadBytes":0,"fatalTunErrors":0,"unrecoveredTransitions":0}
1791166863.667 24006 24006 I XrayDeviceGate: XRAY_ANDROID_LIFECYCLE state=stopped
1791166863.667 24006 24006 I XrayDeviceGate: XRAY_ANDROID_SAMPLE {"tunBackend":"file-descriptor","probeOnly":false,"runtimeRunning":false,"runtimeGeneration":2,"residentMemoryBytes":160337920,"threadCount":29,"processCpuMillis":35684,"elapsedRealtimeMillis":7326496,"activeConnections":0,"tunInboundPackets":0,"tunOutboundPackets":0,"tunDroppedPackets":0,"udpRemoteOpenEvents":0,"udpRemoteWrittenBytes":0,"udpRemoteReadBytes":0,"fatalTunErrors":0,"unrecoveredTransitions":0}
1791166865.592 23960 23960 I XrayDeviceProbe: XRAY_ANDROID_PROBE state=stopped
1791166866.878 24006 24006 I XrayDeviceGate: XRAY_ANDROID_LIFECYCLE state=stopped
1791166866.878 24006 24006 I XrayDeviceGate: XRAY_ANDROID_SAMPLE {"tunBackend":"file-descriptor","probeOnly":false,"runtimeRunning":false,"runtimeGeneration":2,"residentMemoryBytes":160489472,"threadCount":29,"processCpuMillis":35808,"elapsedRealtimeMillis":7329707,"activeConnections":0,"tunInboundPackets":0,"tunOutboundPackets":0,"tunDroppedPackets":0,"udpRemoteOpenEvents":0,"udpRemoteWrittenBytes":0,"udpRemoteReadBytes":0,"fatalTunErrors":0,"unrecoveredTransitions":0}
1791166866.878 24006 32531 I XrayDeviceGate: XRAY_ANDROID_SAMPLE {"tunBackend":"file-descriptor","probeOnly":false,"runtimeRunning":false,"runtimeGeneration":2,"residentMemoryBytes":160489472,"threadCount":29,"processCpuMillis":35808,"elapsedRealtimeMillis":7329707,"activeConnections":0,"tunInboundPackets":0,"tunOutboundPackets":0,"tunDroppedPackets":0,"udpRemoteOpenEvents":0,"udpRemoteWrittenBytes":0,"udpRemoteReadBytes":0,"fatalTunErrors":0,"unrecoveredTransitions":0}
1791166867.095 24006 24006 I XrayDeviceGate: XRAY_ANDROID_LIFECYCLE state=counters-reset
1791166867.096 24006 32541 I XrayDeviceGate: XRAY_ANDROID_SAMPLE {"tunBackend":"file-descriptor","probeOnly":false,"runtimeRunning":false,"runtimeGeneration":2,"residentMemoryBytes":160768000,"threadCount":29,"processCpuMillis":35859,"elapsedRealtimeMillis":7329925,"activeConnections":0,"tunInboundPackets":0,"tunOutboundPackets":0,"tunDroppedPackets":0,"udpRemoteOpenEvents":0,"udpRemoteWrittenBytes":0,"udpRemoteReadBytes":0,"fatalTunErrors":0,"unrecoveredTransitions":0}
1791166868.755 24006 32579 I XrayDeviceGate: XRAY_ANDROID_SAMPLE {"tunBackend":"packet-pump","probeOnly":true,"runtimeRunning":false,"runtimeGeneration":0,"residentMemoryBytes":161038336,"threadCount":29,"processCpuMillis":35965,"elapsedRealtimeMillis":7331585,"activeConnections":0,"tunInboundPackets":0,"tunOutboundPackets":0,"tunDroppedPackets":0,"udpRemoteOpenEvents":0,"udpRemoteWrittenBytes":0,"udpRemoteReadBytes":0,"fatalTunErrors":0,"unrecoveredTransitions":0}
1791166868.810 24006 32582 I XrayDeviceGate: XRAY_ANDROID_LIFECYCLE state=running generation=1 tunBackend=packet-pump
1791166868.813 24006 32582 I XrayDeviceGate: XRAY_ANDROID_SAMPLE {"tunBackend":"packet-pump","probeOnly":true,"runtimeRunning":true,"runtimeGeneration":1,"residentMemoryBytes":162111488,"threadCount":38,"processCpuMillis":36020,"elapsedRealtimeMillis":7331643,"activeConnections":0,"tunInboundPackets":3,"tunOutboundPackets":0,"tunDroppedPackets":0,"udpRemoteOpenEvents":0,"udpRemoteWrittenBytes":0,"udpRemoteReadBytes":0,"fatalTunErrors":0,"unrecoveredTransitions":0}
1791166869.638 23960 23960 I XrayDeviceProbe: XRAY_ANDROID_PROBE state=counters-reset
1791166869.879 23960 23960 I XrayDeviceProbe: XRAY_ANDROID_PROBE state=started
1791166869.905 23960 32615 I XrayDeviceProbe: XRAY_ANDROID_PROBE kind=http result=passed sequence=1 elapsedSeconds=0
1791166869.918 23960 32615 I XrayDeviceProbe: XRAY_ANDROID_PROBE kind=udp result=passed sequence=1 elapsedSeconds=0
1791166871.046 23960 32615 I XrayDeviceProbe: XRAY_ANDROID_PROBE kind=http result=passed sequence=2 elapsedSeconds=1
1791166871.057 23960 32615 I XrayDeviceProbe: XRAY_ANDROID_PROBE kind=udp result=passed sequence=2 elapsedSeconds=1
1791166871.863 23960 23960 I XrayDeviceProbe: XRAY_ANDROID_PROBE state=stopped
1791166873.159 23960 23960 I XrayDeviceProbe: XRAY_ANDROID_PROBE state=counters-reset
1791166873.347 23960 23960 I XrayDeviceProbe: XRAY_ANDROID_PROBE state=started
1791166873.399 23960 32652 I XrayDeviceProbe: XRAY_ANDROID_PROBE kind=http result=passed sequence=1 elapsedSeconds=0
1791166873.412 23960 32652 I XrayDeviceProbe: XRAY_ANDROID_PROBE kind=udp result=passed sequence=1 elapsedSeconds=0
1791166874.438 23960 32652 I XrayDeviceProbe: XRAY_ANDROID_PROBE kind=http result=passed sequence=2 elapsedSeconds=1
1791166874.453 23960 32652 I XrayDeviceProbe: XRAY_ANDROID_PROBE kind=udp result=passed sequence=2 elapsedSeconds=1
1791166874.737 23960 23960 I XrayDeviceProbe: XRAY_ANDROID_PROBE state=stopped
1791166876.030 23960 23960 I XrayDeviceProbe: XRAY_ANDROID_PROBE state=counters-reset
1791166876.227 23960 23960 I XrayDeviceProbe: XRAY_ANDROID_PROBE state=started
1791166876.267 23960 32682 I XrayDeviceProbe: XRAY_ANDROID_PROBE kind=http result=passed sequence=1 elapsedSeconds=0
1791166876.278 23960 32682 I XrayDeviceProbe: XRAY_ANDROID_PROBE kind=udp result=passed sequence=1 elapsedSeconds=0
1791166877.309 23960 32682 I XrayDeviceProbe: XRAY_ANDROID_PROBE kind=http result=passed sequence=2 elapsedSeconds=1
1791166877.325 23960 32682 I XrayDeviceProbe: XRAY_ANDROID_PROBE kind=udp result=passed sequence=2 elapsedSeconds=1
1791166877.608 23960 23960 I XrayDeviceProbe: XRAY_ANDROID_PROBE state=stopped
1791166878.760 24006 32579 I XrayDeviceGate: XRAY_ANDROID_SAMPLE {"tunBackend":"packet-pump","probeOnly":true,"runtimeRunning":true,"runtimeGeneration":1,"residentMemoryBytes":161959936,"threadCount":38,"processCpuMillis":36207,"elapsedRealtimeMillis":7341590,"activeConnections":6,"tunInboundPackets":54,"tunOutboundPackets":42,"tunDroppedPackets":0,"udpRemoteOpenEvents":6,"udpRemoteWrittenBytes":402,"udpRemoteReadBytes":498,"fatalTunErrors":0,"unrecoveredTransitions":0}
1791166878.872 23960 23960 I XrayDeviceProbe: XRAY_ANDROID_PROBE state=stopped
1791166880.061 23960 23960 I XrayDeviceProbe: XRAY_ANDROID_PROBE state=counters-reset
1791166880.254 23960 23960 I XrayDeviceProbe: XRAY_ANDROID_PROBE state=started
1791166880.460 24006 24006 I XrayDeviceGate: XRAY_ANDROID_LIFECYCLE state=connections-close-requested accepted=7
1791166880.462 23960 32727 I XrayDeviceProbe: XRAY_ANDROID_PROBE kind=http result=failed errorCode=SocketException elapsedSeconds=0
1791166880.464 24006 24006 I XrayDeviceGate: XRAY_ANDROID_SAMPLE {"tunBackend":"packet-pump","probeOnly":true,"runtimeRunning":true,"runtimeGeneration":1,"residentMemoryBytes":162455552,"threadCount":38,"processCpuMillis":36260,"elapsedRealtimeMillis":7343293,"activeConnections":0,"tunInboundPackets":57,"tunOutboundPackets":44,"tunDroppedPackets":0,"udpRemoteOpenEvents":6,"udpRemoteWrittenBytes":402,"udpRemoteReadBytes":498,"fatalTunErrors":0,"unrecoveredTransitions":0}
1791166880.482 23960 32727 I XrayDeviceProbe: XRAY_ANDROID_PROBE kind=udp result=passed sequence=1 elapsedSeconds=0
1791166880.736 23960 23960 I XrayDeviceProbe: XRAY_ANDROID_PROBE state=stopped
1791166887.445 23960 23960 I XrayDeviceProbe: XRAY_ANDROID_PROBE state=counters-reset
1791166887.647 23960 23960 I XrayDeviceProbe: XRAY_ANDROID_PROBE state=started
1791166887.686 23960   620 I XrayDeviceProbe: XRAY_ANDROID_PROBE kind=http result=passed sequence=1 elapsedSeconds=0
1791166887.699 23960   620 I XrayDeviceProbe: XRAY_ANDROID_PROBE kind=udp result=passed sequence=1 elapsedSeconds=0
1791166888.757 23960   620 I XrayDeviceProbe: XRAY_ANDROID_PROBE kind=http result=passed sequence=2 elapsedSeconds=1
1791166888.767 24006 32579 I XrayDeviceGate: XRAY_ANDROID_SAMPLE {"tunBackend":"packet-pump","probeOnly":true,"runtimeRunning":true,"runtimeGeneration":1,"residentMemoryBytes":161763328,"threadCount":38,"processCpuMillis":36449,"elapsedRealtimeMillis":7351596,"activeConnections":4,"tunInboundPackets":72,"tunOutboundPackets":56,"tunDroppedPackets":0,"udpRemoteOpenEvents":9,"udpRemoteWrittenBytes":603,"udpRemoteReadBytes":664,"fatalTunErrors":0,"unrecoveredTransitions":0}
1791166888.826 23960   620 I XrayDeviceProbe: XRAY_ANDROID_PROBE kind=udp result=passed sequence=2 elapsedSeconds=1
1791166889.609 23960 23960 I XrayDeviceProbe: XRAY_ANDROID_PROBE state=stopped
1791166890.908 23960 23960 I XrayDeviceProbe: XRAY_ANDROID_PROBE state=stopped
1791166892.105 23960 23960 I XrayDeviceProbe: XRAY_ANDROID_PROBE state=counters-reset
1791166892.292 23960 23960 I XrayDeviceProbe: XRAY_ANDROID_PROBE state=started
1791166892.511 23960   664 I XrayDeviceProbe: XRAY_ANDROID_PROBE kind=http result=failed errorCode=SocketException elapsedSeconds=0
1791166892.569 24006 24006 I XrayDeviceGate: XRAY_ANDROID_LIFECYCLE state=stopped
1791166892.569 24006 24006 I XrayDeviceGate: XRAY_ANDROID_SAMPLE {"tunBackend":"packet-pump","probeOnly":true,"runtimeRunning":false,"runtimeGeneration":1,"residentMemoryBytes":157917184,"threadCount":31,"processCpuMillis":36546,"elapsedRealtimeMillis":7355398,"activeConnections":0,"tunInboundPackets":72,"tunOutboundPackets":56,"tunDroppedPackets":0,"udpRemoteOpenEvents":9,"udpRemoteWrittenBytes":603,"udpRemoteReadBytes":664,"fatalTunErrors":0,"unrecoveredTransitions":0}
1791166892.883 23960 23960 I XrayDeviceProbe: XRAY_ANDROID_PROBE state=stopped
1791166897.521 23960   664 W XrayDeviceProbe: XRAY_ANDROID_UDP_FAILURE queryTag=706bbf16a2279149 localPort=33458 errorCode=SocketTimeoutException
1791166897.524 23960   664 I XrayDeviceProbe: XRAY_ANDROID_PROBE kind=udp result=failed errorCode=SocketTimeoutException elapsedSeconds=5
1791166899.725 24006   701 I XrayDeviceGate: XRAY_ANDROID_SAMPLE {"tunBackend":"packet-pump","probeOnly":true,"runtimeRunning":false,"runtimeGeneration":1,"residentMemoryBytes":158244864,"threadCount":29,"processCpuMillis":36682,"elapsedRealtimeMillis":7362554,"activeConnections":0,"tunInboundPackets":0,"tunOutboundPackets":0,"tunDroppedPackets":0,"udpRemoteOpenEvents":0,"udpRemoteWrittenBytes":0,"udpRemoteReadBytes":0,"fatalTunErrors":0,"unrecoveredTransitions":0}
1791166899.833 24006   704 I XrayDeviceGate: XRAY_ANDROID_LIFECYCLE state=running generation=2 tunBackend=packet-pump
1791166899.839 24006   704 I XrayDeviceGate: XRAY_ANDROID_SAMPLE {"tunBackend":"packet-pump","probeOnly":true,"runtimeRunning":true,"runtimeGeneration":2,"residentMemoryBytes":159772672,"threadCount":38,"processCpuMillis":36775,"elapsedRealtimeMillis":7362668,"activeConnections":0,"tunInboundPackets":3,"tunOutboundPackets":0,"tunDroppedPackets":0,"udpRemoteOpenEvents":0,"udpRemoteWrittenBytes":0,"udpRemoteReadBytes":0,"fatalTunErrors":0,"unrecoveredTransitions":0}
1791166900.672 23960 23960 I XrayDeviceProbe: XRAY_ANDROID_PROBE state=counters-reset
1791166900.916 23960 23960 I XrayDeviceProbe: XRAY_ANDROID_PROBE state=started
1791166900.946 23960   737 I XrayDeviceProbe: XRAY_ANDROID_PROBE kind=http result=passed sequence=1 elapsedSeconds=0
1791166900.960 23960   737 I XrayDeviceProbe: XRAY_ANDROID_PROBE kind=udp result=passed sequence=1 elapsedSeconds=0
1791166901.991 23960   737 I XrayDeviceProbe: XRAY_ANDROID_PROBE kind=http result=passed sequence=2 elapsedSeconds=1
1791166902.003 23960   737 I XrayDeviceProbe: XRAY_ANDROID_PROBE kind=udp result=passed sequence=2 elapsedSeconds=1
1791166902.310 23960 23960 I XrayDeviceProbe: XRAY_ANDROID_PROBE state=stopped
1791166903.768 24006 24006 I XrayDeviceGate: XRAY_ANDROID_LIFECYCLE state=stopped
1791166903.768 24006 24006 I XrayDeviceGate: XRAY_ANDROID_SAMPLE {"tunBackend":"packet-pump","probeOnly":true,"runtimeRunning":false,"runtimeGeneration":2,"residentMemoryBytes":159457280,"threadCount":30,"processCpuMillis":36938,"elapsedRealtimeMillis":7366597,"activeConnections":0,"tunInboundPackets":3,"tunOutboundPackets":0,"tunDroppedPackets":0,"udpRemoteOpenEvents":0,"udpRemoteWrittenBytes":0,"udpRemoteReadBytes":0,"fatalTunErrors":0,"unrecoveredTransitions":0}
1791166903.950 23960 23960 I XrayDeviceProbe: XRAY_ANDROID_PROBE state=stopped
1791166905.288 24006   784 I XrayDeviceGate: XRAY_ANDROID_SAMPLE {"tunBackend":"file-descriptor","probeOnly":false,"runtimeRunning":false,"runtimeGeneration":2,"residentMemoryBytes":159682560,"threadCount":29,"processCpuMillis":37073,"elapsedRealtimeMillis":7368117,"activeConnections":0,"tunInboundPackets":0,"tunOutboundPackets":0,"tunDroppedPackets":0,"udpRemoteOpenEvents":0,"udpRemoteWrittenBytes":0,"udpRemoteReadBytes":0,"fatalTunErrors":0,"unrecoveredTransitions":0}
1791166905.288 24006 24006 I XrayDeviceGate: XRAY_ANDROID_LIFECYCLE state=stopped
1791166905.288 24006 24006 I XrayDeviceGate: XRAY_ANDROID_SAMPLE {"tunBackend":"file-descriptor","probeOnly":false,"runtimeRunning":false,"runtimeGeneration":2,"residentMemoryBytes":159682560,"threadCount":29,"processCpuMillis":37073,"elapsedRealtimeMillis":7368117,"activeConnections":0,"tunInboundPackets":0,"tunOutboundPackets":0,"tunDroppedPackets":0,"udpRemoteOpenEvents":0,"udpRemoteWrittenBytes":0,"udpRemoteReadBytes":0,"fatalTunErrors":0,"unrecoveredTransitions":0}
1791166907.194 23960 23960 I XrayDeviceProbe: XRAY_ANDROID_PROBE state=stopped
1791166908.492 24006   813 I XrayDeviceGate: XRAY_ANDROID_SAMPLE {"tunBackend":"file-descriptor","probeOnly":false,"runtimeRunning":false,"runtimeGeneration":2,"residentMemoryBytes":159846400,"threadCount":29,"processCpuMillis":37198,"elapsedRealtimeMillis":7371321,"activeConnections":0,"tunInboundPackets":0,"tunOutboundPackets":0,"tunDroppedPackets":0,"udpRemoteOpenEvents":0,"udpRemoteWrittenBytes":0,"udpRemoteReadBytes":0,"fatalTunErrors":0,"unrecoveredTransitions":0}
1791166908.492 24006 24006 I XrayDeviceGate: XRAY_ANDROID_LIFECYCLE state=stopped
1791166908.492 24006 24006 I XrayDeviceGate: XRAY_ANDROID_SAMPLE {"tunBackend":"file-descriptor","probeOnly":false,"runtimeRunning":false,"runtimeGeneration":2,"residentMemoryBytes":159846400,"threadCount":29,"processCpuMillis":37198,"elapsedRealtimeMillis":7371321,"activeConnections":0,"tunInboundPackets":0,"tunOutboundPackets":0,"tunDroppedPackets":0,"udpRemoteOpenEvents":0,"udpRemoteWrittenBytes":0,"udpRemoteReadBytes":0,"fatalTunErrors":0,"unrecoveredTransitions":0}
1791166909.673 23960 23960 I XrayDeviceProbe: XRAY_ANDROID_PROBE state=stopped
1791166910.980 24006   836 I XrayDeviceGate: XRAY_ANDROID_SAMPLE {"tunBackend":"file-descriptor","probeOnly":false,"runtimeRunning":false,"runtimeGeneration":2,"residentMemoryBytes":160239616,"threadCount":29,"processCpuMillis":37315,"elapsedRealtimeMillis":7373809,"activeConnections":0,"tunInboundPackets":0,"tunOutboundPackets":0,"tunDroppedPackets":0,"udpRemoteOpenEvents":0,"udpRemoteWrittenBytes":0,"udpRemoteReadBytes":0,"fatalTunErrors":0,"unrecoveredTransitions":0}
1791166910.982 24006 24006 I XrayDeviceGate: XRAY_ANDROID_LIFECYCLE state=stopped
1791166910.982 24006 24006 I XrayDeviceGate: XRAY_ANDROID_SAMPLE {"tunBackend":"file-descriptor","probeOnly":false,"runtimeRunning":false,"runtimeGeneration":2,"residentMemoryBytes":160239616,"threadCount":29,"processCpuMillis":37319,"elapsedRealtimeMillis":7373811,"activeConnections":0,"tunInboundPackets":0,"tunOutboundPackets":0,"tunDroppedPackets":0,"udpRemoteOpenEvents":0,"udpRemoteWrittenBytes":0,"udpRemoteReadBytes":0,"fatalTunErrors":0,"unrecoveredTransitions":0}
1791166911.203 24006 24006 I XrayDeviceGate: XRAY_ANDROID_LIFECYCLE state=counters-reset
1791166911.204 24006   846 I XrayDeviceGate: XRAY_ANDROID_SAMPLE {"tunBackend":"file-descriptor","probeOnly":false,"runtimeRunning":false,"runtimeGeneration":2,"residentMemoryBytes":160518144,"threadCount":29,"processCpuMillis":37363,"elapsedRealtimeMillis":7374033,"activeConnections":0,"tunInboundPackets":0,"tunOutboundPackets":0,"tunDroppedPackets":0,"udpRemoteOpenEvents":0,"udpRemoteWrittenBytes":0,"udpRemoteReadBytes":0,"fatalTunErrors":0,"unrecoveredTransitions":0}
1791166912.425 24006   870 I XrayDeviceGate: XRAY_ANDROID_SAMPLE {"tunBackend":"file-descriptor","probeOnly":true,"runtimeRunning":false,"runtimeGeneration":0,"residentMemoryBytes":160542720,"threadCount":29,"processCpuMillis":37425,"elapsedRealtimeMillis":7375254,"activeConnections":0,"tunInboundPackets":0,"tunOutboundPackets":0,"tunDroppedPackets":0,"udpRemoteOpenEvents":0,"udpRemoteWrittenBytes":0,"udpRemoteReadBytes":0,"fatalTunErrors":0,"unrecoveredTransitions":0}
1791166912.480 24006   873 I XrayDeviceGate: XRAY_ANDROID_LIFECYCLE state=running generation=1 tunBackend=file-descriptor
1791166912.484 24006   873 I XrayDeviceGate: XRAY_ANDROID_SAMPLE {"tunBackend":"file-descriptor","probeOnly":true,"runtimeRunning":true,"runtimeGeneration":1,"residentMemoryBytes":161878016,"threadCount":36,"processCpuMillis":37477,"elapsedRealtimeMillis":7375313,"activeConnections":0,"tunInboundPackets":3,"tunOutboundPackets":0,"tunDroppedPackets":0,"udpRemoteOpenEvents":0,"udpRemoteWrittenBytes":0,"udpRemoteReadBytes":0,"fatalTunErrors":0,"unrecoveredTransitions":0}
1791166913.300 23960 23960 I XrayDeviceProbe: XRAY_ANDROID_PROBE state=stopped
1791166914.522 23960 23960 I XrayDeviceProbe: XRAY_ANDROID_PROBE state=counters-reset
1791166914.711 23960 23960 I XrayDeviceProbe: XRAY_ANDROID_PROBE state=started
1791166914.760 23960   909 I XrayDeviceProbe: XRAY_ANDROID_PROBE kind=http result=passed sequence=1 elapsedSeconds=0
1791166917.884 23960   909 I XrayDeviceProbe: XRAY_ANDROID_PROBE kind=udp result=passed sequence=1 elapsedSeconds=3
1791166918.829 23960 23960 I XrayDeviceProbe: XRAY_ANDROID_PROBE state=stopped
1791166920.034 23960 23960 I XrayDeviceProbe: XRAY_ANDROID_PROBE state=stopped
1791166921.225 23960 23960 I XrayDeviceProbe: XRAY_ANDROID_PROBE state=counters-reset
1791166921.415 23960 23960 I XrayDeviceProbe: XRAY_ANDROID_PROBE state=started
1791166921.576 23960   957 I XrayDeviceProbe: XRAY_ANDROID_PROBE kind=http result=passed sequence=1 elapsedSeconds=0
1791166921.757 24006 24006 I XrayDeviceGate: XRAY_ANDROID_LIFECYCLE state=connections-close-requested accepted=2
1791166921.761 24006 24006 I XrayDeviceGate: XRAY_ANDROID_SAMPLE {"tunBackend":"file-descriptor","probeOnly":true,"runtimeRunning":true,"runtimeGeneration":1,"residentMemoryBytes":161828864,"threadCount":36,"processCpuMillis":37599,"elapsedRealtimeMillis":7384590,"activeConnections":0,"tunInboundPackets":24,"tunOutboundPackets":15,"tunDroppedPackets":0,"udpRemoteOpenEvents":2,"udpRemoteWrittenBytes":134,"udpRemoteReadBytes":83,"fatalTunErrors":0,"unrecoveredTransitions":0}
1791166922.429 24006   870 I XrayDeviceGate: XRAY_ANDROID_SAMPLE {"tunBackend":"file-descriptor","probeOnly":true,"runtimeRunning":true,"runtimeGeneration":1,"residentMemoryBytes":161816576,"threadCount":36,"processCpuMillis":37648,"elapsedRealtimeMillis":7385258,"activeConnections":0,"tunInboundPackets":24,"tunOutboundPackets":15,"tunDroppedPackets":0,"udpRemoteOpenEvents":2,"udpRemoteWrittenBytes":134,"udpRemoteReadBytes":83,"fatalTunErrors":0,"unrecoveredTransitions":0}
1791166926.584 23960   957 W XrayDeviceProbe: XRAY_ANDROID_UDP_FAILURE queryTag=ac4b9929d1da79a8 localPort=45151 errorCode=SocketTimeoutException
1791166926.585 23960   957 I XrayDeviceProbe: XRAY_ANDROID_PROBE kind=udp result=failed errorCode=SocketTimeoutException elapsedSeconds=5
1791166929.131 24006 24006 I XrayDeviceGate: XRAY_ANDROID_LIFECYCLE state=connections-close-requested accepted=0
1791166929.134 24006 24006 I XrayDeviceGate: XRAY_ANDROID_SAMPLE {"tunBackend":"file-descriptor","probeOnly":true,"runtimeRunning":true,"runtimeGeneration":1,"residentMemoryBytes":162082816,"threadCount":36,"processCpuMillis":37798,"elapsedRealtimeMillis":7391963,"activeConnections":0,"tunInboundPackets":25,"tunOutboundPackets":15,"tunDroppedPackets":0,"udpRemoteOpenEvents":2,"udpRemoteWrittenBytes":134,"udpRemoteReadBytes":83,"fatalTunErrors":0,"unrecoveredTransitions":0}
1791166930.891 23960 23960 I XrayDeviceProbe: XRAY_ANDROID_PROBE state=stopped
1791166932.156 23960 23960 I XrayDeviceProbe: XRAY_ANDROID_PROBE state=counters-reset
1791166932.356 23960 23960 I XrayDeviceProbe: XRAY_ANDROID_PROBE state=started
1791166932.387 23960  1139 I XrayDeviceProbe: XRAY_ANDROID_PROBE kind=http result=passed sequence=1 elapsedSeconds=0
1791166932.433 24006   870 I XrayDeviceGate: XRAY_ANDROID_SAMPLE {"tunBackend":"file-descriptor","probeOnly":true,"runtimeRunning":true,"runtimeGeneration":1,"residentMemoryBytes":156389376,"threadCount":36,"processCpuMillis":37907,"elapsedRealtimeMillis":7395263,"activeConnections":1,"tunInboundPackets":32,"tunOutboundPackets":20,"tunDroppedPackets":0,"udpRemoteOpenEvents":3,"udpRemoteWrittenBytes":201,"udpRemoteReadBytes":83,"fatalTunErrors":0,"unrecoveredTransitions":0}
1791166935.399 23960  1139 I XrayDeviceProbe: XRAY_ANDROID_PROBE kind=udp result=passed sequence=1 elapsedSeconds=3
1791166935.698 23960 23960 I XrayDeviceProbe: XRAY_ANDROID_PROBE state=stopped
1791166936.981 23960 23960 I XrayDeviceProbe: XRAY_ANDROID_PROBE state=stopped
1791166938.172 23960 23960 I XrayDeviceProbe: XRAY_ANDROID_PROBE state=counters-reset
1791166938.377 23960 23960 I XrayDeviceProbe: XRAY_ANDROID_PROBE state=started
1791166938.406 23960  1300 I XrayDeviceProbe: XRAY_ANDROID_PROBE kind=http result=passed sequence=1 elapsedSeconds=0
1791166938.617 24006 24006 I XrayDeviceGate: XRAY_ANDROID_LIFECYCLE state=stopped
1791166938.617 24006 24006 I XrayDeviceGate: XRAY_ANDROID_SAMPLE {"tunBackend":"file-descriptor","probeOnly":true,"runtimeRunning":false,"runtimeGeneration":1,"residentMemoryBytes":157159424,"threadCount":30,"processCpuMillis":37967,"elapsedRealtimeMillis":7401446,"activeConnections":0,"tunInboundPackets":32,"tunOutboundPackets":20,"tunDroppedPackets":0,"udpRemoteOpenEvents":3,"udpRemoteWrittenBytes":201,"udpRemoteReadBytes":83,"fatalTunErrors":0,"unrecoveredTransitions":0}
1791166943.417 23960  1300 W XrayDeviceProbe: XRAY_ANDROID_UDP_FAILURE queryTag=4e5efbc28bef911f localPort=53898 errorCode=SocketTimeoutException
1791166943.420 23960  1300 I XrayDeviceProbe: XRAY_ANDROID_PROBE kind=udp result=failed errorCode=SocketTimeoutException elapsedSeconds=5
1791166946.545 23960 23960 I XrayDeviceProbe: XRAY_ANDROID_PROBE state=stopped
1791166947.890 24006  1530 I XrayDeviceGate: XRAY_ANDROID_SAMPLE {"tunBackend":"file-descriptor","probeOnly":false,"runtimeRunning":false,"runtimeGeneration":1,"residentMemoryBytes":157532160,"threadCount":29,"processCpuMillis":38231,"elapsedRealtimeMillis":7410719,"activeConnections":0,"tunInboundPackets":0,"tunOutboundPackets":0,"tunDroppedPackets":0,"udpRemoteOpenEvents":0,"udpRemoteWrittenBytes":0,"udpRemoteReadBytes":0,"fatalTunErrors":0,"unrecoveredTransitions":0}
1791166947.954 24006  1534 I XrayDeviceGate: XRAY_ANDROID_LIFECYCLE state=running generation=2 tunBackend=file-descriptor
1791166947.961 24006  1534 I XrayDeviceGate: XRAY_ANDROID_SAMPLE {"tunBackend":"file-descriptor","probeOnly":true,"runtimeRunning":true,"runtimeGeneration":2,"residentMemoryBytes":158851072,"threadCount":36,"processCpuMillis":38293,"elapsedRealtimeMillis":7410790,"activeConnections":0,"tunInboundPackets":3,"tunOutboundPackets":0,"tunDroppedPackets":0,"udpRemoteOpenEvents":0,"udpRemoteWrittenBytes":0,"udpRemoteReadBytes":0,"fatalTunErrors":0,"unrecoveredTransitions":0}
1791166948.815 23960 23960 I XrayDeviceProbe: XRAY_ANDROID_PROBE state=counters-reset
1791166949.048 23960 23960 I XrayDeviceProbe: XRAY_ANDROID_PROBE state=started
1791166949.107 23960  1608 I XrayDeviceProbe: XRAY_ANDROID_PROBE kind=http result=passed sequence=1 elapsedSeconds=0
1791166952.126 23960  1608 I XrayDeviceProbe: XRAY_ANDROID_PROBE kind=udp result=passed sequence=1 elapsedSeconds=3
1791166952.455 23960 23960 I XrayDeviceProbe: XRAY_ANDROID_PROBE state=stopped
1791166953.853 24006 24006 I XrayDeviceGate: XRAY_ANDROID_LIFECYCLE state=stopped
1791166953.853 24006 24006 I XrayDeviceGate: XRAY_ANDROID_SAMPLE {"tunBackend":"file-descriptor","probeOnly":true,"runtimeRunning":false,"runtimeGeneration":2,"residentMemoryBytes":158937088,"threadCount":30,"processCpuMillis":38427,"elapsedRealtimeMillis":7416682,"activeConnections":0,"tunInboundPackets":3,"tunOutboundPackets":0,"tunDroppedPackets":0,"udpRemoteOpenEvents":0,"udpRemoteWrittenBytes":0,"udpRemoteReadBytes":0,"fatalTunErrors":0,"unrecoveredTransitions":0}
1791166954.162 23960 23960 I XrayDeviceProbe: XRAY_ANDROID_PROBE state=stopped
1791166955.499 24006  1691 I XrayDeviceGate: XRAY_ANDROID_SAMPLE {"tunBackend":"file-descriptor","probeOnly":false,"runtimeRunning":false,"runtimeGeneration":2,"residentMemoryBytes":159158272,"threadCount":29,"processCpuMillis":38561,"elapsedRealtimeMillis":7418328,"activeConnections":0,"tunInboundPackets":0,"tunOutboundPackets":0,"tunDroppedPackets":0,"udpRemoteOpenEvents":0,"udpRemoteWrittenBytes":0,"udpRemoteReadBytes":0,"fatalTunErrors":0,"unrecoveredTransitions":0}
1791166955.499 24006 24006 I XrayDeviceGate: XRAY_ANDROID_LIFECYCLE state=stopped
1791166955.499 24006 24006 I XrayDeviceGate: XRAY_ANDROID_SAMPLE {"tunBackend":"file-descriptor","probeOnly":false,"runtimeRunning":false,"runtimeGeneration":2,"residentMemoryBytes":159158272,"threadCount":29,"processCpuMillis":38561,"elapsedRealtimeMillis":7418328,"activeConnections":0,"tunInboundPackets":0,"tunOutboundPackets":0,"tunDroppedPackets":0,"udpRemoteOpenEvents":0,"udpRemoteWrittenBytes":0,"udpRemoteReadBytes":0,"fatalTunErrors":0,"unrecoveredTransitions":0}
1791166957.417 23960 23960 I XrayDeviceProbe: XRAY_ANDROID_PROBE state=stopped
1791166958.709 24006 24006 I XrayDeviceGate: XRAY_ANDROID_LIFECYCLE state=stopped
1791166958.709 24006 24006 I XrayDeviceGate: XRAY_ANDROID_SAMPLE {"tunBackend":"file-descriptor","probeOnly":false,"runtimeRunning":false,"runtimeGeneration":2,"residentMemoryBytes":159551488,"threadCount":29,"processCpuMillis":38686,"elapsedRealtimeMillis":7421538,"activeConnections":0,"tunInboundPackets":0,"tunOutboundPackets":0,"tunDroppedPackets":0,"udpRemoteOpenEvents":0,"udpRemoteWrittenBytes":0,"udpRemoteReadBytes":0,"fatalTunErrors":0,"unrecoveredTransitions":0}
1791166958.711 24006  1719 I XrayDeviceGate: XRAY_ANDROID_SAMPLE {"tunBackend":"file-descriptor","probeOnly":false,"runtimeRunning":false,"runtimeGeneration":2,"residentMemoryBytes":159551488,"threadCount":29,"processCpuMillis":38690,"elapsedRealtimeMillis":7421541,"activeConnections":0,"tunInboundPackets":0,"tunOutboundPackets":0,"tunDroppedPackets":0,"udpRemoteOpenEvents":0,"udpRemoteWrittenBytes":0,"udpRemoteReadBytes":0,"fatalTunErrors":0,"unrecoveredTransitions":0}
1791166958.943 24006 24006 I XrayDeviceGate: XRAY_ANDROID_LIFECYCLE state=counters-reset
1791166958.946 24006  1862 I XrayDeviceGate: XRAY_ANDROID_SAMPLE {"tunBackend":"file-descriptor","probeOnly":false,"runtimeRunning":false,"runtimeGeneration":0,"residentMemoryBytes":159825920,"threadCount":29,"processCpuMillis":38736,"elapsedRealtimeMillis":7421775,"activeConnections":0,"tunInboundPackets":0,"tunOutboundPackets":0,"tunDroppedPackets":0,"udpRemoteOpenEvents":0,"udpRemoteWrittenBytes":0,"udpRemoteReadBytes":0,"fatalTunErrors":0,"unrecoveredTransitions":0}
1791166960.192 24006  1921 I XrayDeviceGate: XRAY_ANDROID_SAMPLE {"tunBackend":"packet-pump","probeOnly":true,"runtimeRunning":false,"runtimeGeneration":0,"residentMemoryBytes":159379456,"threadCount":29,"processCpuMillis":38812,"elapsedRealtimeMillis":7423021,"activeConnections":0,"tunInboundPackets":0,"tunOutboundPackets":0,"tunDroppedPackets":0,"udpRemoteOpenEvents":0,"udpRemoteWrittenBytes":0,"udpRemoteReadBytes":0,"fatalTunErrors":0,"unrecoveredTransitions":0}
1791166960.246 24006  1924 I XrayDeviceGate: XRAY_ANDROID_LIFECYCLE state=running generation=1 tunBackend=packet-pump
1791166960.250 24006  1924 I XrayDeviceGate: XRAY_ANDROID_SAMPLE {"tunBackend":"packet-pump","probeOnly":true,"runtimeRunning":true,"runtimeGeneration":1,"residentMemoryBytes":160710656,"threadCount":38,"processCpuMillis":38867,"elapsedRealtimeMillis":7423080,"activeConnections":0,"tunInboundPackets":3,"tunOutboundPackets":0,"tunDroppedPackets":0,"udpRemoteOpenEvents":0,"udpRemoteWrittenBytes":0,"udpRemoteReadBytes":0,"fatalTunErrors":0,"unrecoveredTransitions":0}
1791166961.060 23960 23960 I XrayDeviceProbe: XRAY_ANDROID_PROBE state=stopped
1791166962.288 23960 23960 I XrayDeviceProbe: XRAY_ANDROID_PROBE state=counters-reset
1791166962.487 23960 23960 I XrayDeviceProbe: XRAY_ANDROID_PROBE state=started
1791166962.535 23960  1995 I XrayDeviceProbe: XRAY_ANDROID_PROBE kind=http result=passed sequence=1 elapsedSeconds=0
1791166965.549 23960  1995 I XrayDeviceProbe: XRAY_ANDROID_PROBE kind=udp result=passed sequence=1 elapsedSeconds=3
1791166965.923 23960 23960 I XrayDeviceProbe: XRAY_ANDROID_PROBE state=stopped
1791166967.124 23960 23960 I XrayDeviceProbe: XRAY_ANDROID_PROBE state=stopped
1791166968.322 23960 23960 I XrayDeviceProbe: XRAY_ANDROID_PROBE state=counters-reset
1791166968.522 23960 23960 I XrayDeviceProbe: XRAY_ANDROID_PROBE state=started
1791166968.786 23960  2061 I XrayDeviceProbe: XRAY_ANDROID_PROBE kind=http result=passed sequence=1 elapsedSeconds=0
1791166968.963 24006 24006 I XrayDeviceGate: XRAY_ANDROID_LIFECYCLE state=connections-close-requested accepted=2
1791166968.966 24006 24006 I XrayDeviceGate: XRAY_ANDROID_SAMPLE {"tunBackend":"packet-pump","probeOnly":true,"runtimeRunning":true,"runtimeGeneration":1,"residentMemoryBytes":160804864,"threadCount":38,"processCpuMillis":39039,"elapsedRealtimeMillis":7431796,"activeConnections":0,"tunInboundPackets":28,"tunOutboundPackets":17,"tunDroppedPackets":0,"udpRemoteOpenEvents":2,"udpRemoteWrittenBytes":134,"udpRemoteReadBytes":83,"fatalTunErrors":0,"unrecoveredTransitions":0}
1791166970.196 24006  1921 I XrayDeviceGate: XRAY_ANDROID_SAMPLE {"tunBackend":"packet-pump","probeOnly":true,"runtimeRunning":true,"runtimeGeneration":1,"residentMemoryBytes":161079296,"threadCount":38,"processCpuMillis":39106,"elapsedRealtimeMillis":7433025,"activeConnections":0,"tunInboundPackets":28,"tunOutboundPackets":17,"tunDroppedPackets":0,"udpRemoteOpenEvents":2,"udpRemoteWrittenBytes":134,"udpRemoteReadBytes":83,"fatalTunErrors":0,"unrecoveredTransitions":0}
1791166973.795 23960  2061 W XrayDeviceProbe: XRAY_ANDROID_UDP_FAILURE queryTag=adf65b1bc6e29c51 localPort=44303 errorCode=SocketTimeoutException
1791166973.797 23960  2061 I XrayDeviceProbe: XRAY_ANDROID_PROBE kind=udp result=failed errorCode=SocketTimeoutException elapsedSeconds=5
1791166976.798 24006 24006 I XrayDeviceGate: XRAY_ANDROID_LIFECYCLE state=connections-close-requested accepted=0
1791166976.801 24006 24006 I XrayDeviceGate: XRAY_ANDROID_SAMPLE {"tunBackend":"packet-pump","probeOnly":true,"runtimeRunning":true,"runtimeGeneration":1,"residentMemoryBytes":161107968,"threadCount":38,"processCpuMillis":39253,"elapsedRealtimeMillis":7439631,"activeConnections":0,"tunInboundPackets":29,"tunOutboundPackets":17,"tunDroppedPackets":0,"udpRemoteOpenEvents":2,"udpRemoteWrittenBytes":134,"udpRemoteReadBytes":83,"fatalTunErrors":0,"unrecoveredTransitions":0}
1791166978.536 23960 23960 I XrayDeviceProbe: XRAY_ANDROID_PROBE state=stopped
1791166979.818 23960 23960 I XrayDeviceProbe: XRAY_ANDROID_PROBE state=counters-reset
1791166980.019 23960 23960 I XrayDeviceProbe: XRAY_ANDROID_PROBE state=started
1791166980.053 23960  2219 I XrayDeviceProbe: XRAY_ANDROID_PROBE kind=http result=passed sequence=1 elapsedSeconds=0
1791166980.201 24006  1921 I XrayDeviceGate: XRAY_ANDROID_SAMPLE {"tunBackend":"packet-pump","probeOnly":true,"runtimeRunning":true,"runtimeGeneration":1,"residentMemoryBytes":160854016,"threadCount":38,"processCpuMillis":39351,"elapsedRealtimeMillis":7443030,"activeConnections":1,"tunInboundPackets":36,"tunOutboundPackets":22,"tunDroppedPackets":0,"udpRemoteOpenEvents":3,"udpRemoteWrittenBytes":201,"udpRemoteReadBytes":83,"fatalTunErrors":0,"unrecoveredTransitions":0}
1791166983.112 23960  2219 I XrayDeviceProbe: XRAY_ANDROID_PROBE kind=udp result=passed sequence=1 elapsedSeconds=3
1791166983.394 23960 23960 I XrayDeviceProbe: XRAY_ANDROID_PROBE state=stopped
1791166984.710 23960 23960 I XrayDeviceProbe: XRAY_ANDROID_PROBE state=stopped
1791166985.894 23960 23960 I XrayDeviceProbe: XRAY_ANDROID_PROBE state=counters-reset
1791166986.072 23960 23960 I XrayDeviceProbe: XRAY_ANDROID_PROBE state=started
1791166986.104 23960  2392 I XrayDeviceProbe: XRAY_ANDROID_PROBE kind=http result=passed sequence=1 elapsedSeconds=0
1791166986.380 24006 24006 I XrayDeviceGate: XRAY_ANDROID_LIFECYCLE state=stopped
1791166986.380 24006 24006 I XrayDeviceGate: XRAY_ANDROID_SAMPLE {"tunBackend":"packet-pump","probeOnly":true,"runtimeRunning":false,"runtimeGeneration":1,"residentMemoryBytes":152457216,"threadCount":30,"processCpuMillis":39474,"elapsedRealtimeMillis":7449209,"activeConnections":0,"tunInboundPackets":36,"tunOutboundPackets":22,"tunDroppedPackets":0,"udpRemoteOpenEvents":3,"udpRemoteWrittenBytes":201,"udpRemoteReadBytes":83,"fatalTunErrors":0,"unrecoveredTransitions":0}
1791166991.112 23960  2392 W XrayDeviceProbe: XRAY_ANDROID_UDP_FAILURE queryTag=95f8240650ed7b84 localPort=52385 errorCode=SocketTimeoutException
1791166991.115 23960  2392 I XrayDeviceProbe: XRAY_ANDROID_PROBE kind=udp result=failed errorCode=SocketTimeoutException elapsedSeconds=5
1791166994.236 23960 23960 I XrayDeviceProbe: XRAY_ANDROID_PROBE state=stopped
1791166995.573 24006  2472 I XrayDeviceGate: XRAY_ANDROID_SAMPLE {"tunBackend":"packet-pump","probeOnly":true,"runtimeRunning":false,"runtimeGeneration":1,"residentMemoryBytes":152965120,"threadCount":29,"processCpuMillis":39749,"elapsedRealtimeMillis":7458403,"activeConnections":0,"tunInboundPackets":0,"tunOutboundPackets":0,"tunDroppedPackets":0,"udpRemoteOpenEvents":0,"udpRemoteWrittenBytes":0,"udpRemoteReadBytes":0,"fatalTunErrors":0,"unrecoveredTransitions":0}
1791166995.633 24006  2476 I XrayDeviceGate: XRAY_ANDROID_LIFECYCLE state=running generation=2 tunBackend=packet-pump
1791166995.638 24006  2476 I XrayDeviceGate: XRAY_ANDROID_SAMPLE {"tunBackend":"packet-pump","probeOnly":true,"runtimeRunning":true,"runtimeGeneration":2,"residentMemoryBytes":154161152,"threadCount":38,"processCpuMillis":39809,"elapsedRealtimeMillis":7458466,"activeConnections":0,"tunInboundPackets":3,"tunOutboundPackets":0,"tunDroppedPackets":0,"udpRemoteOpenEvents":0,"udpRemoteWrittenBytes":0,"udpRemoteReadBytes":0,"fatalTunErrors":0,"unrecoveredTransitions":0}
1791166996.489 23960 23960 I XrayDeviceProbe: XRAY_ANDROID_PROBE state=counters-reset
1791166996.751 23960 23960 I XrayDeviceProbe: XRAY_ANDROID_PROBE state=started
1791166997.045 23960  2546 I XrayDeviceProbe: XRAY_ANDROID_PROBE kind=http result=passed sequence=1 elapsedSeconds=0
1791167000.212 23960  2546 I XrayDeviceProbe: XRAY_ANDROID_PROBE kind=udp result=passed sequence=1 elapsedSeconds=3
1791167000.787 23960 23960 I XrayDeviceProbe: XRAY_ANDROID_PROBE state=stopped
1791167002.233 24006 24006 I XrayDeviceGate: XRAY_ANDROID_LIFECYCLE state=stopped
1791167002.233 24006 24006 I XrayDeviceGate: XRAY_ANDROID_SAMPLE {"tunBackend":"packet-pump","probeOnly":true,"runtimeRunning":false,"runtimeGeneration":2,"residentMemoryBytes":154460160,"threadCount":30,"processCpuMillis":39992,"elapsedRealtimeMillis":7465062,"activeConnections":0,"tunInboundPackets":3,"tunOutboundPackets":0,"tunDroppedPackets":0,"udpRemoteOpenEvents":0,"udpRemoteWrittenBytes":0,"udpRemoteReadBytes":0,"fatalTunErrors":0,"unrecoveredTransitions":0}
1791167002.453 23960 23960 I XrayDeviceProbe: XRAY_ANDROID_PROBE state=stopped
1791167003.762 24006  2732 I XrayDeviceGate: XRAY_ANDROID_SAMPLE {"tunBackend":"file-descriptor","probeOnly":false,"runtimeRunning":false,"runtimeGeneration":2,"residentMemoryBytes":154525696,"threadCount":29,"processCpuMillis":40119,"elapsedRealtimeMillis":7466591,"activeConnections":0,"tunInboundPackets":0,"tunOutboundPackets":0,"tunDroppedPackets":0,"udpRemoteOpenEvents":0,"udpRemoteWrittenBytes":0,"udpRemoteReadBytes":0,"fatalTunErrors":0,"unrecoveredTransitions":0}
1791167003.762 24006 24006 I XrayDeviceGate: XRAY_ANDROID_LIFECYCLE state=stopped
1791167003.762 24006 24006 I XrayDeviceGate: XRAY_ANDROID_SAMPLE {"tunBackend":"file-descriptor","probeOnly":false,"runtimeRunning":false,"runtimeGeneration":2,"residentMemoryBytes":154525696,"threadCount":29,"processCpuMillis":40119,"elapsedRealtimeMillis":7466591,"activeConnections":0,"tunInboundPackets":0,"tunOutboundPackets":0,"tunDroppedPackets":0,"udpRemoteOpenEvents":0,"udpRemoteWrittenBytes":0,"udpRemoteReadBytes":0,"fatalTunErrors":0,"unrecoveredTransitions":0}
1791167005.652 23960 23960 I XrayDeviceProbe: XRAY_ANDROID_PROBE state=stopped
1791167006.944 24006  2803 I XrayDeviceGate: XRAY_ANDROID_SAMPLE {"tunBackend":"file-descriptor","probeOnly":false,"runtimeRunning":false,"runtimeGeneration":2,"residentMemoryBytes":154734592,"threadCount":29,"processCpuMillis":40244,"elapsedRealtimeMillis":7469774,"activeConnections":0,"tunInboundPackets":0,"tunOutboundPackets":0,"tunDroppedPackets":0,"udpRemoteOpenEvents":0,"udpRemoteWrittenBytes":0,"udpRemoteReadBytes":0,"fatalTunErrors":0,"unrecoveredTransitions":0}
1791167006.944 24006 24006 I XrayDeviceGate: XRAY_ANDROID_SAMPLE {"tunBackend":"file-descriptor","probeOnly":false,"runtimeRunning":false,"runtimeGeneration":2,"residentMemoryBytes":154734592,"threadCount":29,"processCpuMillis":40244,"elapsedRealtimeMillis":7469774,"activeConnections":0,"tunInboundPackets":0,"tunOutboundPackets":0,"tunDroppedPackets":0,"udpRemoteOpenEvents":0,"udpRemoteWrittenBytes":0,"udpRemoteReadBytes":0,"fatalTunErrors":0,"unrecoveredTransitions":0}
1791167006.945 24006 24006 I XrayDeviceGate: XRAY_ANDROID_LIFECYCLE state=stopped
1791167007.174 24006  2846 I XrayDeviceGate: XRAY_ANDROID_SAMPLE {"tunBackend":"file-descriptor","probeOnly":false,"runtimeRunning":false,"runtimeGeneration":2,"residentMemoryBytes":155013120,"threadCount":29,"processCpuMillis":40301,"elapsedRealtimeMillis":7470004,"activeConnections":0,"tunInboundPackets":0,"tunOutboundPackets":0,"tunDroppedPackets":0,"udpRemoteOpenEvents":0,"udpRemoteWrittenBytes":0,"udpRemoteReadBytes":0,"fatalTunErrors":0,"unrecoveredTransitions":0}
1791167007.174 24006 24006 I XrayDeviceGate: XRAY_ANDROID_LIFECYCLE state=counters-reset
1791167008.406 24006  2920 I XrayDeviceGate: XRAY_ANDROID_SAMPLE {"tunBackend":"file-descriptor","probeOnly":true,"runtimeRunning":false,"runtimeGeneration":0,"residentMemoryBytes":155033600,"threadCount":29,"processCpuMillis":40363,"elapsedRealtimeMillis":7471236,"activeConnections":0,"tunInboundPackets":0,"tunOutboundPackets":0,"tunDroppedPackets":0,"udpRemoteOpenEvents":0,"udpRemoteWrittenBytes":0,"udpRemoteReadBytes":0,"fatalTunErrors":0,"unrecoveredTransitions":0}
1791167008.459 24006  2924 I XrayDeviceGate: XRAY_ANDROID_LIFECYCLE state=running generation=1 tunBackend=file-descriptor
1791167008.463 24006  2924 I XrayDeviceGate: XRAY_ANDROID_SAMPLE {"tunBackend":"file-descriptor","probeOnly":true,"runtimeRunning":true,"runtimeGeneration":1,"residentMemoryBytes":156368896,"threadCount":36,"processCpuMillis":40415,"elapsedRealtimeMillis":7471292,"activeConnections":0,"tunInboundPackets":3,"tunOutboundPackets":0,"tunDroppedPackets":0,"udpRemoteOpenEvents":0,"udpRemoteWrittenBytes":0,"udpRemoteReadBytes":0,"fatalTunErrors":0,"unrecoveredTransitions":0}
1791167009.276 23960 23960 I XrayDeviceProbe: XRAY_ANDROID_PROBE state=stopped
1791167010.496 23960 23960 I XrayDeviceProbe: XRAY_ANDROID_PROBE state=counters-reset
1791167010.691 23960 23960 I XrayDeviceProbe: XRAY_ANDROID_PROBE state=started
1791167010.723 23960  2996 I XrayDeviceProbe: XRAY_ANDROID_PROBE kind=http result=passed sequence=1 elapsedSeconds=0
1791167013.774 23960  2996 I XrayDeviceProbe: XRAY_ANDROID_PROBE kind=udp result=passed sequence=1 elapsedSeconds=3
1791167014.138 23960 23960 I XrayDeviceProbe: XRAY_ANDROID_PROBE state=stopped
1791167015.340 23960 23960 I XrayDeviceProbe: XRAY_ANDROID_PROBE state=stopped
1791167016.537 23960 23960 I XrayDeviceProbe: XRAY_ANDROID_PROBE state=counters-reset
1791167016.738 23960 23960 I XrayDeviceProbe: XRAY_ANDROID_PROBE state=started
1791167016.768 23960  3063 I XrayDeviceProbe: XRAY_ANDROID_PROBE kind=http result=passed sequence=1 elapsedSeconds=0
1791167016.937 24006 24006 I XrayDeviceGate: XRAY_ANDROID_LIFECYCLE state=connections-close-requested accepted=2
1791167016.942 24006 24006 I XrayDeviceGate: XRAY_ANDROID_SAMPLE {"tunBackend":"file-descriptor","probeOnly":true,"runtimeRunning":true,"runtimeGeneration":1,"residentMemoryBytes":156467200,"threadCount":36,"processCpuMillis":40538,"elapsedRealtimeMillis":7479771,"activeConnections":0,"tunInboundPackets":24,"tunOutboundPackets":15,"tunDroppedPackets":0,"udpRemoteOpenEvents":2,"udpRemoteWrittenBytes":134,"udpRemoteReadBytes":83,"fatalTunErrors":0,"unrecoveredTransitions":0}
1791167018.409 24006  2920 I XrayDeviceGate: XRAY_ANDROID_SAMPLE {"tunBackend":"file-descriptor","probeOnly":true,"runtimeRunning":true,"runtimeGeneration":1,"residentMemoryBytes":156540928,"threadCount":36,"processCpuMillis":40597,"elapsedRealtimeMillis":7481239,"activeConnections":0,"tunInboundPackets":24,"tunOutboundPackets":15,"tunDroppedPackets":0,"udpRemoteOpenEvents":2,"udpRemoteWrittenBytes":134,"udpRemoteReadBytes":83,"fatalTunErrors":0,"unrecoveredTransitions":0}
1791167021.777 23960  3063 W XrayDeviceProbe: XRAY_ANDROID_UDP_FAILURE queryTag=869e37ff304a46fa localPort=50260 errorCode=SocketTimeoutException
1791167021.781 23960  3063 I XrayDeviceProbe: XRAY_ANDROID_PROBE kind=udp result=failed errorCode=SocketTimeoutException elapsedSeconds=5
1791167024.845 24006 24006 I XrayDeviceGate: XRAY_ANDROID_LIFECYCLE state=connections-close-requested accepted=0
1791167024.848 24006 24006 I XrayDeviceGate: XRAY_ANDROID_SAMPLE {"tunBackend":"file-descriptor","probeOnly":true,"runtimeRunning":true,"runtimeGeneration":1,"residentMemoryBytes":156745728,"threadCount":36,"processCpuMillis":40732,"elapsedRealtimeMillis":7487677,"activeConnections":0,"tunInboundPackets":25,"tunOutboundPackets":15,"tunDroppedPackets":0,"udpRemoteOpenEvents":2,"udpRemoteWrittenBytes":134,"udpRemoteReadBytes":83,"fatalTunErrors":0,"unrecoveredTransitions":0}
1791167026.578 23960 23960 I XrayDeviceProbe: XRAY_ANDROID_PROBE state=stopped
1791167027.834 23960 23960 I XrayDeviceProbe: XRAY_ANDROID_PROBE state=counters-reset
1791167028.022 23960 23960 I XrayDeviceProbe: XRAY_ANDROID_PROBE state=started
1791167028.057 23960  3161 I XrayDeviceProbe: XRAY_ANDROID_PROBE kind=http result=passed sequence=1 elapsedSeconds=0
1791167028.413 24006  2920 I XrayDeviceGate: XRAY_ANDROID_SAMPLE {"tunBackend":"file-descriptor","probeOnly":true,"runtimeRunning":true,"runtimeGeneration":1,"residentMemoryBytes":156303360,"threadCount":36,"processCpuMillis":40806,"elapsedRealtimeMillis":7491243,"activeConnections":1,"tunInboundPackets":32,"tunOutboundPackets":20,"tunDroppedPackets":0,"udpRemoteOpenEvents":3,"udpRemoteWrittenBytes":201,"udpRemoteReadBytes":83,"fatalTunErrors":0,"unrecoveredTransitions":0}
1791167031.139 23960  3161 I XrayDeviceProbe: XRAY_ANDROID_PROBE kind=udp result=passed sequence=1 elapsedSeconds=3
1791167032.083 23960 23960 I XrayDeviceProbe: XRAY_ANDROID_PROBE state=stopped
1791167033.379 23960 23960 I XrayDeviceProbe: XRAY_ANDROID_PROBE state=stopped
1791167034.567 23960 23960 I XrayDeviceProbe: XRAY_ANDROID_PROBE state=counters-reset
1791167034.749 23960 23960 I XrayDeviceProbe: XRAY_ANDROID_PROBE state=started
1791167034.780 23960  3218 I XrayDeviceProbe: XRAY_ANDROID_PROBE kind=http result=passed sequence=1 elapsedSeconds=0
1791167034.986 24006 24006 I XrayDeviceGate: XRAY_ANDROID_LIFECYCLE state=stopped
1791167034.986 24006 24006 I XrayDeviceGate: XRAY_ANDROID_SAMPLE {"tunBackend":"file-descriptor","probeOnly":true,"runtimeRunning":false,"runtimeGeneration":1,"residentMemoryBytes":156860416,"threadCount":30,"processCpuMillis":40863,"elapsedRealtimeMillis":7497815,"activeConnections":0,"tunInboundPackets":32,"tunOutboundPackets":20,"tunDroppedPackets":0,"udpRemoteOpenEvents":3,"udpRemoteWrittenBytes":201,"udpRemoteReadBytes":83,"fatalTunErrors":0,"unrecoveredTransitions":0}
1791167039.789 23960  3218 W XrayDeviceProbe: XRAY_ANDROID_UDP_FAILURE queryTag=78563e8964b262d6 localPort=56996 errorCode=SocketTimeoutException
1791167039.791 23960  3218 I XrayDeviceProbe: XRAY_ANDROID_PROBE kind=udp result=failed errorCode=SocketTimeoutException elapsedSeconds=5
1791167042.420 23960 23960 I XrayDeviceProbe: XRAY_ANDROID_PROBE state=stopped
1791167043.762 24006  3296 I XrayDeviceGate: XRAY_ANDROID_SAMPLE {"tunBackend":"file-descriptor","probeOnly":true,"runtimeRunning":false,"runtimeGeneration":1,"residentMemoryBytes":151896064,"threadCount":29,"processCpuMillis":41163,"elapsedRealtimeMillis":7506591,"activeConnections":0,"tunInboundPackets":0,"tunOutboundPackets":0,"tunDroppedPackets":0,"udpRemoteOpenEvents":0,"udpRemoteWrittenBytes":0,"udpRemoteReadBytes":0,"fatalTunErrors":0,"unrecoveredTransitions":0}
1791167043.828 24006  3300 I XrayDeviceGate: XRAY_ANDROID_LIFECYCLE state=running generation=2 tunBackend=file-descriptor
1791167043.833 24006  3300 I XrayDeviceGate: XRAY_ANDROID_SAMPLE {"tunBackend":"file-descriptor","probeOnly":true,"runtimeRunning":true,"runtimeGeneration":2,"residentMemoryBytes":153092096,"threadCount":36,"processCpuMillis":41227,"elapsedRealtimeMillis":7506663,"activeConnections":0,"tunInboundPackets":3,"tunOutboundPackets":0,"tunDroppedPackets":0,"udpRemoteOpenEvents":0,"udpRemoteWrittenBytes":0,"udpRemoteReadBytes":0,"fatalTunErrors":0,"unrecoveredTransitions":0}
1791167044.685 23960 23960 I XrayDeviceProbe: XRAY_ANDROID_PROBE state=counters-reset
1791167044.933 23960 23960 I XrayDeviceProbe: XRAY_ANDROID_PROBE state=started
1791167045.022 23960  3336 I XrayDeviceProbe: XRAY_ANDROID_PROBE kind=http result=passed sequence=1 elapsedSeconds=0
1791167048.139 23960  3336 I XrayDeviceProbe: XRAY_ANDROID_PROBE kind=udp result=passed sequence=1 elapsedSeconds=3
1791167048.949 23960 23960 I XrayDeviceProbe: XRAY_ANDROID_PROBE state=stopped
1791167050.325 24006 24006 I XrayDeviceGate: XRAY_ANDROID_LIFECYCLE state=stopped
1791167050.325 24006 24006 I XrayDeviceGate: XRAY_ANDROID_SAMPLE {"tunBackend":"file-descriptor","probeOnly":true,"runtimeRunning":false,"runtimeGeneration":2,"residentMemoryBytes":153513984,"threadCount":30,"processCpuMillis":41373,"elapsedRealtimeMillis":7513155,"activeConnections":0,"tunInboundPackets":3,"tunOutboundPackets":0,"tunDroppedPackets":0,"udpRemoteOpenEvents":0,"udpRemoteWrittenBytes":0,"udpRemoteReadBytes":0,"fatalTunErrors":0,"unrecoveredTransitions":0}
1791167050.629 23960 23960 I XrayDeviceProbe: XRAY_ANDROID_PROBE state=stopped
1791167051.965 24006  3447 I XrayDeviceGate: XRAY_ANDROID_SAMPLE {"tunBackend":"file-descriptor","probeOnly":false,"runtimeRunning":false,"runtimeGeneration":2,"residentMemoryBytes":153800704,"threadCount":29,"processCpuMillis":41521,"elapsedRealtimeMillis":7514794,"activeConnections":0,"tunInboundPackets":0,"tunOutboundPackets":0,"tunDroppedPackets":0,"udpRemoteOpenEvents":0,"udpRemoteWrittenBytes":0,"udpRemoteReadBytes":0,"fatalTunErrors":0,"unrecoveredTransitions":0}
1791167051.965 24006 24006 I XrayDeviceGate: XRAY_ANDROID_LIFECYCLE state=stopped
1791167051.965 24006 24006 I XrayDeviceGate: XRAY_ANDROID_SAMPLE {"tunBackend":"file-descriptor","probeOnly":false,"runtimeRunning":false,"runtimeGeneration":2,"residentMemoryBytes":153800704,"threadCount":29,"processCpuMillis":41521,"elapsedRealtimeMillis":7514794,"activeConnections":0,"tunInboundPackets":0,"tunOutboundPackets":0,"tunDroppedPackets":0,"udpRemoteOpenEvents":0,"udpRemoteWrittenBytes":0,"udpRemoteReadBytes":0,"fatalTunErrors":0,"unrecoveredTransitions":0}
1791167053.914 23960 23960 I XrayDeviceProbe: XRAY_ANDROID_PROBE state=stopped
1791167055.217 24006  3481 I XrayDeviceGate: XRAY_ANDROID_SAMPLE {"tunBackend":"file-descriptor","probeOnly":false,"runtimeRunning":false,"runtimeGeneration":2,"residentMemoryBytes":153993216,"threadCount":29,"processCpuMillis":41657,"elapsedRealtimeMillis":7518046,"activeConnections":0,"tunInboundPackets":0,"tunOutboundPackets":0,"tunDroppedPackets":0,"udpRemoteOpenEvents":0,"udpRemoteWrittenBytes":0,"udpRemoteReadBytes":0,"fatalTunErrors":0,"unrecoveredTransitions":0}
1791167055.217 24006 24006 I XrayDeviceGate: XRAY_ANDROID_LIFECYCLE state=stopped
1791167055.217 24006 24006 I XrayDeviceGate: XRAY_ANDROID_SAMPLE {"tunBackend":"file-descriptor","probeOnly":false,"runtimeRunning":false,"runtimeGeneration":2,"residentMemoryBytes":153993216,"threadCount":29,"processCpuMillis":41657,"elapsedRealtimeMillis":7518046,"activeConnections":0,"tunInboundPackets":0,"tunOutboundPackets":0,"tunDroppedPackets":0,"udpRemoteOpenEvents":0,"udpRemoteWrittenBytes":0,"udpRemoteReadBytes":0,"fatalTunErrors":0,"unrecoveredTransitions":0}
1791167055.435 24006 24006 I XrayDeviceGate: XRAY_ANDROID_LIFECYCLE state=counters-reset
1791167055.438 24006  3492 I XrayDeviceGate: XRAY_ANDROID_SAMPLE {"tunBackend":"file-descriptor","probeOnly":false,"runtimeRunning":false,"runtimeGeneration":0,"residentMemoryBytes":154275840,"threadCount":29,"processCpuMillis":41705,"elapsedRealtimeMillis":7518267,"activeConnections":0,"tunInboundPackets":0,"tunOutboundPackets":0,"tunDroppedPackets":0,"udpRemoteOpenEvents":0,"udpRemoteWrittenBytes":0,"udpRemoteReadBytes":0,"fatalTunErrors":0,"unrecoveredTransitions":0}
1791167056.668 24006  3525 I XrayDeviceGate: XRAY_ANDROID_SAMPLE {"tunBackend":"packet-pump","probeOnly":true,"runtimeRunning":false,"runtimeGeneration":0,"residentMemoryBytes":154296320,"threadCount":29,"processCpuMillis":41777,"elapsedRealtimeMillis":7519497,"activeConnections":0,"tunInboundPackets":0,"tunOutboundPackets":0,"tunDroppedPackets":0,"udpRemoteOpenEvents":0,"udpRemoteWrittenBytes":0,"udpRemoteReadBytes":0,"fatalTunErrors":0,"unrecoveredTransitions":0}
1791167056.720 24006  3528 I XrayDeviceGate: XRAY_ANDROID_LIFECYCLE state=running generation=1 tunBackend=packet-pump
1791167056.723 24006  3528 I XrayDeviceGate: XRAY_ANDROID_SAMPLE {"tunBackend":"packet-pump","probeOnly":true,"runtimeRunning":true,"runtimeGeneration":1,"residentMemoryBytes":155627520,"threadCount":38,"processCpuMillis":41825,"elapsedRealtimeMillis":7519553,"activeConnections":0,"tunInboundPackets":4,"tunOutboundPackets":0,"tunDroppedPackets":0,"udpRemoteOpenEvents":0,"udpRemoteWrittenBytes":0,"udpRemoteReadBytes":0,"fatalTunErrors":0,"unrecoveredTransitions":0}
1791167057.549 23960 23960 I XrayDeviceProbe: XRAY_ANDROID_PROBE state=stopped
1791167058.772 23960 23960 I XrayDeviceProbe: XRAY_ANDROID_PROBE state=counters-reset
1791167058.949 23960 23960 I XrayDeviceProbe: XRAY_ANDROID_PROBE state=started
1791167059.052 23960  3566 I XrayDeviceProbe: XRAY_ANDROID_PROBE kind=http result=passed sequence=1 elapsedSeconds=0
1791167062.070 23960  3566 I XrayDeviceProbe: XRAY_ANDROID_PROBE kind=udp result=passed sequence=1 elapsedSeconds=3
1791167062.386 23960 23960 I XrayDeviceProbe: XRAY_ANDROID_PROBE state=stopped
1791167063.594 23960 23960 I XrayDeviceProbe: XRAY_ANDROID_PROBE state=stopped
1791167064.799 23960 23960 I XrayDeviceProbe: XRAY_ANDROID_PROBE state=counters-reset
1791167064.983 23960 23960 I XrayDeviceProbe: XRAY_ANDROID_PROBE state=started
1791167065.173 23960  3676 I XrayDeviceProbe: XRAY_ANDROID_PROBE kind=http result=passed sequence=1 elapsedSeconds=0
1791167065.371 24006 24006 I XrayDeviceGate: XRAY_ANDROID_LIFECYCLE state=connections-close-requested accepted=2
1791167065.375 24006 24006 I XrayDeviceGate: XRAY_ANDROID_SAMPLE {"tunBackend":"packet-pump","probeOnly":true,"runtimeRunning":true,"runtimeGeneration":1,"residentMemoryBytes":153853952,"threadCount":38,"processCpuMillis":41998,"elapsedRealtimeMillis":7528204,"activeConnections":0,"tunInboundPackets":24,"tunOutboundPackets":15,"tunDroppedPackets":0,"udpRemoteOpenEvents":2,"udpRemoteWrittenBytes":134,"udpRemoteReadBytes":83,"fatalTunErrors":0,"unrecoveredTransitions":0}
1791167066.671 24006  3525 I XrayDeviceGate: XRAY_ANDROID_SAMPLE {"tunBackend":"packet-pump","probeOnly":true,"runtimeRunning":true,"runtimeGeneration":1,"residentMemoryBytes":154345472,"threadCount":38,"processCpuMillis":42063,"elapsedRealtimeMillis":7529501,"activeConnections":0,"tunInboundPackets":24,"tunOutboundPackets":15,"tunDroppedPackets":0,"udpRemoteOpenEvents":2,"udpRemoteWrittenBytes":134,"udpRemoteReadBytes":83,"fatalTunErrors":0,"unrecoveredTransitions":0}
1791167070.184 23960  3676 W XrayDeviceProbe: XRAY_ANDROID_UDP_FAILURE queryTag=f3f1d9a9ae4146be localPort=40204 errorCode=SocketTimeoutException
1791167070.187 23960  3676 I XrayDeviceProbe: XRAY_ANDROID_PROBE kind=udp result=failed errorCode=SocketTimeoutException elapsedSeconds=5
1791167073.516 24006 24006 I XrayDeviceGate: XRAY_ANDROID_LIFECYCLE state=connections-close-requested accepted=0
1791167073.519 24006 24006 I XrayDeviceGate: XRAY_ANDROID_SAMPLE {"tunBackend":"packet-pump","probeOnly":true,"runtimeRunning":true,"runtimeGeneration":1,"residentMemoryBytes":154574848,"threadCount":38,"processCpuMillis":42262,"elapsedRealtimeMillis":7536349,"activeConnections":0,"tunInboundPackets":25,"tunOutboundPackets":15,"tunDroppedPackets":0,"udpRemoteOpenEvents":2,"udpRemoteWrittenBytes":134,"udpRemoteReadBytes":83,"fatalTunErrors":0,"unrecoveredTransitions":0}
1791167075.277 23960 23960 I XrayDeviceProbe: XRAY_ANDROID_PROBE state=stopped
1791167076.531 23960 23960 I XrayDeviceProbe: XRAY_ANDROID_PROBE state=counters-reset
1791167076.675 24006  3525 I XrayDeviceGate: XRAY_ANDROID_SAMPLE {"tunBackend":"packet-pump","probeOnly":true,"runtimeRunning":true,"runtimeGeneration":1,"residentMemoryBytes":153743360,"threadCount":38,"processCpuMillis":42339,"elapsedRealtimeMillis":7539505,"activeConnections":0,"tunInboundPackets":25,"tunOutboundPackets":15,"tunDroppedPackets":0,"udpRemoteOpenEvents":2,"udpRemoteWrittenBytes":134,"udpRemoteReadBytes":83,"fatalTunErrors":0,"unrecoveredTransitions":0}
1791167076.722 23960 23960 I XrayDeviceProbe: XRAY_ANDROID_PROBE state=started
1791167076.749 23960  3807 I XrayDeviceProbe: XRAY_ANDROID_PROBE kind=http result=passed sequence=1 elapsedSeconds=0
1791167079.881 23960  3807 I XrayDeviceProbe: XRAY_ANDROID_PROBE kind=udp result=passed sequence=1 elapsedSeconds=3
1791167080.755 23960 23960 I XrayDeviceProbe: XRAY_ANDROID_PROBE state=stopped
1791167082.048 23960 23960 I XrayDeviceProbe: XRAY_ANDROID_PROBE state=stopped
1791167083.251 23960 23960 I XrayDeviceProbe: XRAY_ANDROID_PROBE state=counters-reset
1791167083.446 23960 23960 I XrayDeviceProbe: XRAY_ANDROID_PROBE state=started
1791167083.521 23960  3878 I XrayDeviceProbe: XRAY_ANDROID_PROBE kind=http result=passed sequence=1 elapsedSeconds=0
1791167083.790 24006 24006 I XrayDeviceGate: XRAY_ANDROID_LIFECYCLE state=stopped
1791167083.790 24006 24006 I XrayDeviceGate: XRAY_ANDROID_SAMPLE {"tunBackend":"packet-pump","probeOnly":true,"runtimeRunning":false,"runtimeGeneration":1,"residentMemoryBytes":152023040,"threadCount":30,"processCpuMillis":42441,"elapsedRealtimeMillis":7546619,"activeConnections":0,"tunInboundPackets":25,"tunOutboundPackets":15,"tunDroppedPackets":0,"udpRemoteOpenEvents":2,"udpRemoteWrittenBytes":134,"udpRemoteReadBytes":83,"fatalTunErrors":0,"unrecoveredTransitions":0}
1791167088.532 23960  3878 W XrayDeviceProbe: XRAY_ANDROID_UDP_FAILURE queryTag=913fa40454e299f4 localPort=57290 errorCode=SocketTimeoutException
1791167088.535 23960  3878 I XrayDeviceProbe: XRAY_ANDROID_PROBE kind=udp result=failed errorCode=SocketTimeoutException elapsedSeconds=5
1791167091.734 23960 23960 I XrayDeviceProbe: XRAY_ANDROID_PROBE state=stopped
1791167093.094 24006  3938 I XrayDeviceGate: XRAY_ANDROID_SAMPLE {"tunBackend":"file-descriptor","probeOnly":false,"runtimeRunning":false,"runtimeGeneration":1,"residentMemoryBytes":147881984,"threadCount":29,"processCpuMillis":42741,"elapsedRealtimeMillis":7555924,"activeConnections":0,"tunInboundPackets":0,"tunOutboundPackets":0,"tunDroppedPackets":0,"udpRemoteOpenEvents":0,"udpRemoteWrittenBytes":0,"udpRemoteReadBytes":0,"fatalTunErrors":0,"unrecoveredTransitions":0}
1791167093.165 24006  3941 I XrayDeviceGate: XRAY_ANDROID_LIFECYCLE state=running generation=2 tunBackend=packet-pump
1791167093.169 24006  3941 I XrayDeviceGate: XRAY_ANDROID_SAMPLE {"tunBackend":"packet-pump","probeOnly":true,"runtimeRunning":true,"runtimeGeneration":2,"residentMemoryBytes":149069824,"threadCount":38,"processCpuMillis":42807,"elapsedRealtimeMillis":7555999,"activeConnections":0,"tunInboundPackets":3,"tunOutboundPackets":0,"tunDroppedPackets":0,"udpRemoteOpenEvents":0,"udpRemoteWrittenBytes":0,"udpRemoteReadBytes":0,"fatalTunErrors":0,"unrecoveredTransitions":0}
1791167094.027 23960 23960 I XrayDeviceProbe: XRAY_ANDROID_PROBE state=counters-reset
1791167094.317 23960 23960 I XrayDeviceProbe: XRAY_ANDROID_PROBE state=started
1791167094.349 23960  3976 I XrayDeviceProbe: XRAY_ANDROID_PROBE kind=http result=passed sequence=1 elapsedSeconds=0
1791167097.367 23960  3976 I XrayDeviceProbe: XRAY_ANDROID_PROBE kind=udp result=passed sequence=1 elapsedSeconds=3
1791167097.730 23960 23960 I XrayDeviceProbe: XRAY_ANDROID_PROBE state=stopped
1791167099.135 24006 24006 I XrayDeviceGate: XRAY_ANDROID_LIFECYCLE state=stopped
1791167099.135 24006 24006 I XrayDeviceGate: XRAY_ANDROID_SAMPLE {"tunBackend":"packet-pump","probeOnly":true,"runtimeRunning":false,"runtimeGeneration":2,"residentMemoryBytes":149438464,"threadCount":30,"processCpuMillis":42974,"elapsedRealtimeMillis":7561964,"activeConnections":0,"tunInboundPackets":3,"tunOutboundPackets":0,"tunDroppedPackets":0,"udpRemoteOpenEvents":0,"udpRemoteWrittenBytes":0,"udpRemoteReadBytes":0,"fatalTunErrors":0,"unrecoveredTransitions":0}
1791167099.400 23960 23960 I XrayDeviceProbe: XRAY_ANDROID_PROBE state=stopped
1791167100.706 24006  4116 I XrayDeviceGate: XRAY_ANDROID_SAMPLE {"tunBackend":"file-descriptor","probeOnly":false,"runtimeRunning":false,"runtimeGeneration":2,"residentMemoryBytes":149823488,"threadCount":29,"processCpuMillis":43100,"elapsedRealtimeMillis":7563535,"activeConnections":0,"tunInboundPackets":0,"tunOutboundPackets":0,"tunDroppedPackets":0,"udpRemoteOpenEvents":0,"udpRemoteWrittenBytes":0,"udpRemoteReadBytes":0,"fatalTunErrors":0,"unrecoveredTransitions":0}
1791167100.706 24006 24006 I XrayDeviceGate: XRAY_ANDROID_LIFECYCLE state=stopped
1791167100.706 24006 24006 I XrayDeviceGate: XRAY_ANDROID_SAMPLE {"tunBackend":"file-descriptor","probeOnly":false,"runtimeRunning":false,"runtimeGeneration":2,"residentMemoryBytes":149823488,"threadCount":29,"processCpuMillis":43100,"elapsedRealtimeMillis":7563535,"activeConnections":0,"tunInboundPackets":0,"tunOutboundPackets":0,"tunDroppedPackets":0,"udpRemoteOpenEvents":0,"udpRemoteWrittenBytes":0,"udpRemoteReadBytes":0,"fatalTunErrors":0,"unrecoveredTransitions":0}
1791167102.568 23960 23960 I XrayDeviceProbe: XRAY_ANDROID_PROBE state=stopped
1791167103.883 24006  4145 I XrayDeviceGate: XRAY_ANDROID_SAMPLE {"tunBackend":"file-descriptor","probeOnly":false,"runtimeRunning":false,"runtimeGeneration":2,"residentMemoryBytes":150016000,"threadCount":29,"processCpuMillis":43230,"elapsedRealtimeMillis":7566712,"activeConnections":0,"tunInboundPackets":0,"tunOutboundPackets":0,"tunDroppedPackets":0,"udpRemoteOpenEvents":0,"udpRemoteWrittenBytes":0,"udpRemoteReadBytes":0,"fatalTunErrors":0,"unrecoveredTransitions":0}
1791167103.885 24006 24006 I XrayDeviceGate: XRAY_ANDROID_LIFECYCLE state=stopped
1791167103.885 24006 24006 I XrayDeviceGate: XRAY_ANDROID_SAMPLE {"tunBackend":"file-descriptor","probeOnly":false,"runtimeRunning":false,"runtimeGeneration":2,"residentMemoryBytes":150016000,"threadCount":29,"processCpuMillis":43232,"elapsedRealtimeMillis":7566714,"activeConnections":0,"tunInboundPackets":0,"tunOutboundPackets":0,"tunDroppedPackets":0,"udpRemoteOpenEvents":0,"udpRemoteWrittenBytes":0,"udpRemoteReadBytes":0,"fatalTunErrors":0,"unrecoveredTransitions":0}
1791167105.132 23960 23960 I XrayDeviceProbe: XRAY_ANDROID_PROBE state=stopped
1791167106.433 24006  4183 I XrayDeviceGate: XRAY_ANDROID_SAMPLE {"tunBackend":"file-descriptor","probeOnly":false,"runtimeRunning":false,"runtimeGeneration":2,"residentMemoryBytes":150204416,"threadCount":29,"processCpuMillis":43360,"elapsedRealtimeMillis":7569262,"activeConnections":0,"tunInboundPackets":0,"tunOutboundPackets":0,"tunDroppedPackets":0,"udpRemoteOpenEvents":0,"udpRemoteWrittenBytes":0,"udpRemoteReadBytes":0,"fatalTunErrors":0,"unrecoveredTransitions":0}
1791167106.433 24006 24006 I XrayDeviceGate: XRAY_ANDROID_LIFECYCLE state=stopped
1791167106.433 24006 24006 I XrayDeviceGate: XRAY_ANDROID_SAMPLE {"tunBackend":"file-descriptor","probeOnly":false,"runtimeRunning":false,"runtimeGeneration":2,"residentMemoryBytes":150204416,"threadCount":29,"processCpuMillis":43360,"elapsedRealtimeMillis":7569262,"activeConnections":0,"tunInboundPackets":0,"tunOutboundPackets":0,"tunDroppedPackets":0,"udpRemoteOpenEvents":0,"udpRemoteWrittenBytes":0,"udpRemoteReadBytes":0,"fatalTunErrors":0,"unrecoveredTransitions":0}
1791167106.645 24006 24006 I XrayDeviceGate: XRAY_ANDROID_LIFECYCLE state=counters-reset
1791167106.648 24006  4199 I XrayDeviceGate: XRAY_ANDROID_SAMPLE {"tunBackend":"file-descriptor","probeOnly":false,"runtimeRunning":false,"runtimeGeneration":0,"residentMemoryBytes":150482944,"threadCount":29,"processCpuMillis":43407,"elapsedRealtimeMillis":7569477,"activeConnections":0,"tunInboundPackets":0,"tunOutboundPackets":0,"tunDroppedPackets":0,"udpRemoteOpenEvents":0,"udpRemoteWrittenBytes":0,"udpRemoteReadBytes":0,"fatalTunErrors":0,"unrecoveredTransitions":0}
1791167108.316 24006  4272 I XrayDeviceGate: XRAY_ANDROID_SAMPLE {"tunBackend":"file-descriptor","probeOnly":true,"runtimeRunning":false,"runtimeGeneration":0,"residentMemoryBytes":150634496,"threadCount":29,"processCpuMillis":43520,"elapsedRealtimeMillis":7571146,"activeConnections":0,"tunInboundPackets":0,"tunOutboundPackets":0,"tunDroppedPackets":0,"udpRemoteOpenEvents":0,"udpRemoteWrittenBytes":0,"udpRemoteReadBytes":0,"fatalTunErrors":0,"unrecoveredTransitions":0}
1791167108.369 24006  4275 I XrayDeviceGate: XRAY_ANDROID_LIFECYCLE state=running generation=1 tunBackend=file-descriptor
1791167108.372 24006  4275 I XrayDeviceGate: XRAY_ANDROID_SAMPLE {"tunBackend":"file-descriptor","probeOnly":true,"runtimeRunning":true,"runtimeGeneration":1,"residentMemoryBytes":151740416,"threadCount":36,"processCpuMillis":43563,"elapsedRealtimeMillis":7571202,"activeConnections":0,"tunInboundPackets":3,"tunOutboundPackets":0,"tunDroppedPackets":0,"udpRemoteOpenEvents":0,"udpRemoteWrittenBytes":0,"udpRemoteReadBytes":0,"fatalTunErrors":0,"unrecoveredTransitions":0}
1791167109.189 23960 23960 I XrayDeviceProbe: XRAY_ANDROID_PROBE state=counters-reset
1791167109.442 23960 23960 I XrayDeviceProbe: XRAY_ANDROID_PROBE state=started
1791167109.496 23960  4327 I XrayDeviceProbe: XRAY_ANDROID_PROBE kind=http result=passed sequence=1 elapsedSeconds=0
1791167109.525 23960  4327 I XrayDeviceProbe: XRAY_ANDROID_PROBE kind=udp result=passed sequence=1 elapsedSeconds=0
1791167110.566 23960  4327 I XrayDeviceProbe: XRAY_ANDROID_PROBE kind=http result=passed sequence=2 elapsedSeconds=1
1791167110.596 23960  4327 I XrayDeviceProbe: XRAY_ANDROID_PROBE kind=udp result=passed sequence=2 elapsedSeconds=1
1791167110.821 23960 23960 I XrayDeviceProbe: XRAY_ANDROID_PROBE state=stopped
1791167112.102 23960 23960 I XrayDeviceProbe: XRAY_ANDROID_PROBE state=stopped
1791167113.296 23960 23960 I XrayDeviceProbe: XRAY_ANDROID_PROBE state=counters-reset
1791167113.483 23960 23960 I XrayDeviceProbe: XRAY_ANDROID_PROBE state=started
1791167115.757 24006 24006 I XrayDeviceGate: XRAY_ANDROID_LIFECYCLE state=connections-close-requested accepted=3
1791167115.759 23960  4372 I XrayDeviceProbe: XRAY_ANDROID_PROBE kind=http result=failed errorCode=SocketException elapsedSeconds=2
1791167115.760 24006 24006 I XrayDeviceGate: XRAY_ANDROID_SAMPLE {"tunBackend":"file-descriptor","probeOnly":true,"runtimeRunning":true,"runtimeGeneration":1,"residentMemoryBytes":152231936,"threadCount":36,"processCpuMillis":43704,"elapsedRealtimeMillis":7578590,"activeConnections":0,"tunInboundPackets":28,"tunOutboundPackets":18,"tunDroppedPackets":0,"udpRemoteOpenEvents":2,"udpRemoteWrittenBytes":134,"udpRemoteReadBytes":166,"fatalTunErrors":0,"unrecoveredTransitions":0}
1791167115.803 23960  4372 I XrayDeviceProbe: XRAY_ANDROID_PROBE kind=udp result=passed sequence=1 elapsedSeconds=2
1791167117.025 23960 23960 I XrayDeviceProbe: XRAY_ANDROID_PROBE state=stopped
1791167118.320 24006  4272 I XrayDeviceGate: XRAY_ANDROID_SAMPLE {"tunBackend":"file-descriptor","probeOnly":true,"runtimeRunning":true,"runtimeGeneration":1,"residentMemoryBytes":151486464,"threadCount":36,"processCpuMillis":43807,"elapsedRealtimeMillis":7581149,"activeConnections":1,"tunInboundPackets":29,"tunOutboundPackets":20,"tunDroppedPackets":0,"udpRemoteOpenEvents":3,"udpRemoteWrittenBytes":201,"udpRemoteReadBytes":249,"fatalTunErrors":0,"unrecoveredTransitions":0}
1791167123.706 23960 23960 I XrayDeviceProbe: XRAY_ANDROID_PROBE state=counters-reset
1791167123.900 23960 23960 I XrayDeviceProbe: XRAY_ANDROID_PROBE state=started
1791167123.948 23960  4471 I XrayDeviceProbe: XRAY_ANDROID_PROBE kind=http result=passed sequence=1 elapsedSeconds=0
1791167123.985 23960  4471 I XrayDeviceProbe: XRAY_ANDROID_PROBE kind=udp result=passed sequence=1 elapsedSeconds=0
1791167125.029 23960  4471 I XrayDeviceProbe: XRAY_ANDROID_PROBE kind=http result=passed sequence=2 elapsedSeconds=1
1791167125.060 23960  4471 I XrayDeviceProbe: XRAY_ANDROID_PROBE kind=udp result=passed sequence=2 elapsedSeconds=1
1791167125.864 23960 23960 I XrayDeviceProbe: XRAY_ANDROID_PROBE state=stopped
1791167127.154 23960 23960 I XrayDeviceProbe: XRAY_ANDROID_PROBE state=stopped
1791167128.324 24006  4272 I XrayDeviceGate: XRAY_ANDROID_SAMPLE {"tunBackend":"file-descriptor","probeOnly":true,"runtimeRunning":true,"runtimeGeneration":1,"residentMemoryBytes":151654400,"threadCount":36,"processCpuMillis":43842,"elapsedRealtimeMillis":7591154,"activeConnections":3,"tunInboundPackets":44,"tunOutboundPackets":32,"tunDroppedPackets":0,"udpRemoteOpenEvents":5,"udpRemoteWrittenBytes":335,"udpRemoteReadBytes":415,"fatalTunErrors":0,"unrecoveredTransitions":0}
1791167128.347 23960 23960 I XrayDeviceProbe: XRAY_ANDROID_PROBE state=counters-reset
1791167128.536 23960 23960 I XrayDeviceProbe: XRAY_ANDROID_PROBE state=started
1791167128.939 23960  4563 I XrayDeviceProbe: XRAY_ANDROID_PROBE kind=http result=failed errorCode=SocketException elapsedSeconds=0
1791167128.971 24006 24006 I XrayDeviceGate: XRAY_ANDROID_LIFECYCLE state=stopped
1791167128.971 24006 24006 I XrayDeviceGate: XRAY_ANDROID_SAMPLE {"tunBackend":"file-descriptor","probeOnly":true,"runtimeRunning":false,"runtimeGeneration":1,"residentMemoryBytes":147972096,"threadCount":30,"processCpuMillis":43926,"elapsedRealtimeMillis":7591801,"activeConnections":0,"tunInboundPackets":44,"tunOutboundPackets":32,"tunDroppedPackets":0,"udpRemoteOpenEvents":5,"udpRemoteWrittenBytes":335,"udpRemoteReadBytes":415,"fatalTunErrors":0,"unrecoveredTransitions":0}
1791167130.236 23960 23960 I XrayDeviceProbe: XRAY_ANDROID_PROBE state=stopped
1791167133.950 23960  4563 W XrayDeviceProbe: XRAY_ANDROID_UDP_FAILURE queryTag=3a3004bcdf4763e1 localPort=57383 errorCode=SocketTimeoutException
1791167133.953 23960  4563 I XrayDeviceProbe: XRAY_ANDROID_PROBE kind=udp result=failed errorCode=SocketTimeoutException elapsedSeconds=5
1791167137.029 24006  4615 I XrayDeviceGate: XRAY_ANDROID_SAMPLE {"tunBackend":"file-descriptor","probeOnly":false,"runtimeRunning":false,"runtimeGeneration":1,"residentMemoryBytes":148422656,"threadCount":29,"processCpuMillis":44081,"elapsedRealtimeMillis":7599858,"activeConnections":0,"tunInboundPackets":0,"tunOutboundPackets":0,"tunDroppedPackets":0,"udpRemoteOpenEvents":0,"udpRemoteWrittenBytes":0,"udpRemoteReadBytes":0,"fatalTunErrors":0,"unrecoveredTransitions":0}
1791167137.125 24006  4617 I XrayDeviceGate: XRAY_ANDROID_LIFECYCLE state=running generation=2 tunBackend=file-descriptor
1791167137.135 24006  4617 I XrayDeviceGate: XRAY_ANDROID_SAMPLE {"tunBackend":"file-descriptor","probeOnly":true,"runtimeRunning":true,"runtimeGeneration":2,"residentMemoryBytes":149946368,"threadCount":36,"processCpuMillis":44151,"elapsedRealtimeMillis":7599963,"activeConnections":0,"tunInboundPackets":3,"tunOutboundPackets":0,"tunDroppedPackets":0,"udpRemoteOpenEvents":0,"udpRemoteWrittenBytes":0,"udpRemoteReadBytes":0,"fatalTunErrors":0,"unrecoveredTransitions":0}
1791167137.973 23960 23960 I XrayDeviceProbe: XRAY_ANDROID_PROBE state=counters-reset
1791167138.220 23960 23960 I XrayDeviceProbe: XRAY_ANDROID_PROBE state=started
1791167138.272 23960  4653 I XrayDeviceProbe: XRAY_ANDROID_PROBE kind=http result=passed sequence=1 elapsedSeconds=0
1791167138.310 23960  4653 I XrayDeviceProbe: XRAY_ANDROID_PROBE kind=udp result=passed sequence=1 elapsedSeconds=0
1791167139.353 23960  4653 I XrayDeviceProbe: XRAY_ANDROID_PROBE kind=http result=passed sequence=2 elapsedSeconds=1
1791167139.385 23960  4653 I XrayDeviceProbe: XRAY_ANDROID_PROBE kind=udp result=passed sequence=2 elapsedSeconds=1
1791167139.611 23960 23960 I XrayDeviceProbe: XRAY_ANDROID_PROBE state=stopped
1791167140.991 24006 24006 I XrayDeviceGate: XRAY_ANDROID_LIFECYCLE state=stopped
1791167140.991 24006 24006 I XrayDeviceGate: XRAY_ANDROID_SAMPLE {"tunBackend":"file-descriptor","probeOnly":true,"runtimeRunning":false,"runtimeGeneration":2,"residentMemoryBytes":150167552,"threadCount":30,"processCpuMillis":44286,"elapsedRealtimeMillis":7603820,"activeConnections":0,"tunInboundPackets":3,"tunOutboundPackets":0,"tunDroppedPackets":0,"udpRemoteOpenEvents":0,"udpRemoteWrittenBytes":0,"udpRemoteReadBytes":0,"fatalTunErrors":0,"unrecoveredTransitions":0}
1791167141.304 23960 23960 I XrayDeviceProbe: XRAY_ANDROID_PROBE state=stopped
1791167142.675 24006  4714 I XrayDeviceGate: XRAY_ANDROID_SAMPLE {"tunBackend":"file-descriptor","probeOnly":false,"runtimeRunning":false,"runtimeGeneration":2,"residentMemoryBytes":150437888,"threadCount":29,"processCpuMillis":44425,"elapsedRealtimeMillis":7605505,"activeConnections":0,"tunInboundPackets":0,"tunOutboundPackets":0,"tunDroppedPackets":0,"udpRemoteOpenEvents":0,"udpRemoteWrittenBytes":0,"udpRemoteReadBytes":0,"fatalTunErrors":0,"unrecoveredTransitions":0}
1791167142.678 24006 24006 I XrayDeviceGate: XRAY_ANDROID_LIFECYCLE state=stopped
1791167142.678 24006 24006 I XrayDeviceGate: XRAY_ANDROID_SAMPLE {"tunBackend":"file-descriptor","probeOnly":false,"runtimeRunning":false,"runtimeGeneration":2,"residentMemoryBytes":150437888,"threadCount":29,"processCpuMillis":44430,"elapsedRealtimeMillis":7605507,"activeConnections":0,"tunInboundPackets":0,"tunOutboundPackets":0,"tunDroppedPackets":0,"udpRemoteOpenEvents":0,"udpRemoteWrittenBytes":0,"udpRemoteReadBytes":0,"fatalTunErrors":0,"unrecoveredTransitions":0}
1791167144.615 23960 23960 I XrayDeviceProbe: XRAY_ANDROID_PROBE state=stopped
1791167145.931 24006  4770 I XrayDeviceGate: XRAY_ANDROID_SAMPLE {"tunBackend":"file-descriptor","probeOnly":false,"runtimeRunning":false,"runtimeGeneration":2,"residentMemoryBytes":150654976,"threadCount":29,"processCpuMillis":44558,"elapsedRealtimeMillis":7608761,"activeConnections":0,"tunInboundPackets":0,"tunOutboundPackets":0,"tunDroppedPackets":0,"udpRemoteOpenEvents":0,"udpRemoteWrittenBytes":0,"udpRemoteReadBytes":0,"fatalTunErrors":0,"unrecoveredTransitions":0}
1791167145.938 24006 24006 I XrayDeviceGate: XRAY_ANDROID_LIFECYCLE state=stopped
1791167145.938 24006 24006 I XrayDeviceGate: XRAY_ANDROID_SAMPLE {"tunBackend":"file-descriptor","probeOnly":false,"runtimeRunning":false,"runtimeGeneration":2,"residentMemoryBytes":150654976,"threadCount":29,"processCpuMillis":44563,"elapsedRealtimeMillis":7608767,"activeConnections":0,"tunInboundPackets":0,"tunOutboundPackets":0,"tunDroppedPackets":0,"udpRemoteOpenEvents":0,"udpRemoteWrittenBytes":0,"udpRemoteReadBytes":0,"fatalTunErrors":0,"unrecoveredTransitions":0}
1791167146.188 24006 24006 I XrayDeviceGate: XRAY_ANDROID_LIFECYCLE state=counters-reset
1791167146.190 24006  4795 I XrayDeviceGate: XRAY_ANDROID_SAMPLE {"tunBackend":"file-descriptor","probeOnly":false,"runtimeRunning":false,"runtimeGeneration":0,"residentMemoryBytes":150933504,"threadCount":29,"processCpuMillis":44611,"elapsedRealtimeMillis":7609019,"activeConnections":0,"tunInboundPackets":0,"tunOutboundPackets":0,"tunDroppedPackets":0,"udpRemoteOpenEvents":0,"udpRemoteWrittenBytes":0,"udpRemoteReadBytes":0,"fatalTunErrors":0,"unrecoveredTransitions":0}
1791167147.861 24006  4835 I XrayDeviceGate: XRAY_ANDROID_SAMPLE {"tunBackend":"packet-pump","probeOnly":true,"runtimeRunning":false,"runtimeGeneration":0,"residentMemoryBytes":151347200,"threadCount":29,"processCpuMillis":44719,"elapsedRealtimeMillis":7610690,"activeConnections":0,"tunInboundPackets":0,"tunOutboundPackets":0,"tunDroppedPackets":0,"udpRemoteOpenEvents":0,"udpRemoteWrittenBytes":0,"udpRemoteReadBytes":0,"fatalTunErrors":0,"unrecoveredTransitions":0}
1791167147.914 24006  4837 I XrayDeviceGate: XRAY_ANDROID_LIFECYCLE state=running generation=1 tunBackend=packet-pump
1791167147.917 24006  4837 I XrayDeviceGate: XRAY_ANDROID_SAMPLE {"tunBackend":"packet-pump","probeOnly":true,"runtimeRunning":true,"runtimeGeneration":1,"residentMemoryBytes":152473600,"threadCount":38,"processCpuMillis":44765,"elapsedRealtimeMillis":7610747,"activeConnections":0,"tunInboundPackets":3,"tunOutboundPackets":0,"tunDroppedPackets":0,"udpRemoteOpenEvents":0,"udpRemoteWrittenBytes":0,"udpRemoteReadBytes":0,"fatalTunErrors":0,"unrecoveredTransitions":0}
1791167148.757 23960 23960 I XrayDeviceProbe: XRAY_ANDROID_PROBE state=counters-reset
1791167149.003 23960 23960 I XrayDeviceProbe: XRAY_ANDROID_PROBE state=started
1791167149.122 23960  4874 I XrayDeviceProbe: XRAY_ANDROID_PROBE kind=http result=passed sequence=1 elapsedSeconds=0
1791167149.157 23960  4874 I XrayDeviceProbe: XRAY_ANDROID_PROBE kind=udp result=passed sequence=1 elapsedSeconds=0
1791167150.208 23960  4874 I XrayDeviceProbe: XRAY_ANDROID_PROBE kind=http result=passed sequence=2 elapsedSeconds=1
1791167150.244 23960  4874 I XrayDeviceProbe: XRAY_ANDROID_PROBE kind=udp result=passed sequence=2 elapsedSeconds=1
1791167151.010 23960 23960 I XrayDeviceProbe: XRAY_ANDROID_PROBE state=stopped
1791167152.323 23960 23960 I XrayDeviceProbe: XRAY_ANDROID_PROBE state=stopped
1791167153.523 23960 23960 I XrayDeviceProbe: XRAY_ANDROID_PROBE state=counters-reset
1791167153.720 23960 23960 I XrayDeviceProbe: XRAY_ANDROID_PROBE state=started
1791167156.045 24006 24006 I XrayDeviceGate: XRAY_ANDROID_LIFECYCLE state=connections-close-requested accepted=3
1791167156.048 23960  4921 I XrayDeviceProbe: XRAY_ANDROID_PROBE kind=http result=failed errorCode=SocketException elapsedSeconds=2
1791167156.049 24006 24006 I XrayDeviceGate: XRAY_ANDROID_SAMPLE {"tunBackend":"packet-pump","probeOnly":true,"runtimeRunning":true,"runtimeGeneration":1,"residentMemoryBytes":152317952,"threadCount":38,"processCpuMillis":44948,"elapsedRealtimeMillis":7618878,"activeConnections":0,"tunInboundPackets":27,"tunOutboundPackets":18,"tunDroppedPackets":0,"udpRemoteOpenEvents":2,"udpRemoteWrittenBytes":134,"udpRemoteReadBytes":166,"fatalTunErrors":0,"unrecoveredTransitions":0}
1791167156.103 23960  4921 I XrayDeviceProbe: XRAY_ANDROID_PROBE kind=udp result=passed sequence=1 elapsedSeconds=2
1791167157.315 23960 23960 I XrayDeviceProbe: XRAY_ANDROID_PROBE state=stopped
1791167157.867 24006  4835 I XrayDeviceGate: XRAY_ANDROID_SAMPLE {"tunBackend":"packet-pump","probeOnly":true,"runtimeRunning":true,"runtimeGeneration":1,"residentMemoryBytes":152432640,"threadCount":38,"processCpuMillis":45058,"elapsedRealtimeMillis":7620696,"activeConnections":1,"tunInboundPackets":28,"tunOutboundPackets":20,"tunDroppedPackets":0,"udpRemoteOpenEvents":3,"udpRemoteWrittenBytes":201,"udpRemoteReadBytes":249,"fatalTunErrors":0,"unrecoveredTransitions":0}
1791167164.036 23960 23960 I XrayDeviceProbe: XRAY_ANDROID_PROBE state=counters-reset
1791167164.233 23960 23960 I XrayDeviceProbe: XRAY_ANDROID_PROBE state=started
1791167164.281 23960  4976 I XrayDeviceProbe: XRAY_ANDROID_PROBE kind=http result=passed sequence=1 elapsedSeconds=0
1791167164.311 23960  4976 I XrayDeviceProbe: XRAY_ANDROID_PROBE kind=udp result=passed sequence=1 elapsedSeconds=0
1791167165.407 23960  4976 I XrayDeviceProbe: XRAY_ANDROID_PROBE kind=http result=passed sequence=2 elapsedSeconds=1
1791167165.549 23960  4976 I XrayDeviceProbe: XRAY_ANDROID_PROBE kind=udp result=passed sequence=2 elapsedSeconds=1
1791167166.252 23960 23960 I XrayDeviceProbe: XRAY_ANDROID_PROBE state=stopped
1791167167.560 23960 23960 I XrayDeviceProbe: XRAY_ANDROID_PROBE state=stopped
1791167167.872 24006  4835 I XrayDeviceGate: XRAY_ANDROID_SAMPLE {"tunBackend":"packet-pump","probeOnly":true,"runtimeRunning":true,"runtimeGeneration":1,"residentMemoryBytes":147800064,"threadCount":38,"processCpuMillis":45184,"elapsedRealtimeMillis":7630701,"activeConnections":3,"tunInboundPackets":43,"tunOutboundPackets":32,"tunDroppedPackets":0,"udpRemoteOpenEvents":5,"udpRemoteWrittenBytes":335,"udpRemoteReadBytes":415,"fatalTunErrors":0,"unrecoveredTransitions":0}
1791167168.762 23960 23960 I XrayDeviceProbe: XRAY_ANDROID_PROBE state=counters-reset
1791167168.959 23960 23960 I XrayDeviceProbe: XRAY_ANDROID_PROBE state=started
1791167169.195 23960  5031 I XrayDeviceProbe: XRAY_ANDROID_PROBE kind=http result=failed errorCode=SocketException elapsedSeconds=0
1791167169.241 24006 24006 I XrayDeviceGate: XRAY_ANDROID_LIFECYCLE state=stopped
1791167169.241 24006 24006 I XrayDeviceGate: XRAY_ANDROID_SAMPLE {"tunBackend":"packet-pump","probeOnly":true,"runtimeRunning":false,"runtimeGeneration":1,"residentMemoryBytes":148291584,"threadCount":30,"processCpuMillis":45244,"elapsedRealtimeMillis":7632070,"activeConnections":0,"tunInboundPackets":43,"tunOutboundPackets":32,"tunDroppedPackets":0,"udpRemoteOpenEvents":5,"udpRemoteWrittenBytes":335,"udpRemoteReadBytes":415,"fatalTunErrors":0,"unrecoveredTransitions":0}
1791167170.604 23960 23960 I XrayDeviceProbe: XRAY_ANDROID_PROBE state=stopped
1791167174.205 23960  5031 W XrayDeviceProbe: XRAY_ANDROID_UDP_FAILURE queryTag=5e66503110e8e491 localPort=36049 errorCode=SocketTimeoutException
1791167174.208 23960  5031 I XrayDeviceProbe: XRAY_ANDROID_PROBE kind=udp result=failed errorCode=SocketTimeoutException elapsedSeconds=5
1791167177.404 24006  5078 I XrayDeviceGate: XRAY_ANDROID_SAMPLE {"tunBackend":"packet-pump","probeOnly":true,"runtimeRunning":false,"runtimeGeneration":1,"residentMemoryBytes":148615168,"threadCount":29,"processCpuMillis":45392,"elapsedRealtimeMillis":7640233,"activeConnections":0,"tunInboundPackets":0,"tunOutboundPackets":0,"tunDroppedPackets":0,"udpRemoteOpenEvents":0,"udpRemoteWrittenBytes":0,"udpRemoteReadBytes":0,"fatalTunErrors":0,"unrecoveredTransitions":0}
1791167177.467 24006  5079 I XrayDeviceGate: XRAY_ANDROID_LIFECYCLE state=running generation=2 tunBackend=packet-pump
1791167177.471 24006  5079 I XrayDeviceGate: XRAY_ANDROID_SAMPLE {"tunBackend":"packet-pump","probeOnly":true,"runtimeRunning":true,"runtimeGeneration":2,"residentMemoryBytes":149811200,"threadCount":38,"processCpuMillis":45460,"elapsedRealtimeMillis":7640301,"activeConnections":0,"tunInboundPackets":3,"tunOutboundPackets":0,"tunDroppedPackets":0,"udpRemoteOpenEvents":0,"udpRemoteWrittenBytes":0,"udpRemoteReadBytes":0,"fatalTunErrors":0,"unrecoveredTransitions":0}
1791167178.338 23960 23960 I XrayDeviceProbe: XRAY_ANDROID_PROBE state=counters-reset
1791167178.603 23960 23960 I XrayDeviceProbe: XRAY_ANDROID_PROBE state=started
1791167178.700 23960  5122 I XrayDeviceProbe: XRAY_ANDROID_PROBE kind=http result=passed sequence=1 elapsedSeconds=0
1791167178.736 23960  5122 I XrayDeviceProbe: XRAY_ANDROID_PROBE kind=udp result=passed sequence=1 elapsedSeconds=0
1791167179.779 23960  5122 I XrayDeviceProbe: XRAY_ANDROID_PROBE kind=http result=passed sequence=2 elapsedSeconds=1
1791167179.808 23960  5122 I XrayDeviceProbe: XRAY_ANDROID_PROBE kind=udp result=passed sequence=2 elapsedSeconds=1
1791167180.630 23960 23960 I XrayDeviceProbe: XRAY_ANDROID_PROBE state=stopped
1791167182.083 24006 24006 I XrayDeviceGate: XRAY_ANDROID_LIFECYCLE state=stopped
1791167182.083 24006 24006 I XrayDeviceGate: XRAY_ANDROID_SAMPLE {"tunBackend":"packet-pump","probeOnly":true,"runtimeRunning":false,"runtimeGeneration":2,"residentMemoryBytes":150106112,"threadCount":31,"processCpuMillis":45641,"elapsedRealtimeMillis":7644912,"activeConnections":0,"tunInboundPackets":3,"tunOutboundPackets":0,"tunDroppedPackets":0,"udpRemoteOpenEvents":0,"udpRemoteWrittenBytes":0,"udpRemoteReadBytes":0,"fatalTunErrors":0,"unrecoveredTransitions":0}
1791167182.435 23960 23960 I XrayDeviceProbe: XRAY_ANDROID_PROBE state=stopped
1791167183.733 24006  5191 I XrayDeviceGate: XRAY_ANDROID_SAMPLE {"tunBackend":"file-descriptor","probeOnly":false,"runtimeRunning":false,"runtimeGeneration":2,"residentMemoryBytes":150347776,"threadCount":29,"processCpuMillis":45772,"elapsedRealtimeMillis":7646563,"activeConnections":0,"tunInboundPackets":0,"tunOutboundPackets":0,"tunDroppedPackets":0,"udpRemoteOpenEvents":0,"udpRemoteWrittenBytes":0,"udpRemoteReadBytes":0,"fatalTunErrors":0,"unrecoveredTransitions":0}
1791167183.736 24006 24006 I XrayDeviceGate: XRAY_ANDROID_LIFECYCLE state=stopped
1791167183.736 24006 24006 I XrayDeviceGate: XRAY_ANDROID_SAMPLE {"tunBackend":"file-descriptor","probeOnly":false,"runtimeRunning":false,"runtimeGeneration":2,"residentMemoryBytes":150347776,"threadCount":29,"processCpuMillis":45777,"elapsedRealtimeMillis":7646565,"activeConnections":0,"tunInboundPackets":0,"tunOutboundPackets":0,"tunDroppedPackets":0,"udpRemoteOpenEvents":0,"udpRemoteWrittenBytes":0,"udpRemoteReadBytes":0,"fatalTunErrors":0,"unrecoveredTransitions":0}
1791167185.633 23960 23960 I XrayDeviceProbe: XRAY_ANDROID_PROBE state=stopped
1791167186.944 24006  5227 I XrayDeviceGate: XRAY_ANDROID_SAMPLE {"tunBackend":"file-descriptor","probeOnly":false,"runtimeRunning":false,"runtimeGeneration":2,"residentMemoryBytes":150507520,"threadCount":29,"processCpuMillis":45900,"elapsedRealtimeMillis":7649773,"activeConnections":0,"tunInboundPackets":0,"tunOutboundPackets":0,"tunDroppedPackets":0,"udpRemoteOpenEvents":0,"udpRemoteWrittenBytes":0,"udpRemoteReadBytes":0,"fatalTunErrors":0,"unrecoveredTransitions":0}
1791167186.944 24006 24006 I XrayDeviceGate: XRAY_ANDROID_LIFECYCLE state=stopped
1791167186.944 24006 24006 I XrayDeviceGate: XRAY_ANDROID_SAMPLE {"tunBackend":"file-descriptor","probeOnly":false,"runtimeRunning":false,"runtimeGeneration":2,"residentMemoryBytes":150507520,"threadCount":29,"processCpuMillis":45900,"elapsedRealtimeMillis":7649773,"activeConnections":0,"tunInboundPackets":0,"tunOutboundPackets":0,"tunDroppedPackets":0,"udpRemoteOpenEvents":0,"udpRemoteWrittenBytes":0,"udpRemoteReadBytes":0,"fatalTunErrors":0,"unrecoveredTransitions":0}
1791167187.186 24006 24006 I XrayDeviceGate: XRAY_ANDROID_LIFECYCLE state=counters-reset
1791167187.189 24006  5237 I XrayDeviceGate: XRAY_ANDROID_SAMPLE {"tunBackend":"file-descriptor","probeOnly":false,"runtimeRunning":false,"runtimeGeneration":0,"residentMemoryBytes":151003136,"threadCount":29,"processCpuMillis":45957,"elapsedRealtimeMillis":7650019,"activeConnections":0,"tunInboundPackets":0,"tunOutboundPackets":0,"tunDroppedPackets":0,"udpRemoteOpenEvents":0,"udpRemoteWrittenBytes":0,"udpRemoteReadBytes":0,"fatalTunErrors":0,"unrecoveredTransitions":0}
1791167188.937 24006  5294 I XrayDeviceGate: XRAY_ANDROID_SAMPLE {"tunBackend":"file-descriptor","probeOnly":true,"runtimeRunning":false,"runtimeGeneration":0,"residentMemoryBytes":151240704,"threadCount":29,"processCpuMillis":46067,"elapsedRealtimeMillis":7651766,"activeConnections":0,"tunInboundPackets":0,"tunOutboundPackets":0,"tunDroppedPackets":0,"udpRemoteOpenEvents":0,"udpRemoteWrittenBytes":0,"udpRemoteReadBytes":0,"fatalTunErrors":0,"unrecoveredTransitions":0}
1791167188.994 24006  5296 I XrayDeviceGate: XRAY_ANDROID_LIFECYCLE state=running generation=1 tunBackend=file-descriptor
1791167188.998 24006  5296 I XrayDeviceGate: XRAY_ANDROID_SAMPLE {"tunBackend":"file-descriptor","probeOnly":true,"runtimeRunning":true,"runtimeGeneration":1,"residentMemoryBytes":152358912,"threadCount":36,"processCpuMillis":46122,"elapsedRealtimeMillis":7651827,"activeConnections":0,"tunInboundPackets":4,"tunOutboundPackets":0,"tunDroppedPackets":0,"udpRemoteOpenEvents":0,"udpRemoteWrittenBytes":0,"udpRemoteReadBytes":0,"fatalTunErrors":0,"unrecoveredTransitions":0}
1791167189.829 23960 23960 I XrayDeviceProbe: XRAY_ANDROID_PROBE state=counters-reset
1791167190.082 23960 23960 I XrayDeviceProbe: XRAY_ANDROID_PROBE state=started
1791167190.120 23960  5344 I XrayDeviceProbe: XRAY_ANDROID_PROBE kind=http result=passed sequence=1 elapsedSeconds=0
1791167190.140 23960  5344 I XrayDeviceProbe: XRAY_ANDROID_PROBE kind=udp result=passed sequence=1 elapsedSeconds=0
1791167191.178 23960  5344 I XrayDeviceProbe: XRAY_ANDROID_PROBE kind=http result=passed sequence=2 elapsedSeconds=1
1791167191.190 23960  5344 I XrayDeviceProbe: XRAY_ANDROID_PROBE kind=udp result=passed sequence=2 elapsedSeconds=1
1791167191.473 23960 23960 I XrayDeviceProbe: XRAY_ANDROID_PROBE state=stopped
1791167192.763 23960 23960 I XrayDeviceProbe: XRAY_ANDROID_PROBE state=stopped
1791167193.946 23960 23960 I XrayDeviceProbe: XRAY_ANDROID_PROBE state=counters-reset
1791167194.136 23960 23960 I XrayDeviceProbe: XRAY_ANDROID_PROBE state=started
1791167194.380 24006 24006 I XrayDeviceGate: XRAY_ANDROID_LIFECYCLE state=connections-close-requested accepted=3
1791167194.383 23960  5385 I XrayDeviceProbe: XRAY_ANDROID_PROBE kind=http result=failed errorCode=SocketException elapsedSeconds=0
1791167194.385 24006 24006 I XrayDeviceGate: XRAY_ANDROID_SAMPLE {"tunBackend":"file-descriptor","probeOnly":true,"runtimeRunning":true,"runtimeGeneration":1,"residentMemoryBytes":148594688,"threadCount":36,"processCpuMillis":46265,"elapsedRealtimeMillis":7657214,"activeConnections":1,"tunInboundPackets":26,"tunOutboundPackets":18,"tunDroppedPackets":0,"udpRemoteOpenEvents":2,"udpRemoteWrittenBytes":134,"udpRemoteReadBytes":166,"fatalTunErrors":0,"unrecoveredTransitions":0}
1791167194.403 23960  5385 I XrayDeviceProbe: XRAY_ANDROID_PROBE kind=udp result=passed sequence=1 elapsedSeconds=0
1791167197.645 23960 23960 I XrayDeviceProbe: XRAY_ANDROID_PROBE state=stopped
1791167198.942 24006  5294 I XrayDeviceGate: XRAY_ANDROID_SAMPLE {"tunBackend":"file-descriptor","probeOnly":true,"runtimeRunning":true,"runtimeGeneration":1,"residentMemoryBytes":148180992,"threadCount":37,"processCpuMillis":46437,"elapsedRealtimeMillis":7661772,"activeConnections":1,"tunInboundPackets":27,"tunOutboundPackets":20,"tunDroppedPackets":0,"udpRemoteOpenEvents":3,"udpRemoteWrittenBytes":201,"udpRemoteReadBytes":249,"fatalTunErrors":0,"unrecoveredTransitions":0}
1791167198.991 24006 24006 I XrayDeviceGate: XRAY_ANDROID_LIFECYCLE state=stopped
1791167198.991 24006 24006 I XrayDeviceGate: XRAY_ANDROID_SAMPLE {"tunBackend":"file-descriptor","probeOnly":true,"runtimeRunning":false,"runtimeGeneration":1,"residentMemoryBytes":148828160,"threadCount":30,"processCpuMillis":46459,"elapsedRealtimeMillis":7661820,"activeConnections":0,"tunInboundPackets":27,"tunOutboundPackets":20,"tunDroppedPackets":0,"udpRemoteOpenEvents":3,"udpRemoteWrittenBytes":201,"udpRemoteReadBytes":249,"fatalTunErrors":0,"unrecoveredTransitions":0}
1791167200.941 23960 23960 I XrayDeviceProbe: XRAY_ANDROID_PROBE state=stopped
1791167202.245 24006  5450 I XrayDeviceGate: XRAY_ANDROID_SAMPLE {"tunBackend":"file-descriptor","probeOnly":false,"runtimeRunning":false,"runtimeGeneration":1,"residentMemoryBytes":149049344,"threadCount":29,"processCpuMillis":46619,"elapsedRealtimeMillis":7665074,"activeConnections":0,"tunInboundPackets":0,"tunOutboundPackets":0,"tunDroppedPackets":0,"udpRemoteOpenEvents":0,"udpRemoteWrittenBytes":0,"udpRemoteReadBytes":0,"fatalTunErrors":0,"unrecoveredTransitions":0}
1791167202.245 24006 24006 I XrayDeviceGate: XRAY_ANDROID_LIFECYCLE state=stopped
1791167202.245 24006 24006 I XrayDeviceGate: XRAY_ANDROID_SAMPLE {"tunBackend":"file-descriptor","probeOnly":false,"runtimeRunning":false,"runtimeGeneration":1,"residentMemoryBytes":149049344,"threadCount":29,"processCpuMillis":46619,"elapsedRealtimeMillis":7665074,"activeConnections":0,"tunInboundPackets":0,"tunOutboundPackets":0,"tunDroppedPackets":0,"udpRemoteOpenEvents":0,"udpRemoteWrittenBytes":0,"udpRemoteReadBytes":0,"fatalTunErrors":0,"unrecoveredTransitions":0}
1791167202.462 24006 24006 I XrayDeviceGate: XRAY_ANDROID_LIFECYCLE state=counters-reset
1791167202.463 24006  5463 I XrayDeviceGate: XRAY_ANDROID_SAMPLE {"tunBackend":"file-descriptor","probeOnly":false,"runtimeRunning":false,"runtimeGeneration":1,"residentMemoryBytes":149331968,"threadCount":29,"processCpuMillis":46666,"elapsedRealtimeMillis":7665292,"activeConnections":0,"tunInboundPackets":0,"tunOutboundPackets":0,"tunDroppedPackets":0,"udpRemoteOpenEvents":0,"udpRemoteWrittenBytes":0,"udpRemoteReadBytes":0,"fatalTunErrors":0,"unrecoveredTransitions":0}
1791167204.097 24006  5504 I XrayDeviceGate: XRAY_ANDROID_SAMPLE {"tunBackend":"packet-pump","probeOnly":true,"runtimeRunning":false,"runtimeGeneration":0,"residentMemoryBytes":149565440,"threadCount":29,"processCpuMillis":46776,"elapsedRealtimeMillis":7666926,"activeConnections":0,"tunInboundPackets":0,"tunOutboundPackets":0,"tunDroppedPackets":0,"udpRemoteOpenEvents":0,"udpRemoteWrittenBytes":0,"udpRemoteReadBytes":0,"fatalTunErrors":0,"unrecoveredTransitions":0}
1791167204.150 24006  5507 I XrayDeviceGate: XRAY_ANDROID_LIFECYCLE state=running generation=1 tunBackend=packet-pump
1791167204.154 24006  5507 I XrayDeviceGate: XRAY_ANDROID_SAMPLE {"tunBackend":"packet-pump","probeOnly":true,"runtimeRunning":true,"runtimeGeneration":1,"residentMemoryBytes":150634496,"threadCount":38,"processCpuMillis":46823,"elapsedRealtimeMillis":7666983,"activeConnections":0,"tunInboundPackets":3,"tunOutboundPackets":0,"tunDroppedPackets":0,"udpRemoteOpenEvents":0,"udpRemoteWrittenBytes":0,"udpRemoteReadBytes":0,"fatalTunErrors":0,"unrecoveredTransitions":0}
1791167204.970 23960 23960 I XrayDeviceProbe: XRAY_ANDROID_PROBE state=counters-reset
1791167205.205 23960 23960 I XrayDeviceProbe: XRAY_ANDROID_PROBE state=started
1791167205.237 23960  5545 I XrayDeviceProbe: XRAY_ANDROID_PROBE kind=http result=passed sequence=1 elapsedSeconds=0
1791167205.253 23960  5545 I XrayDeviceProbe: XRAY_ANDROID_PROBE kind=udp result=passed sequence=1 elapsedSeconds=0
1791167206.282 23960  5545 I XrayDeviceProbe: XRAY_ANDROID_PROBE kind=http result=passed sequence=2 elapsedSeconds=1
1791167206.294 23960  5545 I XrayDeviceProbe: XRAY_ANDROID_PROBE kind=udp result=passed sequence=2 elapsedSeconds=1
1791167206.594 23960 23960 I XrayDeviceProbe: XRAY_ANDROID_PROBE state=stopped
1791167207.888 23960 23960 I XrayDeviceProbe: XRAY_ANDROID_PROBE state=stopped
1791167209.082 23960 23960 I XrayDeviceProbe: XRAY_ANDROID_PROBE state=counters-reset
1791167209.272 23960 23960 I XrayDeviceProbe: XRAY_ANDROID_PROBE state=started
1791167209.565 24006 24006 I XrayDeviceGate: XRAY_ANDROID_LIFECYCLE state=connections-close-requested accepted=3
1791167209.567 23960  5587 I XrayDeviceProbe: XRAY_ANDROID_PROBE kind=http result=failed errorCode=SocketException elapsedSeconds=0
1791167209.570 24006 24006 I XrayDeviceGate: XRAY_ANDROID_SAMPLE {"tunBackend":"packet-pump","probeOnly":true,"runtimeRunning":true,"runtimeGeneration":1,"residentMemoryBytes":150982656,"threadCount":38,"processCpuMillis":46984,"elapsedRealtimeMillis":7672399,"activeConnections":0,"tunInboundPackets":26,"tunOutboundPackets":18,"tunDroppedPackets":0,"udpRemoteOpenEvents":2,"udpRemoteWrittenBytes":134,"udpRemoteReadBytes":166,"fatalTunErrors":0,"unrecoveredTransitions":0}
1791167209.590 23960  5587 I XrayDeviceProbe: XRAY_ANDROID_PROBE kind=udp result=passed sequence=1 elapsedSeconds=0
1791167212.850 23960 23960 I XrayDeviceProbe: XRAY_ANDROID_PROBE state=stopped
1791167214.101 24006  5504 I XrayDeviceGate: XRAY_ANDROID_SAMPLE {"tunBackend":"packet-pump","probeOnly":true,"runtimeRunning":true,"runtimeGeneration":1,"residentMemoryBytes":150646784,"threadCount":38,"processCpuMillis":47143,"elapsedRealtimeMillis":7676931,"activeConnections":1,"tunInboundPackets":27,"tunOutboundPackets":20,"tunDroppedPackets":0,"udpRemoteOpenEvents":3,"udpRemoteWrittenBytes":201,"udpRemoteReadBytes":249,"fatalTunErrors":0,"unrecoveredTransitions":0}
1791167214.373 24006 24006 I XrayDeviceGate: XRAY_ANDROID_LIFECYCLE state=stopped
1791167214.373 24006 24006 I XrayDeviceGate: XRAY_ANDROID_SAMPLE {"tunBackend":"packet-pump","probeOnly":true,"runtimeRunning":false,"runtimeGeneration":1,"residentMemoryBytes":150749184,"threadCount":30,"processCpuMillis":47186,"elapsedRealtimeMillis":7677202,"activeConnections":0,"tunInboundPackets":27,"tunOutboundPackets":20,"tunDroppedPackets":0,"udpRemoteOpenEvents":3,"udpRemoteWrittenBytes":201,"udpRemoteReadBytes":249,"fatalTunErrors":0,"unrecoveredTransitions":0}
1791167216.830 23960 23960 I XrayDeviceProbe: XRAY_ANDROID_PROBE state=stopped
1791167218.138 24006  5647 I XrayDeviceGate: XRAY_ANDROID_SAMPLE {"tunBackend":"file-descriptor","probeOnly":false,"runtimeRunning":false,"runtimeGeneration":1,"residentMemoryBytes":150503424,"threadCount":29,"processCpuMillis":47343,"elapsedRealtimeMillis":7680967,"activeConnections":0,"tunInboundPackets":0,"tunOutboundPackets":0,"tunDroppedPackets":0,"udpRemoteOpenEvents":0,"udpRemoteWrittenBytes":0,"udpRemoteReadBytes":0,"fatalTunErrors":0,"unrecoveredTransitions":0}
1791167218.138 24006 24006 I XrayDeviceGate: XRAY_ANDROID_LIFECYCLE state=stopped
1791167218.138 24006 24006 I XrayDeviceGate: XRAY_ANDROID_SAMPLE {"tunBackend":"file-descriptor","probeOnly":false,"runtimeRunning":false,"runtimeGeneration":1,"residentMemoryBytes":150503424,"threadCount":29,"processCpuMillis":47343,"elapsedRealtimeMillis":7680967,"activeConnections":0,"tunInboundPackets":0,"tunOutboundPackets":0,"tunDroppedPackets":0,"udpRemoteOpenEvents":0,"udpRemoteWrittenBytes":0,"udpRemoteReadBytes":0,"fatalTunErrors":0,"unrecoveredTransitions":0}
1791167218.372 24006  5657 I XrayDeviceGate: XRAY_ANDROID_SAMPLE {"tunBackend":"file-descriptor","probeOnly":false,"runtimeRunning":false,"runtimeGeneration":1,"residentMemoryBytes":150994944,"threadCount":29,"processCpuMillis":47394,"elapsedRealtimeMillis":7681202,"activeConnections":0,"tunInboundPackets":0,"tunOutboundPackets":0,"tunDroppedPackets":0,"udpRemoteOpenEvents":0,"udpRemoteWrittenBytes":0,"udpRemoteReadBytes":0,"fatalTunErrors":0,"unrecoveredTransitions":0}
1791167218.372 24006 24006 I XrayDeviceGate: XRAY_ANDROID_LIFECYCLE state=counters-reset
1791167220.049 24006  5700 I XrayDeviceGate: XRAY_ANDROID_SAMPLE {"tunBackend":"file-descriptor","probeOnly":true,"runtimeRunning":false,"runtimeGeneration":0,"residentMemoryBytes":151273472,"threadCount":29,"processCpuMillis":47499,"elapsedRealtimeMillis":7682878,"activeConnections":0,"tunInboundPackets":0,"tunOutboundPackets":0,"tunDroppedPackets":0,"udpRemoteOpenEvents":0,"udpRemoteWrittenBytes":0,"udpRemoteReadBytes":0,"fatalTunErrors":0,"unrecoveredTransitions":0}
1791167220.113 24006  5703 I XrayDeviceGate: XRAY_ANDROID_LIFECYCLE state=running generation=1 tunBackend=file-descriptor
1791167220.117 24006  5703 I XrayDeviceGate: XRAY_ANDROID_SAMPLE {"tunBackend":"file-descriptor","probeOnly":true,"runtimeRunning":true,"runtimeGeneration":1,"residentMemoryBytes":148320256,"threadCount":36,"processCpuMillis":47585,"elapsedRealtimeMillis":7682947,"activeConnections":0,"tunInboundPackets":3,"tunOutboundPackets":0,"tunDroppedPackets":0,"udpRemoteOpenEvents":0,"udpRemoteWrittenBytes":0,"udpRemoteReadBytes":0,"fatalTunErrors":0,"unrecoveredTransitions":0}
1791167220.918 23960 23960 I XrayDeviceProbe: XRAY_ANDROID_PROBE state=counters-reset
1791167221.155 23960 23960 I XrayDeviceProbe: XRAY_ANDROID_PROBE state=started
1791167221.192 23960  5737 I XrayDeviceProbe: XRAY_ANDROID_PROBE kind=http result=passed sequence=1 elapsedSeconds=0
1791167221.211 23960  5737 I XrayDeviceProbe: XRAY_ANDROID_PROBE kind=udp result=passed sequence=1 elapsedSeconds=0
1791167222.276 23960  5737 I XrayDeviceProbe: XRAY_ANDROID_PROBE kind=http result=passed sequence=2 elapsedSeconds=1
1791167222.292 23960  5737 I XrayDeviceProbe: XRAY_ANDROID_PROBE kind=udp result=passed sequence=2 elapsedSeconds=1
1791167222.544 23960 23960 I XrayDeviceProbe: XRAY_ANDROID_PROBE state=stopped
1791167223.825 23960 23960 I XrayDeviceProbe: XRAY_ANDROID_PROBE state=stopped
1791167225.007 23960 23960 I XrayDeviceProbe: XRAY_ANDROID_PROBE state=counters-reset
1791167225.194 23960 23960 I XrayDeviceProbe: XRAY_ANDROID_PROBE state=started
1791167225.403 24006 24006 I XrayDeviceGate: XRAY_ANDROID_LIFECYCLE state=connections-close-requested accepted=3
1791167225.406 23960  5779 I XrayDeviceProbe: XRAY_ANDROID_PROBE kind=http result=failed errorCode=SocketException elapsedSeconds=0
1791167225.408 24006 24006 I XrayDeviceGate: XRAY_ANDROID_SAMPLE {"tunBackend":"file-descriptor","probeOnly":true,"runtimeRunning":true,"runtimeGeneration":1,"residentMemoryBytes":148819968,"threadCount":36,"processCpuMillis":47709,"elapsedRealtimeMillis":7688237,"activeConnections":2,"tunInboundPackets":26,"tunOutboundPackets":18,"tunDroppedPackets":0,"udpRemoteOpenEvents":2,"udpRemoteWrittenBytes":134,"udpRemoteReadBytes":166,"fatalTunErrors":0,"unrecoveredTransitions":0}
1791167225.437 23960  5779 I XrayDeviceProbe: XRAY_ANDROID_PROBE kind=udp result=passed sequence=1 elapsedSeconds=0
1791167226.685 23960 23960 I XrayDeviceProbe: XRAY_ANDROID_PROBE state=stopped
1791167230.058 24006  5700 I XrayDeviceGate: XRAY_ANDROID_SAMPLE {"tunBackend":"file-descriptor","probeOnly":true,"runtimeRunning":true,"runtimeGeneration":1,"residentMemoryBytes":148541440,"threadCount":36,"processCpuMillis":47821,"elapsedRealtimeMillis":7692887,"activeConnections":1,"tunInboundPackets":27,"tunOutboundPackets":20,"tunDroppedPackets":0,"udpRemoteOpenEvents":3,"udpRemoteWrittenBytes":201,"udpRemoteReadBytes":249,"fatalTunErrors":0,"unrecoveredTransitions":0}
1791167233.389 23960 23960 I XrayDeviceProbe: XRAY_ANDROID_PROBE state=counters-reset
1791167233.592 23960 23960 I XrayDeviceProbe: XRAY_ANDROID_PROBE state=started
1791167233.620 23960  5827 I XrayDeviceProbe: XRAY_ANDROID_PROBE kind=http result=passed sequence=1 elapsedSeconds=0
1791167233.639 23960  5827 I XrayDeviceProbe: XRAY_ANDROID_PROBE kind=udp result=passed sequence=1 elapsedSeconds=0
1791167234.662 23960  5827 I XrayDeviceProbe: XRAY_ANDROID_PROBE kind=http result=passed sequence=2 elapsedSeconds=1
1791167234.689 23960  5827 I XrayDeviceProbe: XRAY_ANDROID_PROBE kind=udp result=passed sequence=2 elapsedSeconds=1
1791167234.973 23960 23960 I XrayDeviceProbe: XRAY_ANDROID_PROBE state=stopped
1791167236.258 23960 23960 I XrayDeviceProbe: XRAY_ANDROID_PROBE state=stopped
1791167237.449 23960 23960 I XrayDeviceProbe: XRAY_ANDROID_PROBE state=counters-reset
1791167237.644 23960 23960 I XrayDeviceProbe: XRAY_ANDROID_PROBE state=started
1791167237.832 23960  5870 I XrayDeviceProbe: XRAY_ANDROID_PROBE kind=http result=failed errorCode=SocketException elapsedSeconds=0
1791167237.863 24006 24006 I XrayDeviceGate: XRAY_ANDROID_LIFECYCLE state=stopped
1791167237.863 24006 24006 I XrayDeviceGate: XRAY_ANDROID_SAMPLE {"tunBackend":"file-descriptor","probeOnly":true,"runtimeRunning":false,"runtimeGeneration":1,"residentMemoryBytes":149143552,"threadCount":30,"processCpuMillis":47890,"elapsedRealtimeMillis":7700692,"activeConnections":0,"tunInboundPackets":27,"tunOutboundPackets":20,"tunDroppedPackets":0,"udpRemoteOpenEvents":3,"udpRemoteWrittenBytes":201,"udpRemoteReadBytes":249,"fatalTunErrors":0,"unrecoveredTransitions":0}
1791167239.116 23960 23960 I XrayDeviceProbe: XRAY_ANDROID_PROBE state=stopped
1791167242.843 23960  5870 W XrayDeviceProbe: XRAY_ANDROID_UDP_FAILURE queryTag=8c8bd40cbc6b5fa9 localPort=35755 errorCode=SocketTimeoutException
1791167242.845 23960  5870 I XrayDeviceProbe: XRAY_ANDROID_PROBE kind=udp result=failed errorCode=SocketTimeoutException elapsedSeconds=5
1791167245.897 24006  5912 I XrayDeviceGate: XRAY_ANDROID_SAMPLE {"tunBackend":"file-descriptor","probeOnly":true,"runtimeRunning":false,"runtimeGeneration":1,"residentMemoryBytes":149336064,"threadCount":29,"processCpuMillis":48044,"elapsedRealtimeMillis":7708726,"activeConnections":0,"tunInboundPackets":0,"tunOutboundPackets":0,"tunDroppedPackets":0,"udpRemoteOpenEvents":0,"udpRemoteWrittenBytes":0,"udpRemoteReadBytes":0,"fatalTunErrors":0,"unrecoveredTransitions":0}
1791167245.953 24006  5914 I XrayDeviceGate: XRAY_ANDROID_LIFECYCLE state=running generation=2 tunBackend=file-descriptor
1791167245.957 24006  5914 I XrayDeviceGate: XRAY_ANDROID_SAMPLE {"tunBackend":"file-descriptor","probeOnly":true,"runtimeRunning":true,"runtimeGeneration":2,"residentMemoryBytes":150536192,"threadCount":36,"processCpuMillis":48096,"elapsedRealtimeMillis":7708786,"activeConnections":0,"tunInboundPackets":3,"tunOutboundPackets":0,"tunDroppedPackets":0,"udpRemoteOpenEvents":0,"udpRemoteWrittenBytes":0,"udpRemoteReadBytes":0,"fatalTunErrors":0,"unrecoveredTransitions":0}
1791167246.819 23960 23960 I XrayDeviceProbe: XRAY_ANDROID_PROBE state=counters-reset
1791167247.079 23960 23960 I XrayDeviceProbe: XRAY_ANDROID_PROBE state=started
1791167247.164 23960  5945 I XrayDeviceProbe: XRAY_ANDROID_PROBE kind=http result=passed sequence=1 elapsedSeconds=0
1791167247.196 23960  5945 I XrayDeviceProbe: XRAY_ANDROID_PROBE kind=udp result=passed sequence=1 elapsedSeconds=0
1791167248.227 23960  5945 I XrayDeviceProbe: XRAY_ANDROID_PROBE kind=http result=passed sequence=2 elapsedSeconds=1
1791167248.248 23960  5945 I XrayDeviceProbe: XRAY_ANDROID_PROBE kind=udp result=passed sequence=2 elapsedSeconds=1
1791167248.490 23960 23960 I XrayDeviceProbe: XRAY_ANDROID_PROBE state=stopped
1791167249.879 24006 24006 I XrayDeviceGate: XRAY_ANDROID_LIFECYCLE state=stopped
1791167249.879 24006 24006 I XrayDeviceGate: XRAY_ANDROID_SAMPLE {"tunBackend":"file-descriptor","probeOnly":true,"runtimeRunning":false,"runtimeGeneration":2,"residentMemoryBytes":150560768,"threadCount":30,"processCpuMillis":48239,"elapsedRealtimeMillis":7712708,"activeConnections":0,"tunInboundPackets":3,"tunOutboundPackets":0,"tunDroppedPackets":0,"udpRemoteOpenEvents":0,"udpRemoteWrittenBytes":0,"udpRemoteReadBytes":0,"fatalTunErrors":0,"unrecoveredTransitions":0}
1791167250.156 23960 23960 I XrayDeviceProbe: XRAY_ANDROID_PROBE state=stopped
1791167251.497 24006 24006 I XrayDeviceGate: XRAY_ANDROID_LIFECYCLE state=stopped
1791167251.497 24006 24006 I XrayDeviceGate: XRAY_ANDROID_SAMPLE {"tunBackend":"file-descriptor","probeOnly":false,"runtimeRunning":false,"runtimeGeneration":2,"residentMemoryBytes":150966272,"threadCount":29,"processCpuMillis":48378,"elapsedRealtimeMillis":7714327,"activeConnections":0,"tunInboundPackets":0,"tunOutboundPackets":0,"tunDroppedPackets":0,"udpRemoteOpenEvents":0,"udpRemoteWrittenBytes":0,"udpRemoteReadBytes":0,"fatalTunErrors":0,"unrecoveredTransitions":0}
1791167251.499 24006  5994 I XrayDeviceGate: XRAY_ANDROID_SAMPLE {"tunBackend":"file-descriptor","probeOnly":false,"runtimeRunning":false,"runtimeGeneration":2,"residentMemoryBytes":150966272,"threadCount":29,"processCpuMillis":48381,"elapsedRealtimeMillis":7714328,"activeConnections":0,"tunInboundPackets":0,"tunOutboundPackets":0,"tunDroppedPackets":0,"udpRemoteOpenEvents":0,"udpRemoteWrittenBytes":0,"udpRemoteReadBytes":0,"fatalTunErrors":0,"unrecoveredTransitions":0}
1791167253.437 23960 23960 I XrayDeviceProbe: XRAY_ANDROID_PROBE state=stopped
1791167254.731 24006  6022 I XrayDeviceGate: XRAY_ANDROID_SAMPLE {"tunBackend":"file-descriptor","probeOnly":false,"runtimeRunning":false,"runtimeGeneration":2,"residentMemoryBytes":151158784,"threadCount":29,"processCpuMillis":48510,"elapsedRealtimeMillis":7717560,"activeConnections":0,"tunInboundPackets":0,"tunOutboundPackets":0,"tunDroppedPackets":0,"udpRemoteOpenEvents":0,"udpRemoteWrittenBytes":0,"udpRemoteReadBytes":0,"fatalTunErrors":0,"unrecoveredTransitions":0}
1791167254.731 24006 24006 I XrayDeviceGate: XRAY_ANDROID_LIFECYCLE state=stopped
1791167254.731 24006 24006 I XrayDeviceGate: XRAY_ANDROID_SAMPLE {"tunBackend":"file-descriptor","probeOnly":false,"runtimeRunning":false,"runtimeGeneration":2,"residentMemoryBytes":151158784,"threadCount":29,"processCpuMillis":48510,"elapsedRealtimeMillis":7717560,"activeConnections":0,"tunInboundPackets":0,"tunOutboundPackets":0,"tunDroppedPackets":0,"udpRemoteOpenEvents":0,"udpRemoteWrittenBytes":0,"udpRemoteReadBytes":0,"fatalTunErrors":0,"unrecoveredTransitions":0}
1791167254.967 24006 24006 I XrayDeviceGate: XRAY_ANDROID_LIFECYCLE state=counters-reset
1791167254.969 24006  6032 I XrayDeviceGate: XRAY_ANDROID_SAMPLE {"tunBackend":"file-descriptor","probeOnly":false,"runtimeRunning":false,"runtimeGeneration":0,"residentMemoryBytes":151433216,"threadCount":29,"processCpuMillis":48562,"elapsedRealtimeMillis":7717798,"activeConnections":0,"tunInboundPackets":0,"tunOutboundPackets":0,"tunDroppedPackets":0,"udpRemoteOpenEvents":0,"udpRemoteWrittenBytes":0,"udpRemoteReadBytes":0,"fatalTunErrors":0,"unrecoveredTransitions":0}
1791167256.621 24006  6071 I XrayDeviceGate: XRAY_ANDROID_SAMPLE {"tunBackend":"packet-pump","probeOnly":true,"runtimeRunning":false,"runtimeGeneration":0,"residentMemoryBytes":151670784,"threadCount":29,"processCpuMillis":48675,"elapsedRealtimeMillis":7719451,"activeConnections":0,"tunInboundPackets":0,"tunOutboundPackets":0,"tunDroppedPackets":0,"udpRemoteOpenEvents":0,"udpRemoteWrittenBytes":0,"udpRemoteReadBytes":0,"fatalTunErrors":0,"unrecoveredTransitions":0}
1791167256.680 24006  6074 I XrayDeviceGate: XRAY_ANDROID_LIFECYCLE state=running generation=1 tunBackend=packet-pump
1791167256.684 24006  6074 I XrayDeviceGate: XRAY_ANDROID_SAMPLE {"tunBackend":"packet-pump","probeOnly":true,"runtimeRunning":true,"runtimeGeneration":1,"residentMemoryBytes":148729856,"threadCount":38,"processCpuMillis":48764,"elapsedRealtimeMillis":7719513,"activeConnections":0,"tunInboundPackets":3,"tunOutboundPackets":0,"tunDroppedPackets":0,"udpRemoteOpenEvents":0,"udpRemoteWrittenBytes":0,"udpRemoteReadBytes":0,"fatalTunErrors":0,"unrecoveredTransitions":0}
1791167257.491 23960 23960 I XrayDeviceProbe: XRAY_ANDROID_PROBE state=counters-reset
1791167257.730 23960 23960 I XrayDeviceProbe: XRAY_ANDROID_PROBE state=started
1791167257.767 23960  6105 I XrayDeviceProbe: XRAY_ANDROID_PROBE kind=http result=passed sequence=1 elapsedSeconds=0
1791167257.789 23960  6105 I XrayDeviceProbe: XRAY_ANDROID_PROBE kind=udp result=passed sequence=1 elapsedSeconds=0
1791167258.833 23960  6105 I XrayDeviceProbe: XRAY_ANDROID_PROBE kind=http result=passed sequence=2 elapsedSeconds=1
1791167258.853 23960  6105 I XrayDeviceProbe: XRAY_ANDROID_PROBE kind=udp result=passed sequence=2 elapsedSeconds=1
1791167259.125 23960 23960 I XrayDeviceProbe: XRAY_ANDROID_PROBE state=stopped
1791167260.406 23960 23960 I XrayDeviceProbe: XRAY_ANDROID_PROBE state=stopped
1791167261.597 23960 23960 I XrayDeviceProbe: XRAY_ANDROID_PROBE state=counters-reset
1791167261.786 23960 23960 I XrayDeviceProbe: XRAY_ANDROID_PROBE state=started
1791167261.980 24006 24006 I XrayDeviceGate: XRAY_ANDROID_LIFECYCLE state=connections-close-requested accepted=3
1791167261.983 23960  6143 I XrayDeviceProbe: XRAY_ANDROID_PROBE kind=http result=failed errorCode=SocketException elapsedSeconds=0
1791167261.984 24006 24006 I XrayDeviceGate: XRAY_ANDROID_SAMPLE {"tunBackend":"packet-pump","probeOnly":true,"runtimeRunning":true,"runtimeGeneration":1,"residentMemoryBytes":149192704,"threadCount":38,"processCpuMillis":48916,"elapsedRealtimeMillis":7724814,"activeConnections":2,"tunInboundPackets":26,"tunOutboundPackets":18,"tunDroppedPackets":0,"udpRemoteOpenEvents":2,"udpRemoteWrittenBytes":134,"udpRemoteReadBytes":166,"fatalTunErrors":0,"unrecoveredTransitions":0}
1791167262.021 23960  6143 I XrayDeviceProbe: XRAY_ANDROID_PROBE kind=udp result=passed sequence=1 elapsedSeconds=0
1791167263.271 23960 23960 I XrayDeviceProbe: XRAY_ANDROID_PROBE state=stopped
1791167266.632 24006  6071 I XrayDeviceGate: XRAY_ANDROID_SAMPLE {"tunBackend":"packet-pump","probeOnly":true,"runtimeRunning":true,"runtimeGeneration":1,"residentMemoryBytes":148844544,"threadCount":38,"processCpuMillis":49042,"elapsedRealtimeMillis":7729461,"activeConnections":1,"tunInboundPackets":27,"tunOutboundPackets":20,"tunDroppedPackets":0,"udpRemoteOpenEvents":3,"udpRemoteWrittenBytes":201,"udpRemoteReadBytes":249,"fatalTunErrors":0,"unrecoveredTransitions":0}
1791167269.959 23960 23960 I XrayDeviceProbe: XRAY_ANDROID_PROBE state=counters-reset
1791167270.147 23960 23960 I XrayDeviceProbe: XRAY_ANDROID_PROBE state=started
1791167270.191 23960  6184 I XrayDeviceProbe: XRAY_ANDROID_PROBE kind=http result=passed sequence=1 elapsedSeconds=0
1791167270.213 23960  6184 I XrayDeviceProbe: XRAY_ANDROID_PROBE kind=udp result=passed sequence=1 elapsedSeconds=0
1791167271.270 23960  6184 I XrayDeviceProbe: XRAY_ANDROID_PROBE kind=http result=passed sequence=2 elapsedSeconds=1
1791167271.292 23960  6184 I XrayDeviceProbe: XRAY_ANDROID_PROBE kind=udp result=passed sequence=2 elapsedSeconds=1
1791167271.511 23960 23960 I XrayDeviceProbe: XRAY_ANDROID_PROBE state=stopped
1791167272.792 23960 23960 I XrayDeviceProbe: XRAY_ANDROID_PROBE state=stopped
1791167273.984 23960 23960 I XrayDeviceProbe: XRAY_ANDROID_PROBE state=counters-reset
1791167274.172 23960 23960 I XrayDeviceProbe: XRAY_ANDROID_PROBE state=started
1791167274.370 23960  6225 I XrayDeviceProbe: XRAY_ANDROID_PROBE kind=http result=failed errorCode=SocketException elapsedSeconds=0
1791167274.450 24006 24006 I XrayDeviceGate: XRAY_ANDROID_LIFECYCLE state=stopped
1791167274.450 24006 24006 I XrayDeviceGate: XRAY_ANDROID_SAMPLE {"tunBackend":"packet-pump","probeOnly":true,"runtimeRunning":false,"runtimeGeneration":1,"residentMemoryBytes":149360640,"threadCount":30,"processCpuMillis":49158,"elapsedRealtimeMillis":7737280,"activeConnections":0,"tunInboundPackets":27,"tunOutboundPackets":20,"tunDroppedPackets":0,"udpRemoteOpenEvents":3,"udpRemoteWrittenBytes":201,"udpRemoteReadBytes":249,"fatalTunErrors":0,"unrecoveredTransitions":0}
1791167275.729 23960 23960 I XrayDeviceProbe: XRAY_ANDROID_PROBE state=stopped
1791167279.378 23960  6225 W XrayDeviceProbe: XRAY_ANDROID_UDP_FAILURE queryTag=a4ad819a4e32136e localPort=47596 errorCode=SocketTimeoutException
1791167279.380 23960  6225 I XrayDeviceProbe: XRAY_ANDROID_PROBE kind=udp result=failed errorCode=SocketTimeoutException elapsedSeconds=5
1791167282.502 24006  6265 I XrayDeviceGate: XRAY_ANDROID_SAMPLE {"tunBackend":"packet-pump","probeOnly":true,"runtimeRunning":false,"runtimeGeneration":1,"residentMemoryBytes":149356544,"threadCount":29,"processCpuMillis":49304,"elapsedRealtimeMillis":7745332,"activeConnections":0,"tunInboundPackets":0,"tunOutboundPackets":0,"tunDroppedPackets":0,"udpRemoteOpenEvents":0,"udpRemoteWrittenBytes":0,"udpRemoteReadBytes":0,"fatalTunErrors":0,"unrecoveredTransitions":0}
1791167282.566 24006  6267 I XrayDeviceGate: XRAY_ANDROID_LIFECYCLE state=running generation=2 tunBackend=packet-pump
1791167282.570 24006  6267 I XrayDeviceGate: XRAY_ANDROID_SAMPLE {"tunBackend":"packet-pump","probeOnly":true,"runtimeRunning":true,"runtimeGeneration":2,"residentMemoryBytes":150552576,"threadCount":38,"processCpuMillis":49367,"elapsedRealtimeMillis":7745399,"activeConnections":0,"tunInboundPackets":4,"tunOutboundPackets":0,"tunDroppedPackets":0,"udpRemoteOpenEvents":0,"udpRemoteWrittenBytes":0,"udpRemoteReadBytes":0,"fatalTunErrors":0,"unrecoveredTransitions":0}
1791167283.421 23960 23960 I XrayDeviceProbe: XRAY_ANDROID_PROBE state=counters-reset
1791167283.652 23960 23960 I XrayDeviceProbe: XRAY_ANDROID_PROBE state=started
1791167283.788 23960  6302 I XrayDeviceProbe: XRAY_ANDROID_PROBE kind=http result=passed sequence=1 elapsedSeconds=0
1791167283.809 23960  6302 I XrayDeviceProbe: XRAY_ANDROID_PROBE kind=udp result=passed sequence=1 elapsedSeconds=0
1791167284.951 23960  6302 I XrayDeviceProbe: XRAY_ANDROID_PROBE kind=http result=passed sequence=2 elapsedSeconds=1
1791167284.972 23960  6302 I XrayDeviceProbe: XRAY_ANDROID_PROBE kind=udp result=passed sequence=2 elapsedSeconds=1
1791167285.637 23960 23960 I XrayDeviceProbe: XRAY_ANDROID_PROBE state=stopped
1791167287.029 24006 24006 I XrayDeviceGate: XRAY_ANDROID_LIFECYCLE state=stopped
1791167287.029 24006 24006 I XrayDeviceGate: XRAY_ANDROID_SAMPLE {"tunBackend":"packet-pump","probeOnly":true,"runtimeRunning":false,"runtimeGeneration":2,"residentMemoryBytes":151035904,"threadCount":30,"processCpuMillis":49529,"elapsedRealtimeMillis":7749858,"activeConnections":0,"tunInboundPackets":4,"tunOutboundPackets":0,"tunDroppedPackets":0,"udpRemoteOpenEvents":0,"udpRemoteWrittenBytes":0,"udpRemoteReadBytes":0,"fatalTunErrors":0,"unrecoveredTransitions":0}
1791167287.311 23960 23960 I XrayDeviceProbe: XRAY_ANDROID_PROBE state=stopped
1791167288.613 24006  6370 I XrayDeviceGate: XRAY_ANDROID_SAMPLE {"tunBackend":"file-descriptor","probeOnly":false,"runtimeRunning":false,"runtimeGeneration":2,"residentMemoryBytes":151085056,"threadCount":29,"processCpuMillis":49663,"elapsedRealtimeMillis":7751443,"activeConnections":0,"tunInboundPackets":0,"tunOutboundPackets":0,"tunDroppedPackets":0,"udpRemoteOpenEvents":0,"udpRemoteWrittenBytes":0,"udpRemoteReadBytes":0,"fatalTunErrors":0,"unrecoveredTransitions":0}
1791167288.613 24006 24006 I XrayDeviceGate: XRAY_ANDROID_SAMPLE {"tunBackend":"file-descriptor","probeOnly":false,"runtimeRunning":false,"runtimeGeneration":2,"residentMemoryBytes":151085056,"threadCount":29,"processCpuMillis":49663,"elapsedRealtimeMillis":7751443,"activeConnections":0,"tunInboundPackets":0,"tunOutboundPackets":0,"tunDroppedPackets":0,"udpRemoteOpenEvents":0,"udpRemoteWrittenBytes":0,"udpRemoteReadBytes":0,"fatalTunErrors":0,"unrecoveredTransitions":0}
1791167288.614 24006 24006 I XrayDeviceGate: XRAY_ANDROID_LIFECYCLE state=stopped
1791167290.571 23960 23960 I XrayDeviceProbe: XRAY_ANDROID_PROBE state=stopped
1791167291.857 24006  6414 I XrayDeviceGate: XRAY_ANDROID_SAMPLE {"tunBackend":"file-descriptor","probeOnly":false,"runtimeRunning":false,"runtimeGeneration":2,"residentMemoryBytes":150908928,"threadCount":29,"processCpuMillis":49809,"elapsedRealtimeMillis":7754687,"activeConnections":0,"tunInboundPackets":0,"tunOutboundPackets":0,"tunDroppedPackets":0,"udpRemoteOpenEvents":0,"udpRemoteWrittenBytes":0,"udpRemoteReadBytes":0,"fatalTunErrors":0,"unrecoveredTransitions":0}
1791167291.857 24006 24006 I XrayDeviceGate: XRAY_ANDROID_LIFECYCLE state=stopped
1791167291.857 24006 24006 I XrayDeviceGate: XRAY_ANDROID_SAMPLE {"tunBackend":"file-descriptor","probeOnly":false,"runtimeRunning":false,"runtimeGeneration":2,"residentMemoryBytes":150908928,"threadCount":29,"processCpuMillis":49810,"elapsedRealtimeMillis":7754687,"activeConnections":0,"tunInboundPackets":0,"tunOutboundPackets":0,"tunDroppedPackets":0,"udpRemoteOpenEvents":0,"udpRemoteWrittenBytes":0,"udpRemoteReadBytes":0,"fatalTunErrors":0,"unrecoveredTransitions":0}
1791167292.074 24006  6425 I XrayDeviceGate: XRAY_ANDROID_SAMPLE {"tunBackend":"file-descriptor","probeOnly":false,"runtimeRunning":false,"runtimeGeneration":2,"residentMemoryBytes":151187456,"threadCount":29,"processCpuMillis":49854,"elapsedRealtimeMillis":7754903,"activeConnections":0,"tunInboundPackets":0,"tunOutboundPackets":0,"tunDroppedPackets":0,"udpRemoteOpenEvents":0,"udpRemoteWrittenBytes":0,"udpRemoteReadBytes":0,"fatalTunErrors":0,"unrecoveredTransitions":0}
1791167292.074 24006 24006 I XrayDeviceGate: XRAY_ANDROID_LIFECYCLE state=counters-reset
1791167293.750 24006  6463 I XrayDeviceGate: XRAY_ANDROID_SAMPLE {"tunBackend":"file-descriptor","probeOnly":true,"runtimeRunning":false,"runtimeGeneration":0,"residentMemoryBytes":151019520,"threadCount":29,"processCpuMillis":49961,"elapsedRealtimeMillis":7756580,"activeConnections":0,"tunInboundPackets":0,"tunOutboundPackets":0,"tunDroppedPackets":0,"udpRemoteOpenEvents":0,"udpRemoteWrittenBytes":0,"udpRemoteReadBytes":0,"fatalTunErrors":0,"unrecoveredTransitions":0}
1791167293.818 24006  6466 I XrayDeviceGate: XRAY_ANDROID_LIFECYCLE state=running generation=1 tunBackend=file-descriptor
1791167293.821 24006  6466 I XrayDeviceGate: XRAY_ANDROID_SAMPLE {"tunBackend":"file-descriptor","probeOnly":true,"runtimeRunning":true,"runtimeGeneration":1,"residentMemoryBytes":148164608,"threadCount":36,"processCpuMillis":50047,"elapsedRealtimeMillis":7756651,"activeConnections":0,"tunInboundPackets":3,"tunOutboundPackets":0,"tunDroppedPackets":0,"udpRemoteOpenEvents":0,"udpRemoteWrittenBytes":0,"udpRemoteReadBytes":0,"fatalTunErrors":0,"unrecoveredTransitions":0}
1791167294.632 23960 23960 I XrayDeviceProbe: XRAY_ANDROID_PROBE state=counters-reset
1791167294.869 23960 23960 I XrayDeviceProbe: XRAY_ANDROID_PROBE state=started
1791167294.911 23960  6500 I XrayDeviceProbe: XRAY_ANDROID_PROBE kind=http result=passed sequence=1 elapsedSeconds=0
1791167294.935 23960  6500 I XrayDeviceProbe: XRAY_ANDROID_PROBE kind=udp result=passed sequence=1 elapsedSeconds=0
1791167295.963 23960  6500 I XrayDeviceProbe: XRAY_ANDROID_PROBE kind=http result=passed sequence=2 elapsedSeconds=1
1791167295.977 23960  6500 I XrayDeviceProbe: XRAY_ANDROID_PROBE kind=udp result=passed sequence=2 elapsedSeconds=1
1791167296.237 23960 23960 I XrayDeviceProbe: XRAY_ANDROID_PROBE state=stopped
1791167297.519 23960 23960 I XrayDeviceProbe: XRAY_ANDROID_PROBE state=stopped
1791167298.700 23960 23960 I XrayDeviceProbe: XRAY_ANDROID_PROBE state=counters-reset
1791167298.880 23960 23960 I XrayDeviceProbe: XRAY_ANDROID_PROBE state=started
1791167299.301 24006 24006 I XrayDeviceGate: XRAY_ANDROID_LIFECYCLE state=connections-close-requested accepted=3
1791167299.305 23960  6559 I XrayDeviceProbe: XRAY_ANDROID_PROBE kind=http result=failed errorCode=SocketException elapsedSeconds=0
1791167299.305 24006 24006 I XrayDeviceGate: XRAY_ANDROID_SAMPLE {"tunBackend":"file-descriptor","probeOnly":true,"runtimeRunning":true,"runtimeGeneration":1,"residentMemoryBytes":148459520,"threadCount":36,"processCpuMillis":50164,"elapsedRealtimeMillis":7762135,"activeConnections":2,"tunInboundPackets":26,"tunOutboundPackets":18,"tunDroppedPackets":0,"udpRemoteOpenEvents":2,"udpRemoteWrittenBytes":134,"udpRemoteReadBytes":166,"fatalTunErrors":0,"unrecoveredTransitions":0}
1791167299.327 23960  6559 I XrayDeviceProbe: XRAY_ANDROID_PROBE kind=udp result=passed sequence=1 elapsedSeconds=0
1791167302.583 23960 23960 I XrayDeviceProbe: XRAY_ANDROID_PROBE state=stopped
1791167303.755 24006  6463 I XrayDeviceGate: XRAY_ANDROID_SAMPLE {"tunBackend":"file-descriptor","probeOnly":true,"runtimeRunning":true,"runtimeGeneration":1,"residentMemoryBytes":148336640,"threadCount":36,"processCpuMillis":50301,"elapsedRealtimeMillis":7766584,"activeConnections":1,"tunInboundPackets":27,"tunOutboundPackets":20,"tunDroppedPackets":0,"udpRemoteOpenEvents":3,"udpRemoteWrittenBytes":201,"udpRemoteReadBytes":249,"fatalTunErrors":0,"unrecoveredTransitions":0}
1791167303.927 24006 24006 I XrayDeviceGate: XRAY_ANDROID_LIFECYCLE state=stopped
1791167303.927 24006 24006 I XrayDeviceGate: XRAY_ANDROID_SAMPLE {"tunBackend":"file-descriptor","probeOnly":true,"runtimeRunning":false,"runtimeGeneration":1,"residentMemoryBytes":148955136,"threadCount":30,"processCpuMillis":50344,"elapsedRealtimeMillis":7766756,"activeConnections":0,"tunInboundPackets":27,"tunOutboundPackets":20,"tunDroppedPackets":0,"udpRemoteOpenEvents":3,"udpRemoteWrittenBytes":201,"udpRemoteReadBytes":249,"fatalTunErrors":0,"unrecoveredTransitions":0}
1791167305.873 23960 23960 I XrayDeviceProbe: XRAY_ANDROID_PROBE state=stopped
1791167307.158 24006  6631 I XrayDeviceGate: XRAY_ANDROID_SAMPLE {"tunBackend":"file-descriptor","probeOnly":false,"runtimeRunning":false,"runtimeGeneration":1,"residentMemoryBytes":149291008,"threadCount":29,"processCpuMillis":50505,"elapsedRealtimeMillis":7769988,"activeConnections":0,"tunInboundPackets":0,"tunOutboundPackets":0,"tunDroppedPackets":0,"udpRemoteOpenEvents":0,"udpRemoteWrittenBytes":0,"udpRemoteReadBytes":0,"fatalTunErrors":0,"unrecoveredTransitions":0}
1791167307.158 24006 24006 I XrayDeviceGate: XRAY_ANDROID_LIFECYCLE state=stopped
1791167307.158 24006 24006 I XrayDeviceGate: XRAY_ANDROID_SAMPLE {"tunBackend":"file-descriptor","probeOnly":false,"runtimeRunning":false,"runtimeGeneration":1,"residentMemoryBytes":149291008,"threadCount":29,"processCpuMillis":50505,"elapsedRealtimeMillis":7769988,"activeConnections":0,"tunInboundPackets":0,"tunOutboundPackets":0,"tunDroppedPackets":0,"udpRemoteOpenEvents":0,"udpRemoteWrittenBytes":0,"udpRemoteReadBytes":0,"fatalTunErrors":0,"unrecoveredTransitions":0}
1791167307.372 24006 24006 I XrayDeviceGate: XRAY_ANDROID_LIFECYCLE state=counters-reset
1791167307.375 24006  6643 I XrayDeviceGate: XRAY_ANDROID_SAMPLE {"tunBackend":"file-descriptor","probeOnly":false,"runtimeRunning":false,"runtimeGeneration":0,"residentMemoryBytes":149565440,"threadCount":29,"processCpuMillis":50554,"elapsedRealtimeMillis":7770205,"activeConnections":0,"tunInboundPackets":0,"tunOutboundPackets":0,"tunDroppedPackets":0,"udpRemoteOpenEvents":0,"udpRemoteWrittenBytes":0,"udpRemoteReadBytes":0,"fatalTunErrors":0,"unrecoveredTransitions":0}
1791167309.027 24006  6690 I XrayDeviceGate: XRAY_ANDROID_SAMPLE {"tunBackend":"packet-pump","probeOnly":true,"runtimeRunning":false,"runtimeGeneration":0,"residentMemoryBytes":149803008,"threadCount":29,"processCpuMillis":50663,"elapsedRealtimeMillis":7771857,"activeConnections":0,"tunInboundPackets":0,"tunOutboundPackets":0,"tunDroppedPackets":0,"udpRemoteOpenEvents":0,"udpRemoteWrittenBytes":0,"udpRemoteReadBytes":0,"fatalTunErrors":0,"unrecoveredTransitions":0}
1791167309.082 24006  6693 I XrayDeviceGate: XRAY_ANDROID_LIFECYCLE state=running generation=1 tunBackend=packet-pump
1791167309.085 24006  6693 I XrayDeviceGate: XRAY_ANDROID_SAMPLE {"tunBackend":"packet-pump","probeOnly":true,"runtimeRunning":true,"runtimeGeneration":1,"residentMemoryBytes":150913024,"threadCount":38,"processCpuMillis":50713,"elapsedRealtimeMillis":7771915,"activeConnections":0,"tunInboundPackets":3,"tunOutboundPackets":0,"tunDroppedPackets":0,"udpRemoteOpenEvents":0,"udpRemoteWrittenBytes":0,"udpRemoteReadBytes":0,"fatalTunErrors":0,"unrecoveredTransitions":0}
1791167309.874 23960 23960 I XrayDeviceProbe: XRAY_ANDROID_PROBE state=counters-reset
1791167310.133 23960 23960 I XrayDeviceProbe: XRAY_ANDROID_PROBE state=started
1791167310.179 23960  6725 I XrayDeviceProbe: XRAY_ANDROID_PROBE kind=http result=passed sequence=1 elapsedSeconds=0
1791167310.193 23960  6725 I XrayDeviceProbe: XRAY_ANDROID_PROBE kind=udp result=passed sequence=1 elapsedSeconds=0
1791167311.413 23960  6725 I XrayDeviceProbe: XRAY_ANDROID_PROBE kind=http result=passed sequence=2 elapsedSeconds=1
1791167311.441 23960  6725 I XrayDeviceProbe: XRAY_ANDROID_PROBE kind=udp result=passed sequence=2 elapsedSeconds=1
1791167312.123 23960 23960 I XrayDeviceProbe: XRAY_ANDROID_PROBE state=stopped
1791167313.412 23960 23960 I XrayDeviceProbe: XRAY_ANDROID_PROBE state=stopped
1791167314.586 23960 23960 I XrayDeviceProbe: XRAY_ANDROID_PROBE state=counters-reset
1791167314.757 23960 23960 I XrayDeviceProbe: XRAY_ANDROID_PROBE state=started
1791167314.959 24006 24006 I XrayDeviceGate: XRAY_ANDROID_LIFECYCLE state=connections-close-requested accepted=3
1791167314.962 23960  6771 I XrayDeviceProbe: XRAY_ANDROID_PROBE kind=http result=failed errorCode=SocketException elapsedSeconds=0
1791167314.963 24006 24006 I XrayDeviceGate: XRAY_ANDROID_SAMPLE {"tunBackend":"packet-pump","probeOnly":true,"runtimeRunning":true,"runtimeGeneration":1,"residentMemoryBytes":151277568,"threadCount":38,"processCpuMillis":50869,"elapsedRealtimeMillis":7777792,"activeConnections":1,"tunInboundPackets":25,"tunOutboundPackets":18,"tunDroppedPackets":0,"udpRemoteOpenEvents":2,"udpRemoteWrittenBytes":134,"udpRemoteReadBytes":166,"fatalTunErrors":0,"unrecoveredTransitions":0}
1791167314.982 23960  6771 I XrayDeviceProbe: XRAY_ANDROID_PROBE kind=udp result=passed sequence=1 elapsedSeconds=0
1791167318.245 23960 23960 I XrayDeviceProbe: XRAY_ANDROID_PROBE state=stopped
1791167319.031 24006  6690 I XrayDeviceGate: XRAY_ANDROID_SAMPLE {"tunBackend":"packet-pump","probeOnly":true,"runtimeRunning":true,"runtimeGeneration":1,"residentMemoryBytes":151339008,"threadCount":38,"processCpuMillis":51029,"elapsedRealtimeMillis":7781861,"activeConnections":1,"tunInboundPackets":26,"tunOutboundPackets":20,"tunDroppedPackets":0,"udpRemoteOpenEvents":3,"udpRemoteWrittenBytes":201,"udpRemoteReadBytes":249,"fatalTunErrors":0,"unrecoveredTransitions":0}
1791167319.765 24006 24006 I XrayDeviceGate: XRAY_ANDROID_LIFECYCLE state=stopped
1791167319.765 24006 24006 I XrayDeviceGate: XRAY_ANDROID_SAMPLE {"tunBackend":"packet-pump","probeOnly":true,"runtimeRunning":false,"runtimeGeneration":1,"residentMemoryBytes":151257088,"threadCount":30,"processCpuMillis":51075,"elapsedRealtimeMillis":7782594,"activeConnections":0,"tunInboundPackets":26,"tunOutboundPackets":20,"tunDroppedPackets":0,"udpRemoteOpenEvents":3,"udpRemoteWrittenBytes":201,"udpRemoteReadBytes":249,"fatalTunErrors":0,"unrecoveredTransitions":0}
1791167322.281 23960 23960 I XrayDeviceProbe: XRAY_ANDROID_PROBE state=stopped
1791167323.585 24006  6842 I XrayDeviceGate: XRAY_ANDROID_SAMPLE {"tunBackend":"file-descriptor","probeOnly":false,"runtimeRunning":false,"runtimeGeneration":1,"residentMemoryBytes":151367680,"threadCount":29,"processCpuMillis":51238,"elapsedRealtimeMillis":7786414,"activeConnections":0,"tunInboundPackets":0,"tunOutboundPackets":0,"tunDroppedPackets":0,"udpRemoteOpenEvents":0,"udpRemoteWrittenBytes":0,"udpRemoteReadBytes":0,"fatalTunErrors":0,"unrecoveredTransitions":0}
1791167323.585 24006 24006 I XrayDeviceGate: XRAY_ANDROID_LIFECYCLE state=stopped
1791167323.585 24006 24006 I XrayDeviceGate: XRAY_ANDROID_SAMPLE {"tunBackend":"file-descriptor","probeOnly":false,"runtimeRunning":false,"runtimeGeneration":1,"residentMemoryBytes":151367680,"threadCount":29,"processCpuMillis":51238,"elapsedRealtimeMillis":7786414,"activeConnections":0,"tunInboundPackets":0,"tunOutboundPackets":0,"tunDroppedPackets":0,"udpRemoteOpenEvents":0,"udpRemoteWrittenBytes":0,"udpRemoteReadBytes":0,"fatalTunErrors":0,"unrecoveredTransitions":0}
1791167323.805 24006 24006 I XrayDeviceGate: XRAY_ANDROID_LIFECYCLE state=counters-reset
1791167323.806 24006  6852 I XrayDeviceGate: XRAY_ANDROID_SAMPLE {"tunBackend":"file-descriptor","probeOnly":false,"runtimeRunning":false,"runtimeGeneration":1,"residentMemoryBytes":151646208,"threadCount":29,"processCpuMillis":51289,"elapsedRealtimeMillis":7786635,"activeConnections":0,"tunInboundPackets":0,"tunOutboundPackets":0,"tunDroppedPackets":0,"udpRemoteOpenEvents":0,"udpRemoteWrittenBytes":0,"udpRemoteReadBytes":0,"fatalTunErrors":0,"unrecoveredTransitions":0}
1791167325.483 24006  6897 I XrayDeviceGate: XRAY_ANDROID_SAMPLE {"tunBackend":"file-descriptor","probeOnly":false,"runtimeRunning":false,"runtimeGeneration":0,"residentMemoryBytes":151928832,"threadCount":29,"processCpuMillis":51389,"elapsedRealtimeMillis":7788312,"activeConnections":0,"tunInboundPackets":0,"tunOutboundPackets":0,"tunDroppedPackets":0,"udpRemoteOpenEvents":0,"udpRemoteWrittenBytes":0,"udpRemoteReadBytes":0,"fatalTunErrors":0,"unrecoveredTransitions":0}
1791167325.546 24006  6900 I XrayDeviceGate: XRAY_ANDROID_LIFECYCLE state=running generation=1 tunBackend=file-descriptor
1791167325.550 24006  6900 I XrayDeviceGate: XRAY_ANDROID_SAMPLE {"tunBackend":"file-descriptor","probeOnly":true,"runtimeRunning":true,"runtimeGeneration":1,"residentMemoryBytes":149819392,"threadCount":36,"processCpuMillis":51453,"elapsedRealtimeMillis":7788379,"activeConnections":0,"tunInboundPackets":3,"tunOutboundPackets":0,"tunDroppedPackets":0,"udpRemoteOpenEvents":0,"udpRemoteWrittenBytes":0,"udpRemoteReadBytes":0,"fatalTunErrors":0,"unrecoveredTransitions":0}
1791167326.344 23960 23960 I XrayDeviceProbe: XRAY_ANDROID_PROBE state=counters-reset
1791167326.575 23960 23960 I XrayDeviceProbe: XRAY_ANDROID_PROBE state=started
1791167326.612 23960  6932 I XrayDeviceProbe: XRAY_ANDROID_PROBE kind=http result=passed sequence=1 elapsedSeconds=0
1791167326.627 23960  6932 I XrayDeviceProbe: XRAY_ANDROID_PROBE kind=udp result=passed sequence=1 elapsedSeconds=0
1791167327.655 23960  6932 I XrayDeviceProbe: XRAY_ANDROID_PROBE kind=http result=passed sequence=2 elapsedSeconds=1
1791167327.665 23960  6932 I XrayDeviceProbe: XRAY_ANDROID_PROBE kind=udp result=passed sequence=2 elapsedSeconds=1
1791167327.954 23960 23960 I XrayDeviceProbe: XRAY_ANDROID_PROBE state=stopped
1791167329.232 23960 23960 I XrayDeviceProbe: XRAY_ANDROID_PROBE state=stopped
1791167330.427 23960 23960 I XrayDeviceProbe: XRAY_ANDROID_PROBE state=counters-reset
1791167330.605 23960 23960 I XrayDeviceProbe: XRAY_ANDROID_PROBE state=started
1791167330.807 24006 24006 I XrayDeviceGate: XRAY_ANDROID_LIFECYCLE state=connections-close-requested accepted=3
1791167330.810 23960  6990 I XrayDeviceProbe: XRAY_ANDROID_PROBE kind=http result=failed errorCode=SocketException elapsedSeconds=0
1791167330.811 24006 24006 I XrayDeviceGate: XRAY_ANDROID_SAMPLE {"tunBackend":"file-descriptor","probeOnly":true,"runtimeRunning":true,"runtimeGeneration":1,"residentMemoryBytes":149970944,"threadCount":36,"processCpuMillis":51574,"elapsedRealtimeMillis":7793641,"activeConnections":0,"tunInboundPackets":25,"tunOutboundPackets":18,"tunDroppedPackets":0,"udpRemoteOpenEvents":2,"udpRemoteWrittenBytes":134,"udpRemoteReadBytes":166,"fatalTunErrors":0,"unrecoveredTransitions":0}
1791167330.832 23960  6990 I XrayDeviceProbe: XRAY_ANDROID_PROBE kind=udp result=passed sequence=1 elapsedSeconds=0
1791167334.070 23960 23960 I XrayDeviceProbe: XRAY_ANDROID_PROBE state=stopped
1791167335.411 24006 24006 I XrayDeviceGate: XRAY_ANDROID_LIFECYCLE state=stopped
1791167335.411 24006 24006 I XrayDeviceGate: XRAY_ANDROID_SAMPLE {"tunBackend":"file-descriptor","probeOnly":true,"runtimeRunning":false,"runtimeGeneration":1,"residentMemoryBytes":150298624,"threadCount":30,"processCpuMillis":51753,"elapsedRealtimeMillis":7798241,"activeConnections":0,"tunInboundPackets":25,"tunOutboundPackets":18,"tunDroppedPackets":0,"udpRemoteOpenEvents":2,"udpRemoteWrittenBytes":134,"udpRemoteReadBytes":166,"fatalTunErrors":0,"unrecoveredTransitions":0}
1791167337.335 23960 23960 I XrayDeviceProbe: XRAY_ANDROID_PROBE state=stopped
1791167338.625 24006  7095 I XrayDeviceGate: XRAY_ANDROID_SAMPLE {"tunBackend":"file-descriptor","probeOnly":false,"runtimeRunning":false,"runtimeGeneration":1,"residentMemoryBytes":150626304,"threadCount":29,"processCpuMillis":51903,"elapsedRealtimeMillis":7801454,"activeConnections":0,"tunInboundPackets":0,"tunOutboundPackets":0,"tunDroppedPackets":0,"udpRemoteOpenEvents":0,"udpRemoteWrittenBytes":0,"udpRemoteReadBytes":0,"fatalTunErrors":0,"unrecoveredTransitions":0}
1791167338.628 24006 24006 I XrayDeviceGate: XRAY_ANDROID_LIFECYCLE state=stopped
1791167338.628 24006 24006 I XrayDeviceGate: XRAY_ANDROID_SAMPLE {"tunBackend":"file-descriptor","probeOnly":false,"runtimeRunning":false,"runtimeGeneration":1,"residentMemoryBytes":150626304,"threadCount":29,"processCpuMillis":51909,"elapsedRealtimeMillis":7801457,"activeConnections":0,"tunInboundPackets":0,"tunOutboundPackets":0,"tunDroppedPackets":0,"udpRemoteOpenEvents":0,"udpRemoteWrittenBytes":0,"udpRemoteReadBytes":0,"fatalTunErrors":0,"unrecoveredTransitions":0}
1791167338.841 24006  7109 I XrayDeviceGate: XRAY_ANDROID_SAMPLE {"tunBackend":"file-descriptor","probeOnly":false,"runtimeRunning":false,"runtimeGeneration":1,"residentMemoryBytes":150913024,"threadCount":29,"processCpuMillis":51951,"elapsedRealtimeMillis":7801670,"activeConnections":0,"tunInboundPackets":0,"tunOutboundPackets":0,"tunDroppedPackets":0,"udpRemoteOpenEvents":0,"udpRemoteWrittenBytes":0,"udpRemoteReadBytes":0,"fatalTunErrors":0,"unrecoveredTransitions":0}
1791167338.841 24006 24006 I XrayDeviceGate: XRAY_ANDROID_LIFECYCLE state=counters-reset
1791167340.458 24006  7162 I XrayDeviceGate: XRAY_ANDROID_SAMPLE {"tunBackend":"packet-pump","probeOnly":true,"runtimeRunning":false,"runtimeGeneration":0,"residentMemoryBytes":151126016,"threadCount":29,"processCpuMillis":52050,"elapsedRealtimeMillis":7803287,"activeConnections":0,"tunInboundPackets":0,"tunOutboundPackets":0,"tunDroppedPackets":0,"udpRemoteOpenEvents":0,"udpRemoteWrittenBytes":0,"udpRemoteReadBytes":0,"fatalTunErrors":0,"unrecoveredTransitions":0}
1791167340.510 24006  7166 I XrayDeviceGate: XRAY_ANDROID_LIFECYCLE state=running generation=1 tunBackend=packet-pump
1791167340.513 24006  7166 I XrayDeviceGate: XRAY_ANDROID_SAMPLE {"tunBackend":"packet-pump","probeOnly":true,"runtimeRunning":true,"runtimeGeneration":1,"residentMemoryBytes":152199168,"threadCount":38,"processCpuMillis":52095,"elapsedRealtimeMillis":7803342,"activeConnections":0,"tunInboundPackets":3,"tunOutboundPackets":0,"tunDroppedPackets":0,"udpRemoteOpenEvents":0,"udpRemoteWrittenBytes":0,"udpRemoteReadBytes":0,"fatalTunErrors":0,"unrecoveredTransitions":0}
1791167341.321 23960 23960 I XrayDeviceProbe: XRAY_ANDROID_PROBE state=counters-reset
1791167341.559 23960 23960 I XrayDeviceProbe: XRAY_ANDROID_PROBE state=started
1791167341.598 23960  7200 I XrayDeviceProbe: XRAY_ANDROID_PROBE kind=http result=passed sequence=1 elapsedSeconds=0
1791167341.610 23960  7200 I XrayDeviceProbe: XRAY_ANDROID_PROBE kind=udp result=passed sequence=1 elapsedSeconds=0
1791167342.801 23960  7200 I XrayDeviceProbe: XRAY_ANDROID_PROBE kind=http result=passed sequence=2 elapsedSeconds=1
1791167342.815 23960  7200 I XrayDeviceProbe: XRAY_ANDROID_PROBE kind=udp result=passed sequence=2 elapsedSeconds=1
1791167343.551 23960 23960 I XrayDeviceProbe: XRAY_ANDROID_PROBE state=stopped
1791167344.837 23960 23960 I XrayDeviceProbe: XRAY_ANDROID_PROBE state=stopped
1791167346.021 23960 23960 I XrayDeviceProbe: XRAY_ANDROID_PROBE state=counters-reset
1791167346.203 23960 23960 I XrayDeviceProbe: XRAY_ANDROID_PROBE state=started
1791167346.405 24006 24006 I XrayDeviceGate: XRAY_ANDROID_LIFECYCLE state=connections-close-requested accepted=3
1791167346.407 23960  7252 I XrayDeviceProbe: XRAY_ANDROID_PROBE kind=http result=failed errorCode=SocketException elapsedSeconds=0
1791167346.409 24006 24006 I XrayDeviceGate: XRAY_ANDROID_SAMPLE {"tunBackend":"packet-pump","probeOnly":true,"runtimeRunning":true,"runtimeGeneration":1,"residentMemoryBytes":152780800,"threadCount":38,"processCpuMillis":52249,"elapsedRealtimeMillis":7809238,"activeConnections":1,"tunInboundPackets":25,"tunOutboundPackets":18,"tunDroppedPackets":0,"udpRemoteOpenEvents":2,"udpRemoteWrittenBytes":134,"udpRemoteReadBytes":166,"fatalTunErrors":0,"unrecoveredTransitions":0}
1791167346.431 23960  7252 I XrayDeviceProbe: XRAY_ANDROID_PROBE kind=udp result=passed sequence=1 elapsedSeconds=0
1791167349.661 23960 23960 I XrayDeviceProbe: XRAY_ANDROID_PROBE state=stopped
1791167350.461 24006  7162 I XrayDeviceGate: XRAY_ANDROID_SAMPLE {"tunBackend":"packet-pump","probeOnly":true,"runtimeRunning":true,"runtimeGeneration":1,"residentMemoryBytes":152715264,"threadCount":38,"processCpuMillis":52405,"elapsedRealtimeMillis":7813291,"activeConnections":1,"tunInboundPackets":26,"tunOutboundPackets":20,"tunDroppedPackets":0,"udpRemoteOpenEvents":3,"udpRemoteWrittenBytes":201,"udpRemoteReadBytes":249,"fatalTunErrors":0,"unrecoveredTransitions":0}
1791167351.005 24006 24006 I XrayDeviceGate: XRAY_ANDROID_LIFECYCLE state=stopped
1791167351.005 24006 24006 I XrayDeviceGate: XRAY_ANDROID_SAMPLE {"tunBackend":"packet-pump","probeOnly":true,"runtimeRunning":false,"runtimeGeneration":1,"residentMemoryBytes":152449024,"threadCount":30,"processCpuMillis":52447,"elapsedRealtimeMillis":7813834,"activeConnections":0,"tunInboundPackets":26,"tunOutboundPackets":20,"tunDroppedPackets":0,"udpRemoteOpenEvents":3,"udpRemoteWrittenBytes":201,"udpRemoteReadBytes":249,"fatalTunErrors":0,"unrecoveredTransitions":0}
1791167352.971 23960 23960 I XrayDeviceProbe: XRAY_ANDROID_PROBE state=stopped
1791167354.266 24006  7322 I XrayDeviceGate: XRAY_ANDROID_SAMPLE {"tunBackend":"file-descriptor","probeOnly":false,"runtimeRunning":false,"runtimeGeneration":1,"residentMemoryBytes":152727552,"threadCount":29,"processCpuMillis":52601,"elapsedRealtimeMillis":7817095,"activeConnections":0,"tunInboundPackets":0,"tunOutboundPackets":0,"tunDroppedPackets":0,"udpRemoteOpenEvents":0,"udpRemoteWrittenBytes":0,"udpRemoteReadBytes":0,"fatalTunErrors":0,"unrecoveredTransitions":0}
1791167354.266 24006 24006 I XrayDeviceGate: XRAY_ANDROID_LIFECYCLE state=stopped
1791167354.266 24006 24006 I XrayDeviceGate: XRAY_ANDROID_SAMPLE {"tunBackend":"file-descriptor","probeOnly":false,"runtimeRunning":false,"runtimeGeneration":1,"residentMemoryBytes":152727552,"threadCount":29,"processCpuMillis":52601,"elapsedRealtimeMillis":7817095,"activeConnections":0,"tunInboundPackets":0,"tunOutboundPackets":0,"tunDroppedPackets":0,"udpRemoteOpenEvents":0,"udpRemoteWrittenBytes":0,"udpRemoteReadBytes":0,"fatalTunErrors":0,"unrecoveredTransitions":0}
1791167354.495 24006  7333 I XrayDeviceGate: XRAY_ANDROID_SAMPLE {"tunBackend":"file-descriptor","probeOnly":false,"runtimeRunning":false,"runtimeGeneration":1,"residentMemoryBytes":147509248,"threadCount":29,"processCpuMillis":52685,"elapsedRealtimeMillis":7817325,"activeConnections":0,"tunInboundPackets":0,"tunOutboundPackets":0,"tunDroppedPackets":0,"udpRemoteOpenEvents":0,"udpRemoteWrittenBytes":0,"udpRemoteReadBytes":0,"fatalTunErrors":0,"unrecoveredTransitions":0}
1791167354.495 24006 24006 I XrayDeviceGate: XRAY_ANDROID_LIFECYCLE state=counters-reset
1791167356.171 24006  7375 I XrayDeviceGate: XRAY_ANDROID_SAMPLE {"tunBackend":"file-descriptor","probeOnly":true,"runtimeRunning":false,"runtimeGeneration":0,"residentMemoryBytes":147595264,"threadCount":29,"processCpuMillis":52793,"elapsedRealtimeMillis":7819000,"activeConnections":0,"tunInboundPackets":0,"tunOutboundPackets":0,"tunDroppedPackets":0,"udpRemoteOpenEvents":0,"udpRemoteWrittenBytes":0,"udpRemoteReadBytes":0,"fatalTunErrors":0,"unrecoveredTransitions":0}
1791167356.224 24006  7378 I XrayDeviceGate: XRAY_ANDROID_LIFECYCLE state=running generation=1 tunBackend=file-descriptor
1791167356.229 24006  7378 I XrayDeviceGate: XRAY_ANDROID_SAMPLE {"tunBackend":"file-descriptor","probeOnly":true,"runtimeRunning":true,"runtimeGeneration":1,"residentMemoryBytes":148930560,"threadCount":36,"processCpuMillis":52842,"elapsedRealtimeMillis":7819058,"activeConnections":0,"tunInboundPackets":3,"tunOutboundPackets":0,"tunDroppedPackets":0,"udpRemoteOpenEvents":0,"udpRemoteWrittenBytes":0,"udpRemoteReadBytes":0,"fatalTunErrors":0,"unrecoveredTransitions":0}
1791167357.039 23960 23960 I XrayDeviceProbe: XRAY_ANDROID_PROBE state=counters-reset
1791167357.289 23960 23960 I XrayDeviceProbe: XRAY_ANDROID_PROBE state=started
1791167357.331 23960  7410 I XrayDeviceProbe: XRAY_ANDROID_PROBE kind=http result=passed sequence=1 elapsedSeconds=0
1791167357.354 23960  7410 I XrayDeviceProbe: XRAY_ANDROID_PROBE kind=udp result=passed sequence=1 elapsedSeconds=0
1791167358.385 23960  7410 I XrayDeviceProbe: XRAY_ANDROID_PROBE kind=http result=passed sequence=2 elapsedSeconds=1
1791167358.403 23960  7410 I XrayDeviceProbe: XRAY_ANDROID_PROBE kind=udp result=passed sequence=2 elapsedSeconds=1
1791167358.687 23960 23960 I XrayDeviceProbe: XRAY_ANDROID_PROBE state=stopped
1791167359.971 23960 23960 I XrayDeviceProbe: XRAY_ANDROID_PROBE state=stopped
1791167361.163 23960 23960 I XrayDeviceProbe: XRAY_ANDROID_PROBE state=counters-reset
1791167361.356 23960 23960 I XrayDeviceProbe: XRAY_ANDROID_PROBE state=started
1791167361.679 24006 24006 I XrayDeviceGate: XRAY_ANDROID_LIFECYCLE state=connections-close-requested accepted=3
1791167361.681 23960  7457 I XrayDeviceProbe: XRAY_ANDROID_PROBE kind=http result=failed errorCode=SocketException elapsedSeconds=0
1791167361.684 24006 24006 I XrayDeviceGate: XRAY_ANDROID_SAMPLE {"tunBackend":"file-descriptor","probeOnly":true,"runtimeRunning":true,"runtimeGeneration":1,"residentMemoryBytes":148828160,"threadCount":36,"processCpuMillis":52980,"elapsedRealtimeMillis":7824513,"activeConnections":1,"tunInboundPackets":27,"tunOutboundPackets":18,"tunDroppedPackets":0,"udpRemoteOpenEvents":2,"udpRemoteWrittenBytes":134,"udpRemoteReadBytes":166,"fatalTunErrors":0,"unrecoveredTransitions":0}
1791167361.713 23960  7457 I XrayDeviceProbe: XRAY_ANDROID_PROBE kind=udp result=passed sequence=1 elapsedSeconds=0
1791167362.972 23960 23960 I XrayDeviceProbe: XRAY_ANDROID_PROBE state=stopped
1791167366.180 24006  7375 I XrayDeviceGate: XRAY_ANDROID_SAMPLE {"tunBackend":"file-descriptor","probeOnly":true,"runtimeRunning":true,"runtimeGeneration":1,"residentMemoryBytes":148508672,"threadCount":36,"processCpuMillis":53086,"elapsedRealtimeMillis":7829009,"activeConnections":1,"tunInboundPackets":28,"tunOutboundPackets":20,"tunDroppedPackets":0,"udpRemoteOpenEvents":3,"udpRemoteWrittenBytes":201,"udpRemoteReadBytes":249,"fatalTunErrors":0,"unrecoveredTransitions":0}
1791167369.686 23960 23960 I XrayDeviceProbe: XRAY_ANDROID_PROBE state=counters-reset
1791167369.877 23960 23960 I XrayDeviceProbe: XRAY_ANDROID_PROBE state=started
1791167369.914 23960  7504 I XrayDeviceProbe: XRAY_ANDROID_PROBE kind=http result=passed sequence=1 elapsedSeconds=0
1791167369.933 23960  7504 I XrayDeviceProbe: XRAY_ANDROID_PROBE kind=udp result=passed sequence=1 elapsedSeconds=0
1791167371.064 23960  7504 I XrayDeviceProbe: XRAY_ANDROID_PROBE kind=http result=passed sequence=2 elapsedSeconds=1
1791167371.082 23960  7504 I XrayDeviceProbe: XRAY_ANDROID_PROBE kind=udp result=passed sequence=2 elapsedSeconds=1
1791167371.843 23960 23960 I XrayDeviceProbe: XRAY_ANDROID_PROBE state=stopped
1791167373.127 23960 23960 I XrayDeviceProbe: XRAY_ANDROID_PROBE state=stopped
1791167374.321 23960 23960 I XrayDeviceProbe: XRAY_ANDROID_PROBE state=counters-reset
1791167374.513 23960 23960 I XrayDeviceProbe: XRAY_ANDROID_PROBE state=started
1791167374.731 23960  7549 I XrayDeviceProbe: XRAY_ANDROID_PROBE kind=http result=failed errorCode=SocketException elapsedSeconds=0
1791167374.772 24006 24006 I XrayDeviceGate: XRAY_ANDROID_LIFECYCLE state=stopped
1791167374.772 24006 24006 I XrayDeviceGate: XRAY_ANDROID_SAMPLE {"tunBackend":"file-descriptor","probeOnly":true,"runtimeRunning":false,"runtimeGeneration":1,"residentMemoryBytes":149364736,"threadCount":30,"processCpuMillis":53158,"elapsedRealtimeMillis":7837601,"activeConnections":0,"tunInboundPackets":28,"tunOutboundPackets":20,"tunDroppedPackets":0,"udpRemoteOpenEvents":3,"udpRemoteWrittenBytes":201,"udpRemoteReadBytes":249,"fatalTunErrors":0,"unrecoveredTransitions":0}
1791167375.985 23960 23960 I XrayDeviceProbe: XRAY_ANDROID_PROBE state=stopped
1791167379.742 23960  7549 W XrayDeviceProbe: XRAY_ANDROID_UDP_FAILURE queryTag=d18150b7c16145fe localPort=50649 errorCode=SocketTimeoutException
1791167379.745 23960  7549 I XrayDeviceProbe: XRAY_ANDROID_PROBE kind=udp result=failed errorCode=SocketTimeoutException elapsedSeconds=5
1791167382.759 24006  7595 I XrayDeviceGate: XRAY_ANDROID_SAMPLE {"tunBackend":"file-descriptor","probeOnly":false,"runtimeRunning":false,"runtimeGeneration":1,"residentMemoryBytes":149762048,"threadCount":29,"processCpuMillis":53318,"elapsedRealtimeMillis":7845588,"activeConnections":0,"tunInboundPackets":0,"tunOutboundPackets":0,"tunDroppedPackets":0,"udpRemoteOpenEvents":0,"udpRemoteWrittenBytes":0,"udpRemoteReadBytes":0,"fatalTunErrors":0,"unrecoveredTransitions":0}
1791167382.828 24006  7597 I XrayDeviceGate: XRAY_ANDROID_LIFECYCLE state=running generation=2 tunBackend=file-descriptor
1791167382.832 24006  7597 I XrayDeviceGate: XRAY_ANDROID_SAMPLE {"tunBackend":"file-descriptor","probeOnly":true,"runtimeRunning":true,"runtimeGeneration":2,"residentMemoryBytes":151085056,"threadCount":36,"processCpuMillis":53379,"elapsedRealtimeMillis":7845662,"activeConnections":0,"tunInboundPackets":3,"tunOutboundPackets":0,"tunDroppedPackets":0,"udpRemoteOpenEvents":0,"udpRemoteWrittenBytes":0,"udpRemoteReadBytes":0,"fatalTunErrors":0,"unrecoveredTransitions":0}
1791167383.670 23960 23960 I XrayDeviceProbe: XRAY_ANDROID_PROBE state=counters-reset
1791167383.892 23960 23960 I XrayDeviceProbe: XRAY_ANDROID_PROBE state=started
1791167384.007 23960  7631 I XrayDeviceProbe: XRAY_ANDROID_PROBE kind=http result=passed sequence=1 elapsedSeconds=0
1791167384.035 23960  7631 I XrayDeviceProbe: XRAY_ANDROID_PROBE kind=udp result=passed sequence=1 elapsedSeconds=0
1791167385.068 23960  7631 I XrayDeviceProbe: XRAY_ANDROID_PROBE kind=http result=passed sequence=2 elapsedSeconds=1
1791167385.090 23960  7631 I XrayDeviceProbe: XRAY_ANDROID_PROBE kind=udp result=passed sequence=2 elapsedSeconds=1
1791167385.854 23960 23960 I XrayDeviceProbe: XRAY_ANDROID_PROBE state=stopped
1791167387.240 24006 24006 I XrayDeviceGate: XRAY_ANDROID_LIFECYCLE state=stopped
1791167387.240 24006 24006 I XrayDeviceGate: XRAY_ANDROID_SAMPLE {"tunBackend":"file-descriptor","probeOnly":true,"runtimeRunning":false,"runtimeGeneration":2,"residentMemoryBytes":150859776,"threadCount":30,"processCpuMillis":53503,"elapsedRealtimeMillis":7850070,"activeConnections":0,"tunInboundPackets":3,"tunOutboundPackets":0,"tunDroppedPackets":0,"udpRemoteOpenEvents":0,"udpRemoteWrittenBytes":0,"udpRemoteReadBytes":0,"fatalTunErrors":0,"unrecoveredTransitions":0}
1791167387.530 23960 23960 I XrayDeviceProbe: XRAY_ANDROID_PROBE state=stopped
1791167388.821 24006  7691 I XrayDeviceGate: XRAY_ANDROID_SAMPLE {"tunBackend":"file-descriptor","probeOnly":false,"runtimeRunning":false,"runtimeGeneration":2,"residentMemoryBytes":151101440,"threadCount":29,"processCpuMillis":53628,"elapsedRealtimeMillis":7851650,"activeConnections":0,"tunInboundPackets":0,"tunOutboundPackets":0,"tunDroppedPackets":0,"udpRemoteOpenEvents":0,"udpRemoteWrittenBytes":0,"udpRemoteReadBytes":0,"fatalTunErrors":0,"unrecoveredTransitions":0}
1791167388.823 24006 24006 I XrayDeviceGate: XRAY_ANDROID_LIFECYCLE state=stopped
1791167388.823 24006 24006 I XrayDeviceGate: XRAY_ANDROID_SAMPLE {"tunBackend":"file-descriptor","probeOnly":false,"runtimeRunning":false,"runtimeGeneration":2,"residentMemoryBytes":151101440,"threadCount":29,"processCpuMillis":53634,"elapsedRealtimeMillis":7851652,"activeConnections":0,"tunInboundPackets":0,"tunOutboundPackets":0,"tunDroppedPackets":0,"udpRemoteOpenEvents":0,"udpRemoteWrittenBytes":0,"udpRemoteReadBytes":0,"fatalTunErrors":0,"unrecoveredTransitions":0}
1791167390.755 23960 23960 I XrayDeviceProbe: XRAY_ANDROID_PROBE state=stopped
1791167392.060 24006  7730 I XrayDeviceGate: XRAY_ANDROID_SAMPLE {"tunBackend":"file-descriptor","probeOnly":false,"runtimeRunning":false,"runtimeGeneration":2,"residentMemoryBytes":151293952,"threadCount":29,"processCpuMillis":53758,"elapsedRealtimeMillis":7854889,"activeConnections":0,"tunInboundPackets":0,"tunOutboundPackets":0,"tunDroppedPackets":0,"udpRemoteOpenEvents":0,"udpRemoteWrittenBytes":0,"udpRemoteReadBytes":0,"fatalTunErrors":0,"unrecoveredTransitions":0}
1791167392.062 24006 24006 I XrayDeviceGate: XRAY_ANDROID_LIFECYCLE state=stopped
1791167392.062 24006 24006 I XrayDeviceGate: XRAY_ANDROID_SAMPLE {"tunBackend":"file-descriptor","probeOnly":false,"runtimeRunning":false,"runtimeGeneration":2,"residentMemoryBytes":151404544,"threadCount":29,"processCpuMillis":53762,"elapsedRealtimeMillis":7854891,"activeConnections":0,"tunInboundPackets":0,"tunOutboundPackets":0,"tunDroppedPackets":0,"udpRemoteOpenEvents":0,"udpRemoteWrittenBytes":0,"udpRemoteReadBytes":0,"fatalTunErrors":0,"unrecoveredTransitions":0}
1791167392.290 24006  7740 I XrayDeviceGate: XRAY_ANDROID_SAMPLE {"tunBackend":"file-descriptor","probeOnly":false,"runtimeRunning":false,"runtimeGeneration":2,"residentMemoryBytes":147550208,"threadCount":29,"processCpuMillis":53839,"elapsedRealtimeMillis":7855120,"activeConnections":0,"tunInboundPackets":0,"tunOutboundPackets":0,"tunDroppedPackets":0,"udpRemoteOpenEvents":0,"udpRemoteWrittenBytes":0,"udpRemoteReadBytes":0,"fatalTunErrors":0,"unrecoveredTransitions":0}
1791167392.302 24006 24006 I XrayDeviceGate: XRAY_ANDROID_LIFECYCLE state=counters-reset
1791167394.008 24006  7780 I XrayDeviceGate: XRAY_ANDROID_SAMPLE {"tunBackend":"packet-pump","probeOnly":true,"runtimeRunning":false,"runtimeGeneration":0,"residentMemoryBytes":147767296,"threadCount":29,"processCpuMillis":53950,"elapsedRealtimeMillis":7856837,"activeConnections":0,"tunInboundPackets":0,"tunOutboundPackets":0,"tunDroppedPackets":0,"udpRemoteOpenEvents":0,"udpRemoteWrittenBytes":0,"udpRemoteReadBytes":0,"fatalTunErrors":0,"unrecoveredTransitions":0}
1791167394.060 24006  7783 I XrayDeviceGate: XRAY_ANDROID_LIFECYCLE state=running generation=1 tunBackend=packet-pump
1791167394.063 24006  7783 I XrayDeviceGate: XRAY_ANDROID_SAMPLE {"tunBackend":"packet-pump","probeOnly":true,"runtimeRunning":true,"runtimeGeneration":1,"residentMemoryBytes":148844544,"threadCount":38,"processCpuMillis":53997,"elapsedRealtimeMillis":7856892,"activeConnections":0,"tunInboundPackets":3,"tunOutboundPackets":0,"tunDroppedPackets":0,"udpRemoteOpenEvents":0,"udpRemoteWrittenBytes":0,"udpRemoteReadBytes":0,"fatalTunErrors":0,"unrecoveredTransitions":0}
1791167394.875 23960 23960 I XrayDeviceProbe: XRAY_ANDROID_PROBE state=counters-reset
1791167395.113 23960 23960 I XrayDeviceProbe: XRAY_ANDROID_PROBE state=started
1791167395.160 23960  7825 I XrayDeviceProbe: XRAY_ANDROID_PROBE kind=http result=passed sequence=1 elapsedSeconds=0
1791167395.186 23960  7825 I XrayDeviceProbe: XRAY_ANDROID_PROBE kind=udp result=passed sequence=1 elapsedSeconds=0
1791167396.218 23960  7825 I XrayDeviceProbe: XRAY_ANDROID_PROBE kind=http result=passed sequence=2 elapsedSeconds=1
1791167396.235 23960  7825 I XrayDeviceProbe: XRAY_ANDROID_PROBE kind=udp result=passed sequence=2 elapsedSeconds=1
1791167396.500 23960 23960 I XrayDeviceProbe: XRAY_ANDROID_PROBE state=stopped
1791167397.790 23960 23960 I XrayDeviceProbe: XRAY_ANDROID_PROBE state=stopped
1791167398.979 23960 23960 I XrayDeviceProbe: XRAY_ANDROID_PROBE state=counters-reset
1791167399.166 23960 23960 I XrayDeviceProbe: XRAY_ANDROID_PROBE state=started
1791167399.376 24006 24006 I XrayDeviceGate: XRAY_ANDROID_LIFECYCLE state=connections-close-requested accepted=3
1791167399.379 23960  7864 I XrayDeviceProbe: XRAY_ANDROID_PROBE kind=http result=failed errorCode=SocketException elapsedSeconds=0
1791167399.381 24006 24006 I XrayDeviceGate: XRAY_ANDROID_SAMPLE {"tunBackend":"packet-pump","probeOnly":true,"runtimeRunning":true,"runtimeGeneration":1,"residentMemoryBytes":149815296,"threadCount":38,"processCpuMillis":54161,"elapsedRealtimeMillis":7862211,"activeConnections":1,"tunInboundPackets":27,"tunOutboundPackets":18,"tunDroppedPackets":0,"udpRemoteOpenEvents":2,"udpRemoteWrittenBytes":134,"udpRemoteReadBytes":166,"fatalTunErrors":0,"unrecoveredTransitions":0}
1791167399.409 23960  7864 I XrayDeviceProbe: XRAY_ANDROID_PROBE kind=udp result=passed sequence=1 elapsedSeconds=0
1791167400.648 23960 23960 I XrayDeviceProbe: XRAY_ANDROID_PROBE state=stopped
1791167404.018 24006  7780 I XrayDeviceGate: XRAY_ANDROID_SAMPLE {"tunBackend":"packet-pump","probeOnly":true,"runtimeRunning":true,"runtimeGeneration":1,"residentMemoryBytes":149512192,"threadCount":38,"processCpuMillis":54296,"elapsedRealtimeMillis":7866846,"activeConnections":1,"tunInboundPackets":28,"tunOutboundPackets":20,"tunDroppedPackets":0,"udpRemoteOpenEvents":3,"udpRemoteWrittenBytes":201,"udpRemoteReadBytes":249,"fatalTunErrors":0,"unrecoveredTransitions":0}
1791167407.297 23960 23960 I XrayDeviceProbe: XRAY_ANDROID_PROBE state=counters-reset
1791167407.484 23960 23960 I XrayDeviceProbe: XRAY_ANDROID_PROBE state=started
1791167407.526 23960  7927 I XrayDeviceProbe: XRAY_ANDROID_PROBE kind=http result=passed sequence=1 elapsedSeconds=0
1791167407.543 23960  7927 I XrayDeviceProbe: XRAY_ANDROID_PROBE kind=udp result=passed sequence=1 elapsedSeconds=0
1791167408.648 23960  7927 I XrayDeviceProbe: XRAY_ANDROID_PROBE kind=http result=passed sequence=2 elapsedSeconds=1
1791167408.668 23960  7927 I XrayDeviceProbe: XRAY_ANDROID_PROBE kind=udp result=passed sequence=2 elapsedSeconds=1
1791167409.454 23960 23960 I XrayDeviceProbe: XRAY_ANDROID_PROBE state=stopped
1791167410.738 23960 23960 I XrayDeviceProbe: XRAY_ANDROID_PROBE state=stopped
1791167411.925 23960 23960 I XrayDeviceProbe: XRAY_ANDROID_PROBE state=counters-reset
1791167412.115 23960 23960 I XrayDeviceProbe: XRAY_ANDROID_PROBE state=started
1791167412.467 23960  7978 I XrayDeviceProbe: XRAY_ANDROID_PROBE kind=http result=failed errorCode=SocketException elapsedSeconds=0
1791167412.640 24006 24006 I XrayDeviceGate: XRAY_ANDROID_LIFECYCLE state=stopped
1791167412.640 24006 24006 I XrayDeviceGate: XRAY_ANDROID_SAMPLE {"tunBackend":"packet-pump","probeOnly":true,"runtimeRunning":false,"runtimeGeneration":1,"residentMemoryBytes":150208512,"threadCount":30,"processCpuMillis":54414,"elapsedRealtimeMillis":7875469,"activeConnections":0,"tunInboundPackets":28,"tunOutboundPackets":20,"tunDroppedPackets":0,"udpRemoteOpenEvents":3,"udpRemoteWrittenBytes":201,"udpRemoteReadBytes":249,"fatalTunErrors":0,"unrecoveredTransitions":0}
1791167413.901 23960 23960 I XrayDeviceProbe: XRAY_ANDROID_PROBE state=stopped
1791167417.478 23960  7978 W XrayDeviceProbe: XRAY_ANDROID_UDP_FAILURE queryTag=07522e348eb4e66a localPort=37172 errorCode=SocketTimeoutException
1791167417.481 23960  7978 I XrayDeviceProbe: XRAY_ANDROID_PROBE kind=udp result=failed errorCode=SocketTimeoutException elapsedSeconds=5
1791167420.650 24006  8020 I XrayDeviceGate: XRAY_ANDROID_SAMPLE {"tunBackend":"packet-pump","probeOnly":true,"runtimeRunning":false,"runtimeGeneration":1,"residentMemoryBytes":150589440,"threadCount":29,"processCpuMillis":54566,"elapsedRealtimeMillis":7883480,"activeConnections":0,"tunInboundPackets":0,"tunOutboundPackets":0,"tunDroppedPackets":0,"udpRemoteOpenEvents":0,"udpRemoteWrittenBytes":0,"udpRemoteReadBytes":0,"fatalTunErrors":0,"unrecoveredTransitions":0}
1791167420.710 24006  8022 I XrayDeviceGate: XRAY_ANDROID_LIFECYCLE state=running generation=2 tunBackend=packet-pump
1791167420.715 24006  8022 I XrayDeviceGate: XRAY_ANDROID_SAMPLE {"tunBackend":"packet-pump","probeOnly":true,"runtimeRunning":true,"runtimeGeneration":2,"residentMemoryBytes":151789568,"threadCount":38,"processCpuMillis":54631,"elapsedRealtimeMillis":7883544,"activeConnections":0,"tunInboundPackets":3,"tunOutboundPackets":0,"tunDroppedPackets":0,"udpRemoteOpenEvents":0,"udpRemoteWrittenBytes":0,"udpRemoteReadBytes":0,"fatalTunErrors":0,"unrecoveredTransitions":0}
1791167421.568 23960 23960 I XrayDeviceProbe: XRAY_ANDROID_PROBE state=counters-reset
1791167421.815 23960 23960 I XrayDeviceProbe: XRAY_ANDROID_PROBE state=started
1791167421.861 23960  8062 I XrayDeviceProbe: XRAY_ANDROID_PROBE kind=http result=passed sequence=1 elapsedSeconds=0
1791167421.890 23960  8062 I XrayDeviceProbe: XRAY_ANDROID_PROBE kind=udp result=passed sequence=1 elapsedSeconds=0
1791167422.921 23960  8062 I XrayDeviceProbe: XRAY_ANDROID_PROBE kind=http result=passed sequence=2 elapsedSeconds=1
1791167422.945 23960  8062 I XrayDeviceProbe: XRAY_ANDROID_PROBE kind=udp result=passed sequence=2 elapsedSeconds=1
1791167423.201 23960 23960 I XrayDeviceProbe: XRAY_ANDROID_PROBE state=stopped
1791167424.709 24006 24006 I XrayDeviceGate: XRAY_ANDROID_LIFECYCLE state=stopped
1791167424.709 24006 24006 I XrayDeviceGate: XRAY_ANDROID_SAMPLE {"tunBackend":"packet-pump","probeOnly":true,"runtimeRunning":false,"runtimeGeneration":2,"residentMemoryBytes":151764992,"threadCount":30,"processCpuMillis":54790,"elapsedRealtimeMillis":7887538,"activeConnections":0,"tunInboundPackets":3,"tunOutboundPackets":0,"tunDroppedPackets":0,"udpRemoteOpenEvents":0,"udpRemoteWrittenBytes":0,"udpRemoteReadBytes":0,"fatalTunErrors":0,"unrecoveredTransitions":0}
1791167425.476 23960 23960 I XrayDeviceProbe: XRAY_ANDROID_PROBE state=stopped
1791167426.796 24006  8142 I XrayDeviceGate: XRAY_ANDROID_SAMPLE {"tunBackend":"file-descriptor","probeOnly":false,"runtimeRunning":false,"runtimeGeneration":2,"residentMemoryBytes":147562496,"threadCount":29,"processCpuMillis":54945,"elapsedRealtimeMillis":7889626,"activeConnections":0,"tunInboundPackets":0,"tunOutboundPackets":0,"tunDroppedPackets":0,"udpRemoteOpenEvents":0,"udpRemoteWrittenBytes":0,"udpRemoteReadBytes":0,"fatalTunErrors":0,"unrecoveredTransitions":0}
1791167426.796 24006 24006 I XrayDeviceGate: XRAY_ANDROID_LIFECYCLE state=stopped
1791167426.796 24006 24006 I XrayDeviceGate: XRAY_ANDROID_SAMPLE {"tunBackend":"file-descriptor","probeOnly":false,"runtimeRunning":false,"runtimeGeneration":2,"residentMemoryBytes":147562496,"threadCount":29,"processCpuMillis":54945,"elapsedRealtimeMillis":7889626,"activeConnections":0,"tunInboundPackets":0,"tunOutboundPackets":0,"tunDroppedPackets":0,"udpRemoteOpenEvents":0,"udpRemoteWrittenBytes":0,"udpRemoteReadBytes":0,"fatalTunErrors":0,"unrecoveredTransitions":0}
1791167428.714 23960 23960 I XrayDeviceProbe: XRAY_ANDROID_PROBE state=stopped
1791167430.018 24006  8195 I XrayDeviceGate: XRAY_ANDROID_SAMPLE {"tunBackend":"file-descriptor","probeOnly":false,"runtimeRunning":false,"runtimeGeneration":2,"residentMemoryBytes":147795968,"threadCount":29,"processCpuMillis":55081,"elapsedRealtimeMillis":7892847,"activeConnections":0,"tunInboundPackets":0,"tunOutboundPackets":0,"tunDroppedPackets":0,"udpRemoteOpenEvents":0,"udpRemoteWrittenBytes":0,"udpRemoteReadBytes":0,"fatalTunErrors":0,"unrecoveredTransitions":0}
1791167430.018 24006 24006 I XrayDeviceGate: XRAY_ANDROID_LIFECYCLE state=stopped
1791167430.018 24006 24006 I XrayDeviceGate: XRAY_ANDROID_SAMPLE {"tunBackend":"file-descriptor","probeOnly":false,"runtimeRunning":false,"runtimeGeneration":2,"residentMemoryBytes":147795968,"threadCount":29,"processCpuMillis":55081,"elapsedRealtimeMillis":7892847,"activeConnections":0,"tunInboundPackets":0,"tunOutboundPackets":0,"tunDroppedPackets":0,"udpRemoteOpenEvents":0,"udpRemoteWrittenBytes":0,"udpRemoteReadBytes":0,"fatalTunErrors":0,"unrecoveredTransitions":0}
1791167430.247 24006 24006 I XrayDeviceGate: XRAY_ANDROID_LIFECYCLE state=counters-reset
1791167430.248 24006  8206 I XrayDeviceGate: XRAY_ANDROID_SAMPLE {"tunBackend":"file-descriptor","probeOnly":false,"runtimeRunning":false,"runtimeGeneration":2,"residentMemoryBytes":148078592,"threadCount":29,"processCpuMillis":55133,"elapsedRealtimeMillis":7893077,"activeConnections":0,"tunInboundPackets":0,"tunOutboundPackets":0,"tunDroppedPackets":0,"udpRemoteOpenEvents":0,"udpRemoteWrittenBytes":0,"udpRemoteReadBytes":0,"fatalTunErrors":0,"unrecoveredTransitions":0}
1791167431.939 24006  8248 I XrayDeviceGate: XRAY_ANDROID_SAMPLE {"tunBackend":"file-descriptor","probeOnly":true,"runtimeRunning":false,"runtimeGeneration":0,"residentMemoryBytes":148279296,"threadCount":29,"processCpuMillis":55239,"elapsedRealtimeMillis":7894768,"activeConnections":0,"tunInboundPackets":0,"tunOutboundPackets":0,"tunDroppedPackets":0,"udpRemoteOpenEvents":0,"udpRemoteWrittenBytes":0,"udpRemoteReadBytes":0,"fatalTunErrors":0,"unrecoveredTransitions":0}
1791167431.990 24006  8251 I XrayDeviceGate: XRAY_ANDROID_LIFECYCLE state=running generation=1 tunBackend=file-descriptor
1791167431.995 24006  8251 I XrayDeviceGate: XRAY_ANDROID_SAMPLE {"tunBackend":"file-descriptor","probeOnly":true,"runtimeRunning":true,"runtimeGeneration":1,"residentMemoryBytes":149344256,"threadCount":36,"processCpuMillis":55286,"elapsedRealtimeMillis":7894824,"activeConnections":0,"tunInboundPackets":3,"tunOutboundPackets":0,"tunDroppedPackets":0,"udpRemoteOpenEvents":0,"udpRemoteWrittenBytes":0,"udpRemoteReadBytes":0,"fatalTunErrors":0,"unrecoveredTransitions":0}
1791167432.813 23960 23960 I XrayDeviceProbe: XRAY_ANDROID_PROBE state=counters-reset
1791167433.035 23960 23960 I XrayDeviceProbe: XRAY_ANDROID_PROBE state=started
1791167433.266 23960  8284 I XrayDeviceProbe: XRAY_ANDROID_PROBE kind=http result=passed sequence=1 elapsedSeconds=0
1791167433.289 23960  8284 I XrayDeviceProbe: XRAY_ANDROID_PROBE kind=udp result=passed sequence=1 elapsedSeconds=0
1791167434.348 23960  8284 I XrayDeviceProbe: XRAY_ANDROID_PROBE kind=http result=passed sequence=2 elapsedSeconds=1
1791167434.368 23960  8284 I XrayDeviceProbe: XRAY_ANDROID_PROBE kind=udp result=passed sequence=2 elapsedSeconds=1
1791167435.024 23960 23960 I XrayDeviceProbe: XRAY_ANDROID_PROBE state=stopped
1791167436.312 23960 23960 I XrayDeviceProbe: XRAY_ANDROID_PROBE state=stopped
1791167437.502 23960 23960 I XrayDeviceProbe: XRAY_ANDROID_PROBE state=counters-reset
1791167437.680 23960 23960 I XrayDeviceProbe: XRAY_ANDROID_PROBE state=started
1791167437.885 24006 24006 I XrayDeviceGate: XRAY_ANDROID_LIFECYCLE state=connections-close-requested accepted=3
1791167437.889 23960  8331 I XrayDeviceProbe: XRAY_ANDROID_PROBE kind=http result=failed errorCode=SocketException elapsedSeconds=0
1791167437.890 24006 24006 I XrayDeviceGate: XRAY_ANDROID_SAMPLE {"tunBackend":"file-descriptor","probeOnly":true,"runtimeRunning":true,"runtimeGeneration":1,"residentMemoryBytes":149958656,"threadCount":36,"processCpuMillis":55404,"elapsedRealtimeMillis":7900719,"activeConnections":0,"tunInboundPackets":25,"tunOutboundPackets":18,"tunDroppedPackets":0,"udpRemoteOpenEvents":2,"udpRemoteWrittenBytes":134,"udpRemoteReadBytes":166,"fatalTunErrors":0,"unrecoveredTransitions":0}
1791167437.987 23960  8331 I XrayDeviceProbe: XRAY_ANDROID_PROBE kind=udp result=passed sequence=1 elapsedSeconds=0
1791167439.208 23960 23960 I XrayDeviceProbe: XRAY_ANDROID_PROBE state=stopped
1791167441.950 24006  8248 I XrayDeviceGate: XRAY_ANDROID_SAMPLE {"tunBackend":"file-descriptor","probeOnly":true,"runtimeRunning":true,"runtimeGeneration":1,"residentMemoryBytes":149532672,"threadCount":36,"processCpuMillis":55514,"elapsedRealtimeMillis":7904779,"activeConnections":1,"tunInboundPackets":26,"tunOutboundPackets":20,"tunDroppedPackets":0,"udpRemoteOpenEvents":3,"udpRemoteWrittenBytes":201,"udpRemoteReadBytes":249,"fatalTunErrors":0,"unrecoveredTransitions":0}
1791167445.901 23960 23960 I XrayDeviceProbe: XRAY_ANDROID_PROBE state=counters-reset
1791167446.102 23960 23960 I XrayDeviceProbe: XRAY_ANDROID_PROBE state=started
1791167446.136 23960  8377 I XrayDeviceProbe: XRAY_ANDROID_PROBE kind=http result=passed sequence=1 elapsedSeconds=0
1791167446.155 23960  8377 I XrayDeviceProbe: XRAY_ANDROID_PROBE kind=udp result=passed sequence=1 elapsedSeconds=0
1791167447.184 23960  8377 I XrayDeviceProbe: XRAY_ANDROID_PROBE kind=http result=passed sequence=2 elapsedSeconds=1
1791167447.201 23960  8377 I XrayDeviceProbe: XRAY_ANDROID_PROBE kind=udp result=passed sequence=2 elapsedSeconds=1
1791167447.486 23960 23960 I XrayDeviceProbe: XRAY_ANDROID_PROBE state=stopped
1791167448.760 23960 23960 I XrayDeviceProbe: XRAY_ANDROID_PROBE state=stopped
1791167449.946 23960 23960 I XrayDeviceProbe: XRAY_ANDROID_PROBE state=counters-reset
1791167450.134 23960 23960 I XrayDeviceProbe: XRAY_ANDROID_PROBE state=started
1791167450.352 23960  8415 I XrayDeviceProbe: XRAY_ANDROID_PROBE kind=http result=failed errorCode=SocketException elapsedSeconds=0
1791167450.388 24006 24006 I XrayDeviceGate: XRAY_ANDROID_LIFECYCLE state=stopped
1791167450.388 24006 24006 I XrayDeviceGate: XRAY_ANDROID_SAMPLE {"tunBackend":"file-descriptor","probeOnly":true,"runtimeRunning":false,"runtimeGeneration":1,"residentMemoryBytes":150052864,"threadCount":30,"processCpuMillis":55589,"elapsedRealtimeMillis":7913217,"activeConnections":0,"tunInboundPackets":26,"tunOutboundPackets":20,"tunDroppedPackets":0,"udpRemoteOpenEvents":3,"udpRemoteWrittenBytes":201,"udpRemoteReadBytes":249,"fatalTunErrors":0,"unrecoveredTransitions":0}
1791167451.604 23960 23960 I XrayDeviceProbe: XRAY_ANDROID_PROBE state=stopped
1791167455.363 23960  8415 W XrayDeviceProbe: XRAY_ANDROID_UDP_FAILURE queryTag=6506a0b16965e551 localPort=47550 errorCode=SocketTimeoutException
1791167455.366 23960  8415 I XrayDeviceProbe: XRAY_ANDROID_PROBE kind=udp result=failed errorCode=SocketTimeoutException elapsedSeconds=5
1791167458.376 24006  8464 I XrayDeviceGate: XRAY_ANDROID_SAMPLE {"tunBackend":"file-descriptor","probeOnly":true,"runtimeRunning":false,"runtimeGeneration":1,"residentMemoryBytes":150351872,"threadCount":29,"processCpuMillis":55735,"elapsedRealtimeMillis":7921206,"activeConnections":0,"tunInboundPackets":0,"tunOutboundPackets":0,"tunDroppedPackets":0,"udpRemoteOpenEvents":0,"udpRemoteWrittenBytes":0,"udpRemoteReadBytes":0,"fatalTunErrors":0,"unrecoveredTransitions":0}
1791167458.437 24006  8466 I XrayDeviceGate: XRAY_ANDROID_LIFECYCLE state=running generation=2 tunBackend=file-descriptor
1791167458.443 24006  8466 I XrayDeviceGate: XRAY_ANDROID_SAMPLE {"tunBackend":"file-descriptor","probeOnly":true,"runtimeRunning":true,"runtimeGeneration":2,"residentMemoryBytes":151552000,"threadCount":36,"processCpuMillis":55800,"elapsedRealtimeMillis":7921273,"activeConnections":0,"tunInboundPackets":3,"tunOutboundPackets":0,"tunDroppedPackets":0,"udpRemoteOpenEvents":0,"udpRemoteWrittenBytes":0,"udpRemoteReadBytes":0,"fatalTunErrors":0,"unrecoveredTransitions":0}
1791167459.291 23960 23960 I XrayDeviceProbe: XRAY_ANDROID_PROBE state=counters-reset
1791167459.530 23960 23960 I XrayDeviceProbe: XRAY_ANDROID_PROBE state=started
1791167459.810 23960  8499 I XrayDeviceProbe: XRAY_ANDROID_PROBE kind=http result=passed sequence=1 elapsedSeconds=0
1791167459.838 23960  8499 I XrayDeviceProbe: XRAY_ANDROID_PROBE kind=udp result=passed sequence=1 elapsedSeconds=0
1791167460.872 23960  8499 I XrayDeviceProbe: XRAY_ANDROID_PROBE kind=http result=passed sequence=2 elapsedSeconds=1
1791167460.891 23960  8499 I XrayDeviceProbe: XRAY_ANDROID_PROBE kind=udp result=passed sequence=2 elapsedSeconds=1
1791167461.510 23960 23960 I XrayDeviceProbe: XRAY_ANDROID_PROBE state=stopped
1791167462.878 24006 24006 I XrayDeviceGate: XRAY_ANDROID_LIFECYCLE state=stopped
1791167462.878 24006 24006 I XrayDeviceGate: XRAY_ANDROID_SAMPLE {"tunBackend":"file-descriptor","probeOnly":true,"runtimeRunning":false,"runtimeGeneration":2,"residentMemoryBytes":150933504,"threadCount":30,"processCpuMillis":55920,"elapsedRealtimeMillis":7925708,"activeConnections":0,"tunInboundPackets":3,"tunOutboundPackets":0,"tunDroppedPackets":0,"udpRemoteOpenEvents":0,"udpRemoteWrittenBytes":0,"udpRemoteReadBytes":0,"fatalTunErrors":0,"unrecoveredTransitions":0}
1791167463.160 23960 23960 I XrayDeviceProbe: XRAY_ANDROID_PROBE state=stopped
1791167464.465 24006  8553 I XrayDeviceGate: XRAY_ANDROID_SAMPLE {"tunBackend":"file-descriptor","probeOnly":false,"runtimeRunning":false,"runtimeGeneration":2,"residentMemoryBytes":146599936,"threadCount":29,"processCpuMillis":56091,"elapsedRealtimeMillis":7927294,"activeConnections":0,"tunInboundPackets":0,"tunOutboundPackets":0,"tunDroppedPackets":0,"udpRemoteOpenEvents":0,"udpRemoteWrittenBytes":0,"udpRemoteReadBytes":0,"fatalTunErrors":0,"unrecoveredTransitions":0}
1791167464.465 24006 24006 I XrayDeviceGate: XRAY_ANDROID_LIFECYCLE state=stopped
1791167464.465 24006 24006 I XrayDeviceGate: XRAY_ANDROID_SAMPLE {"tunBackend":"file-descriptor","probeOnly":false,"runtimeRunning":false,"runtimeGeneration":2,"residentMemoryBytes":146599936,"threadCount":29,"processCpuMillis":56090,"elapsedRealtimeMillis":7927294,"activeConnections":0,"tunInboundPackets":0,"tunOutboundPackets":0,"tunDroppedPackets":0,"udpRemoteOpenEvents":0,"udpRemoteWrittenBytes":0,"udpRemoteReadBytes":0,"fatalTunErrors":0,"unrecoveredTransitions":0}
1791167466.444 23960 23960 I XrayDeviceProbe: XRAY_ANDROID_PROBE state=stopped
1791167467.738 24006  8580 I XrayDeviceGate: XRAY_ANDROID_SAMPLE {"tunBackend":"file-descriptor","probeOnly":false,"runtimeRunning":false,"runtimeGeneration":2,"residentMemoryBytes":146915328,"threadCount":29,"processCpuMillis":56221,"elapsedRealtimeMillis":7930567,"activeConnections":0,"tunInboundPackets":0,"tunOutboundPackets":0,"tunDroppedPackets":0,"udpRemoteOpenEvents":0,"udpRemoteWrittenBytes":0,"udpRemoteReadBytes":0,"fatalTunErrors":0,"unrecoveredTransitions":0}
1791167467.740 24006 24006 I XrayDeviceGate: XRAY_ANDROID_LIFECYCLE state=stopped
1791167467.740 24006 24006 I XrayDeviceGate: XRAY_ANDROID_SAMPLE {"tunBackend":"file-descriptor","probeOnly":false,"runtimeRunning":false,"runtimeGeneration":2,"residentMemoryBytes":146915328,"threadCount":29,"processCpuMillis":56224,"elapsedRealtimeMillis":7930569,"activeConnections":0,"tunInboundPackets":0,"tunOutboundPackets":0,"tunDroppedPackets":0,"udpRemoteOpenEvents":0,"udpRemoteWrittenBytes":0,"udpRemoteReadBytes":0,"fatalTunErrors":0,"unrecoveredTransitions":0}
1791167467.954 24006 24006 I XrayDeviceGate: XRAY_ANDROID_LIFECYCLE state=counters-reset
1791167467.957 24006  8595 I XrayDeviceGate: XRAY_ANDROID_SAMPLE {"tunBackend":"file-descriptor","probeOnly":false,"runtimeRunning":false,"runtimeGeneration":0,"residentMemoryBytes":147193856,"threadCount":29,"processCpuMillis":56268,"elapsedRealtimeMillis":7930786,"activeConnections":0,"tunInboundPackets":0,"tunOutboundPackets":0,"tunDroppedPackets":0,"udpRemoteOpenEvents":0,"udpRemoteWrittenBytes":0,"udpRemoteReadBytes":0,"fatalTunErrors":0,"unrecoveredTransitions":0}
1791167469.621 24006  8633 I XrayDeviceGate: XRAY_ANDROID_SAMPLE {"tunBackend":"packet-pump","probeOnly":true,"runtimeRunning":false,"runtimeGeneration":0,"residentMemoryBytes":147034112,"threadCount":29,"processCpuMillis":56382,"elapsedRealtimeMillis":7932450,"activeConnections":0,"tunInboundPackets":0,"tunOutboundPackets":0,"tunDroppedPackets":0,"udpRemoteOpenEvents":0,"udpRemoteWrittenBytes":0,"udpRemoteReadBytes":0,"fatalTunErrors":0,"unrecoveredTransitions":0}
1791167469.678 24006  8636 I XrayDeviceGate: XRAY_ANDROID_LIFECYCLE state=running generation=1 tunBackend=packet-pump
1791167469.682 24006  8636 I XrayDeviceGate: XRAY_ANDROID_SAMPLE {"tunBackend":"packet-pump","probeOnly":true,"runtimeRunning":true,"runtimeGeneration":1,"residentMemoryBytes":148135936,"threadCount":38,"processCpuMillis":56439,"elapsedRealtimeMillis":7932511,"activeConnections":0,"tunInboundPackets":3,"tunOutboundPackets":0,"tunDroppedPackets":0,"udpRemoteOpenEvents":0,"udpRemoteWrittenBytes":0,"udpRemoteReadBytes":0,"fatalTunErrors":0,"unrecoveredTransitions":0}
1791167470.490 23960 23960 I XrayDeviceProbe: XRAY_ANDROID_PROBE state=counters-reset
1791167470.736 23960 23960 I XrayDeviceProbe: XRAY_ANDROID_PROBE state=started
1791167470.776 23960  8667 I XrayDeviceProbe: XRAY_ANDROID_PROBE kind=http result=passed sequence=1 elapsedSeconds=0
1791167470.794 23960  8667 I XrayDeviceProbe: XRAY_ANDROID_PROBE kind=udp result=passed sequence=1 elapsedSeconds=0
1791167472.036 23960  8667 I XrayDeviceProbe: XRAY_ANDROID_PROBE kind=http result=passed sequence=2 elapsedSeconds=1
1791167472.055 23960  8667 I XrayDeviceProbe: XRAY_ANDROID_PROBE kind=udp result=passed sequence=2 elapsedSeconds=1
1791167472.730 23960 23960 I XrayDeviceProbe: XRAY_ANDROID_PROBE state=stopped
1791167474.023 23960 23960 I XrayDeviceProbe: XRAY_ANDROID_PROBE state=stopped
1791167475.215 23960 23960 I XrayDeviceProbe: XRAY_ANDROID_PROBE state=counters-reset
1791167475.403 23960 23960 I XrayDeviceProbe: XRAY_ANDROID_PROBE state=started
1791167475.607 24006 24006 I XrayDeviceGate: XRAY_ANDROID_LIFECYCLE state=connections-close-requested accepted=3
1791167475.612 23960  8713 I XrayDeviceProbe: XRAY_ANDROID_PROBE kind=http result=failed errorCode=SocketException elapsedSeconds=0
1791167475.612 24006 24006 I XrayDeviceGate: XRAY_ANDROID_SAMPLE {"tunBackend":"packet-pump","probeOnly":true,"runtimeRunning":true,"runtimeGeneration":1,"residentMemoryBytes":149024768,"threadCount":38,"processCpuMillis":56592,"elapsedRealtimeMillis":7938442,"activeConnections":0,"tunInboundPackets":25,"tunOutboundPackets":18,"tunDroppedPackets":0,"udpRemoteOpenEvents":2,"udpRemoteWrittenBytes":134,"udpRemoteReadBytes":166,"fatalTunErrors":0,"unrecoveredTransitions":0}
1791167475.773 23960  8713 I XrayDeviceProbe: XRAY_ANDROID_PROBE kind=udp result=passed sequence=1 elapsedSeconds=0
1791167476.926 23960 23960 I XrayDeviceProbe: XRAY_ANDROID_PROBE state=stopped
1791167479.632 24006  8633 I XrayDeviceGate: XRAY_ANDROID_SAMPLE {"tunBackend":"packet-pump","probeOnly":true,"runtimeRunning":true,"runtimeGeneration":1,"residentMemoryBytes":148623360,"threadCount":38,"processCpuMillis":56717,"elapsedRealtimeMillis":7942461,"activeConnections":1,"tunInboundPackets":26,"tunOutboundPackets":20,"tunDroppedPackets":0,"udpRemoteOpenEvents":3,"udpRemoteWrittenBytes":201,"udpRemoteReadBytes":249,"fatalTunErrors":0,"unrecoveredTransitions":0}
1791167483.611 23960 23960 I XrayDeviceProbe: XRAY_ANDROID_PROBE state=counters-reset
1791167483.811 23960 23960 I XrayDeviceProbe: XRAY_ANDROID_PROBE state=started
1791167483.854 23960  8758 I XrayDeviceProbe: XRAY_ANDROID_PROBE kind=http result=passed sequence=1 elapsedSeconds=0
1791167483.873 23960  8758 I XrayDeviceProbe: XRAY_ANDROID_PROBE kind=udp result=passed sequence=1 elapsedSeconds=0
1791167484.932 23960  8758 I XrayDeviceProbe: XRAY_ANDROID_PROBE kind=http result=passed sequence=2 elapsedSeconds=1
1791167484.948 23960  8758 I XrayDeviceProbe: XRAY_ANDROID_PROBE kind=udp result=passed sequence=2 elapsedSeconds=1
1791167485.165 23960 23960 I XrayDeviceProbe: XRAY_ANDROID_PROBE state=stopped
1791167486.455 23960 23960 I XrayDeviceProbe: XRAY_ANDROID_PROBE state=stopped
1791167487.647 23960 23960 I XrayDeviceProbe: XRAY_ANDROID_PROBE state=counters-reset
1791167487.835 23960 23960 I XrayDeviceProbe: XRAY_ANDROID_PROBE state=started
1791167488.004 23960  8796 I XrayDeviceProbe: XRAY_ANDROID_PROBE kind=http result=failed errorCode=SocketException elapsedSeconds=0
1791167488.111 24006 24006 I XrayDeviceGate: XRAY_ANDROID_LIFECYCLE state=stopped
1791167488.111 24006 24006 I XrayDeviceGate: XRAY_ANDROID_SAMPLE {"tunBackend":"packet-pump","probeOnly":true,"runtimeRunning":false,"runtimeGeneration":1,"residentMemoryBytes":149372928,"threadCount":30,"processCpuMillis":56843,"elapsedRealtimeMillis":7950941,"activeConnections":0,"tunInboundPackets":26,"tunOutboundPackets":20,"tunDroppedPackets":0,"udpRemoteOpenEvents":3,"udpRemoteWrittenBytes":201,"udpRemoteReadBytes":249,"fatalTunErrors":0,"unrecoveredTransitions":0}
1791167489.389 23960 23960 I XrayDeviceProbe: XRAY_ANDROID_PROBE state=stopped
1791167493.013 23960  8796 W XrayDeviceProbe: XRAY_ANDROID_UDP_FAILURE queryTag=350a788eb194f102 localPort=51515 errorCode=SocketTimeoutException
1791167493.015 23960  8796 I XrayDeviceProbe: XRAY_ANDROID_PROBE kind=udp result=failed errorCode=SocketTimeoutException elapsedSeconds=5
1791167496.158 24006  8833 I XrayDeviceGate: XRAY_ANDROID_SAMPLE {"tunBackend":"packet-pump","probeOnly":true,"runtimeRunning":false,"runtimeGeneration":1,"residentMemoryBytes":149495808,"threadCount":29,"processCpuMillis":56987,"elapsedRealtimeMillis":7958987,"activeConnections":0,"tunInboundPackets":0,"tunOutboundPackets":0,"tunDroppedPackets":0,"udpRemoteOpenEvents":0,"udpRemoteWrittenBytes":0,"udpRemoteReadBytes":0,"fatalTunErrors":0,"unrecoveredTransitions":0}
1791167496.221 24006  8835 I XrayDeviceGate: XRAY_ANDROID_LIFECYCLE state=running generation=2 tunBackend=packet-pump
1791167496.226 24006  8835 I XrayDeviceGate: XRAY_ANDROID_SAMPLE {"tunBackend":"packet-pump","probeOnly":true,"runtimeRunning":true,"runtimeGeneration":2,"residentMemoryBytes":150691840,"threadCount":38,"processCpuMillis":57050,"elapsedRealtimeMillis":7959055,"activeConnections":0,"tunInboundPackets":3,"tunOutboundPackets":0,"tunDroppedPackets":0,"udpRemoteOpenEvents":0,"udpRemoteWrittenBytes":0,"udpRemoteReadBytes":0,"fatalTunErrors":0,"unrecoveredTransitions":0}
1791167497.052 23960 23960 I XrayDeviceProbe: XRAY_ANDROID_PROBE state=counters-reset
1791167497.299 23960 23960 I XrayDeviceProbe: XRAY_ANDROID_PROBE state=started
1791167497.342 23960  8869 I XrayDeviceProbe: XRAY_ANDROID_PROBE kind=http result=passed sequence=1 elapsedSeconds=0
1791167497.369 23960  8869 I XrayDeviceProbe: XRAY_ANDROID_PROBE kind=udp result=passed sequence=1 elapsedSeconds=0
1791167498.397 23960  8869 I XrayDeviceProbe: XRAY_ANDROID_PROBE kind=http result=passed sequence=2 elapsedSeconds=1
1791167498.418 23960  8869 I XrayDeviceProbe: XRAY_ANDROID_PROBE kind=udp result=passed sequence=2 elapsedSeconds=1
1791167498.691 23960 23960 I XrayDeviceProbe: XRAY_ANDROID_PROBE state=stopped
1791167500.182 24006 24006 I XrayDeviceGate: XRAY_ANDROID_LIFECYCLE state=stopped
1791167500.182 24006 24006 I XrayDeviceGate: XRAY_ANDROID_SAMPLE {"tunBackend":"packet-pump","probeOnly":true,"runtimeRunning":false,"runtimeGeneration":2,"residentMemoryBytes":146628608,"threadCount":30,"processCpuMillis":57239,"elapsedRealtimeMillis":7963011,"activeConnections":0,"tunInboundPackets":3,"tunOutboundPackets":0,"tunDroppedPackets":0,"udpRemoteOpenEvents":0,"udpRemoteWrittenBytes":0,"udpRemoteReadBytes":0,"fatalTunErrors":0,"unrecoveredTransitions":0}
1791167500.944 23960 23960 I XrayDeviceProbe: XRAY_ANDROID_PROBE state=stopped
1791167502.243 24006  8924 I XrayDeviceGate: XRAY_ANDROID_SAMPLE {"tunBackend":"file-descriptor","probeOnly":false,"runtimeRunning":false,"runtimeGeneration":2,"residentMemoryBytes":146980864,"threadCount":29,"processCpuMillis":57369,"elapsedRealtimeMillis":7965072,"activeConnections":0,"tunInboundPackets":0,"tunOutboundPackets":0,"tunDroppedPackets":0,"udpRemoteOpenEvents":0,"udpRemoteWrittenBytes":0,"udpRemoteReadBytes":0,"fatalTunErrors":0,"unrecoveredTransitions":0}
1791167502.248 24006 24006 I XrayDeviceGate: XRAY_ANDROID_LIFECYCLE state=stopped
1791167502.248 24006 24006 I XrayDeviceGate: XRAY_ANDROID_SAMPLE {"tunBackend":"file-descriptor","probeOnly":false,"runtimeRunning":false,"runtimeGeneration":2,"residentMemoryBytes":146980864,"threadCount":29,"processCpuMillis":57376,"elapsedRealtimeMillis":7965078,"activeConnections":0,"tunInboundPackets":0,"tunOutboundPackets":0,"tunDroppedPackets":0,"udpRemoteOpenEvents":0,"udpRemoteWrittenBytes":0,"udpRemoteReadBytes":0,"fatalTunErrors":0,"unrecoveredTransitions":0}
1791167504.181 23960 23960 I XrayDeviceProbe: XRAY_ANDROID_PROBE state=stopped
1791167505.485 24006  8952 I XrayDeviceGate: XRAY_ANDROID_SAMPLE {"tunBackend":"file-descriptor","probeOnly":false,"runtimeRunning":false,"runtimeGeneration":2,"residentMemoryBytes":147210240,"threadCount":29,"processCpuMillis":57518,"elapsedRealtimeMillis":7968314,"activeConnections":0,"tunInboundPackets":0,"tunOutboundPackets":0,"tunDroppedPackets":0,"udpRemoteOpenEvents":0,"udpRemoteWrittenBytes":0,"udpRemoteReadBytes":0,"fatalTunErrors":0,"unrecoveredTransitions":0}
1791167505.488 24006 24006 I XrayDeviceGate: XRAY_ANDROID_LIFECYCLE state=stopped
1791167505.488 24006 24006 I XrayDeviceGate: XRAY_ANDROID_SAMPLE {"tunBackend":"file-descriptor","probeOnly":false,"runtimeRunning":false,"runtimeGeneration":2,"residentMemoryBytes":147210240,"threadCount":29,"processCpuMillis":57522,"elapsedRealtimeMillis":7968317,"activeConnections":0,"tunInboundPackets":0,"tunOutboundPackets":0,"tunDroppedPackets":0,"udpRemoteOpenEvents":0,"udpRemoteWrittenBytes":0,"udpRemoteReadBytes":0,"fatalTunErrors":0,"unrecoveredTransitions":0}
1791167506.713 23960 23960 I XrayDeviceProbe: XRAY_ANDROID_PROBE state=stopped
1791167508.003 24006  8975 I XrayDeviceGate: XRAY_ANDROID_SAMPLE {"tunBackend":"file-descriptor","probeOnly":false,"runtimeRunning":false,"runtimeGeneration":2,"residentMemoryBytes":147640320,"threadCount":29,"processCpuMillis":57646,"elapsedRealtimeMillis":7970832,"activeConnections":0,"tunInboundPackets":0,"tunOutboundPackets":0,"tunDroppedPackets":0,"udpRemoteOpenEvents":0,"udpRemoteWrittenBytes":0,"udpRemoteReadBytes":0,"fatalTunErrors":0,"unrecoveredTransitions":0}
1791167508.003 24006 24006 I XrayDeviceGate: XRAY_ANDROID_LIFECYCLE state=stopped
1791167508.003 24006 24006 I XrayDeviceGate: XRAY_ANDROID_SAMPLE {"tunBackend":"file-descriptor","probeOnly":false,"runtimeRunning":false,"runtimeGeneration":2,"residentMemoryBytes":147640320,"threadCount":29,"processCpuMillis":57646,"elapsedRealtimeMillis":7970832,"activeConnections":0,"tunInboundPackets":0,"tunOutboundPackets":0,"tunDroppedPackets":0,"udpRemoteOpenEvents":0,"udpRemoteWrittenBytes":0,"udpRemoteReadBytes":0,"fatalTunErrors":0,"unrecoveredTransitions":0}
1791167508.218 24006 24006 I XrayDeviceGate: XRAY_ANDROID_LIFECYCLE state=counters-reset
1791167508.219 24006  8985 I XrayDeviceGate: XRAY_ANDROID_SAMPLE {"tunBackend":"file-descriptor","probeOnly":false,"runtimeRunning":false,"runtimeGeneration":2,"residentMemoryBytes":147914752,"threadCount":29,"processCpuMillis":57693,"elapsedRealtimeMillis":7971048,"activeConnections":0,"tunInboundPackets":0,"tunOutboundPackets":0,"tunDroppedPackets":0,"udpRemoteOpenEvents":0,"udpRemoteWrittenBytes":0,"udpRemoteReadBytes":0,"fatalTunErrors":0,"unrecoveredTransitions":0}
1791167509.418 24006  9009 I XrayDeviceGate: XRAY_ANDROID_SAMPLE {"tunBackend":"file-descriptor","probeOnly":true,"runtimeRunning":false,"runtimeGeneration":0,"residentMemoryBytes":147931136,"threadCount":29,"processCpuMillis":57759,"elapsedRealtimeMillis":7972247,"activeConnections":0,"tunInboundPackets":0,"tunOutboundPackets":0,"tunDroppedPackets":0,"udpRemoteOpenEvents":0,"udpRemoteWrittenBytes":0,"udpRemoteReadBytes":0,"fatalTunErrors":0,"unrecoveredTransitions":0}
1791167509.472 24006  9012 I XrayDeviceGate: XRAY_ANDROID_LIFECYCLE state=running generation=1 tunBackend=file-descriptor
1791167509.475 24006  9012 I XrayDeviceGate: XRAY_ANDROID_SAMPLE {"tunBackend":"file-descriptor","probeOnly":true,"runtimeRunning":true,"runtimeGeneration":1,"residentMemoryBytes":149278720,"threadCount":36,"processCpuMillis":57802,"elapsedRealtimeMillis":7972304,"activeConnections":0,"tunInboundPackets":3,"tunOutboundPackets":0,"tunDroppedPackets":0,"udpRemoteOpenEvents":0,"udpRemoteWrittenBytes":0,"udpRemoteReadBytes":0,"fatalTunErrors":0,"unrecoveredTransitions":0}
1791167510.285 23960 23960 I XrayDeviceProbe: XRAY_ANDROID_PROBE state=stopped
1791167511.501 23960 23960 I XrayDeviceProbe: XRAY_ANDROID_PROBE state=counters-reset
1791167511.687 23960 23960 I XrayDeviceProbe: XRAY_ANDROID_PROBE state=started
1791167511.728 23960  9048 I XrayDeviceProbe: XRAY_ANDROID_PROBE kind=http result=passed sequence=1 elapsedSeconds=0
1791167514.882 23960  9048 I XrayDeviceProbe: XRAY_ANDROID_PROBE kind=udp result=passed sequence=1 elapsedSeconds=3
1791167515.798 23960 23960 I XrayDeviceProbe: XRAY_ANDROID_PROBE state=stopped
1791167517.004 23960 23960 I XrayDeviceProbe: XRAY_ANDROID_PROBE state=stopped
1791167518.192 23960 23960 I XrayDeviceProbe: XRAY_ANDROID_PROBE state=counters-reset
1791167518.379 23960 23960 I XrayDeviceProbe: XRAY_ANDROID_PROBE state=started
1791167518.427 23960  9099 I XrayDeviceProbe: XRAY_ANDROID_PROBE kind=http result=passed sequence=1 elapsedSeconds=0
1791167518.630 24006 24006 I XrayDeviceGate: XRAY_ANDROID_LIFECYCLE state=connections-close-requested accepted=2
1791167518.633 24006 24006 I XrayDeviceGate: XRAY_ANDROID_SAMPLE {"tunBackend":"file-descriptor","probeOnly":true,"runtimeRunning":true,"runtimeGeneration":1,"residentMemoryBytes":149340160,"threadCount":36,"processCpuMillis":57941,"elapsedRealtimeMillis":7981463,"activeConnections":0,"tunInboundPackets":24,"tunOutboundPackets":15,"tunDroppedPackets":0,"udpRemoteOpenEvents":2,"udpRemoteWrittenBytes":134,"udpRemoteReadBytes":83,"fatalTunErrors":0,"unrecoveredTransitions":0}
1791167519.421 24006  9009 I XrayDeviceGate: XRAY_ANDROID_SAMPLE {"tunBackend":"file-descriptor","probeOnly":true,"runtimeRunning":true,"runtimeGeneration":1,"residentMemoryBytes":149327872,"threadCount":36,"processCpuMillis":57990,"elapsedRealtimeMillis":7982251,"activeConnections":0,"tunInboundPackets":24,"tunOutboundPackets":15,"tunDroppedPackets":0,"udpRemoteOpenEvents":2,"udpRemoteWrittenBytes":134,"udpRemoteReadBytes":83,"fatalTunErrors":0,"unrecoveredTransitions":0}
1791167523.437 23960  9099 W XrayDeviceProbe: XRAY_ANDROID_UDP_FAILURE queryTag=6e96802428f9bd17 localPort=36407 errorCode=SocketTimeoutException
1791167523.440 23960  9099 I XrayDeviceProbe: XRAY_ANDROID_PROBE kind=udp result=failed errorCode=SocketTimeoutException elapsedSeconds=5
1791167526.256 24006 24006 I XrayDeviceGate: XRAY_ANDROID_LIFECYCLE state=connections-close-requested accepted=0
1791167526.260 24006 24006 I XrayDeviceGate: XRAY_ANDROID_SAMPLE {"tunBackend":"file-descriptor","probeOnly":true,"runtimeRunning":true,"runtimeGeneration":1,"residentMemoryBytes":149770240,"threadCount":36,"processCpuMillis":58118,"elapsedRealtimeMillis":7989089,"activeConnections":0,"tunInboundPackets":25,"tunOutboundPackets":15,"tunDroppedPackets":0,"udpRemoteOpenEvents":2,"udpRemoteWrittenBytes":134,"udpRemoteReadBytes":83,"fatalTunErrors":0,"unrecoveredTransitions":0}
1791167528.068 23960 23960 I XrayDeviceProbe: XRAY_ANDROID_PROBE state=stopped
1791167529.301 23960 23960 I XrayDeviceProbe: XRAY_ANDROID_PROBE state=counters-reset
1791167529.425 24006  9009 I XrayDeviceGate: XRAY_ANDROID_SAMPLE {"tunBackend":"file-descriptor","probeOnly":true,"runtimeRunning":true,"runtimeGeneration":1,"residentMemoryBytes":149123072,"threadCount":36,"processCpuMillis":58180,"elapsedRealtimeMillis":7992254,"activeConnections":0,"tunInboundPackets":25,"tunOutboundPackets":15,"tunDroppedPackets":0,"udpRemoteOpenEvents":2,"udpRemoteWrittenBytes":134,"udpRemoteReadBytes":83,"fatalTunErrors":0,"unrecoveredTransitions":0}
1791167529.482 23960 23960 I XrayDeviceProbe: XRAY_ANDROID_PROBE state=started
1791167529.530 23960  9176 I XrayDeviceProbe: XRAY_ANDROID_PROBE kind=http result=passed sequence=1 elapsedSeconds=0
1791167532.596 23960  9176 I XrayDeviceProbe: XRAY_ANDROID_PROBE kind=udp result=passed sequence=1 elapsedSeconds=3
1791167533.506 23960 23960 I XrayDeviceProbe: XRAY_ANDROID_PROBE state=stopped
1791167534.809 23960 23960 I XrayDeviceProbe: XRAY_ANDROID_PROBE state=stopped
1791167535.998 23960 23960 I XrayDeviceProbe: XRAY_ANDROID_PROBE state=counters-reset
1791167536.192 23960 23960 I XrayDeviceProbe: XRAY_ANDROID_PROBE state=started
1791167536.237 23960  9226 I XrayDeviceProbe: XRAY_ANDROID_PROBE kind=http result=passed sequence=1 elapsedSeconds=0
1791167536.478 24006 24006 I XrayDeviceGate: XRAY_ANDROID_LIFECYCLE state=stopped
1791167536.478 24006 24006 I XrayDeviceGate: XRAY_ANDROID_SAMPLE {"tunBackend":"file-descriptor","probeOnly":true,"runtimeRunning":false,"runtimeGeneration":1,"residentMemoryBytes":149716992,"threadCount":30,"processCpuMillis":58257,"elapsedRealtimeMillis":7999307,"activeConnections":0,"tunInboundPackets":25,"tunOutboundPackets":15,"tunDroppedPackets":0,"udpRemoteOpenEvents":2,"udpRemoteWrittenBytes":134,"udpRemoteReadBytes":83,"fatalTunErrors":0,"unrecoveredTransitions":0}
1791167541.247 23960  9226 W XrayDeviceProbe: XRAY_ANDROID_UDP_FAILURE queryTag=cac03511c11cd923 localPort=40105 errorCode=SocketTimeoutException
1791167541.249 23960  9226 I XrayDeviceProbe: XRAY_ANDROID_PROBE kind=udp result=failed errorCode=SocketTimeoutException elapsedSeconds=5
1791167544.385 23960 23960 I XrayDeviceProbe: XRAY_ANDROID_PROBE state=stopped
1791167545.724 24006  9288 I XrayDeviceGate: XRAY_ANDROID_SAMPLE {"tunBackend":"file-descriptor","probeOnly":true,"runtimeRunning":false,"runtimeGeneration":1,"residentMemoryBytes":150138880,"threadCount":29,"processCpuMillis":58530,"elapsedRealtimeMillis":8008553,"activeConnections":0,"tunInboundPackets":0,"tunOutboundPackets":0,"tunDroppedPackets":0,"udpRemoteOpenEvents":0,"udpRemoteWrittenBytes":0,"udpRemoteReadBytes":0,"fatalTunErrors":0,"unrecoveredTransitions":0}
1791167545.785 24006  9290 I XrayDeviceGate: XRAY_ANDROID_LIFECYCLE state=running generation=2 tunBackend=file-descriptor
1791167545.793 24006  9290 I XrayDeviceGate: XRAY_ANDROID_SAMPLE {"tunBackend":"file-descriptor","probeOnly":true,"runtimeRunning":true,"runtimeGeneration":2,"residentMemoryBytes":147329024,"threadCount":36,"processCpuMillis":58620,"elapsedRealtimeMillis":8008621,"activeConnections":0,"tunInboundPackets":3,"tunOutboundPackets":0,"tunDroppedPackets":0,"udpRemoteOpenEvents":0,"udpRemoteWrittenBytes":0,"udpRemoteReadBytes":0,"fatalTunErrors":0,"unrecoveredTransitions":0}
1791167546.657 23960 23960 I XrayDeviceProbe: XRAY_ANDROID_PROBE state=counters-reset
1791167546.909 23960 23960 I XrayDeviceProbe: XRAY_ANDROID_PROBE state=started
1791167547.003 23960  9321 I XrayDeviceProbe: XRAY_ANDROID_PROBE kind=http result=passed sequence=1 elapsedSeconds=0
1791167550.208 23960  9321 I XrayDeviceProbe: XRAY_ANDROID_PROBE kind=udp result=passed sequence=1 elapsedSeconds=3
1791167550.960 23960 23960 I XrayDeviceProbe: XRAY_ANDROID_PROBE state=stopped
1791167552.352 24006 24006 I XrayDeviceGate: XRAY_ANDROID_LIFECYCLE state=stopped
1791167552.352 24006 24006 I XrayDeviceGate: XRAY_ANDROID_SAMPLE {"tunBackend":"file-descriptor","probeOnly":true,"runtimeRunning":false,"runtimeGeneration":2,"residentMemoryBytes":147800064,"threadCount":30,"processCpuMillis":58758,"elapsedRealtimeMillis":8015181,"activeConnections":0,"tunInboundPackets":3,"tunOutboundPackets":0,"tunDroppedPackets":0,"udpRemoteOpenEvents":0,"udpRemoteWrittenBytes":0,"udpRemoteReadBytes":0,"fatalTunErrors":0,"unrecoveredTransitions":0}
1791167552.662 23960 23960 I XrayDeviceProbe: XRAY_ANDROID_PROBE state=stopped
1791167553.979 24006  9379 I XrayDeviceGate: XRAY_ANDROID_SAMPLE {"tunBackend":"file-descriptor","probeOnly":false,"runtimeRunning":false,"runtimeGeneration":2,"residentMemoryBytes":147853312,"threadCount":29,"processCpuMillis":58903,"elapsedRealtimeMillis":8016808,"activeConnections":0,"tunInboundPackets":0,"tunOutboundPackets":0,"tunDroppedPackets":0,"udpRemoteOpenEvents":0,"udpRemoteWrittenBytes":0,"udpRemoteReadBytes":0,"fatalTunErrors":0,"unrecoveredTransitions":0}
1791167553.980 24006 24006 I XrayDeviceGate: XRAY_ANDROID_SAMPLE {"tunBackend":"file-descriptor","probeOnly":false,"runtimeRunning":false,"runtimeGeneration":2,"residentMemoryBytes":147853312,"threadCount":29,"processCpuMillis":58906,"elapsedRealtimeMillis":8016810,"activeConnections":0,"tunInboundPackets":0,"tunOutboundPackets":0,"tunDroppedPackets":0,"udpRemoteOpenEvents":0,"udpRemoteWrittenBytes":0,"udpRemoteReadBytes":0,"fatalTunErrors":0,"unrecoveredTransitions":0}
1791167553.981 24006 24006 I XrayDeviceGate: XRAY_ANDROID_LIFECYCLE state=stopped
1791167555.917 23960 23960 I XrayDeviceProbe: XRAY_ANDROID_PROBE state=stopped
1791167557.228 24006  9406 I XrayDeviceGate: XRAY_ANDROID_SAMPLE {"tunBackend":"file-descriptor","probeOnly":false,"runtimeRunning":false,"runtimeGeneration":2,"residentMemoryBytes":147431424,"threadCount":29,"processCpuMillis":59030,"elapsedRealtimeMillis":8020057,"activeConnections":0,"tunInboundPackets":0,"tunOutboundPackets":0,"tunDroppedPackets":0,"udpRemoteOpenEvents":0,"udpRemoteWrittenBytes":0,"udpRemoteReadBytes":0,"fatalTunErrors":0,"unrecoveredTransitions":0}
1791167557.228 24006 24006 I XrayDeviceGate: XRAY_ANDROID_LIFECYCLE state=stopped
1791167557.228 24006 24006 I XrayDeviceGate: XRAY_ANDROID_SAMPLE {"tunBackend":"file-descriptor","probeOnly":false,"runtimeRunning":false,"runtimeGeneration":2,"residentMemoryBytes":147431424,"threadCount":29,"processCpuMillis":59030,"elapsedRealtimeMillis":8020057,"activeConnections":0,"tunInboundPackets":0,"tunOutboundPackets":0,"tunDroppedPackets":0,"udpRemoteOpenEvents":0,"udpRemoteWrittenBytes":0,"udpRemoteReadBytes":0,"fatalTunErrors":0,"unrecoveredTransitions":0}
1791167557.451 24006 24006 I XrayDeviceGate: XRAY_ANDROID_LIFECYCLE state=counters-reset
1791167557.454 24006  9416 I XrayDeviceGate: XRAY_ANDROID_SAMPLE {"tunBackend":"file-descriptor","probeOnly":false,"runtimeRunning":false,"runtimeGeneration":0,"residentMemoryBytes":147718144,"threadCount":29,"processCpuMillis":59077,"elapsedRealtimeMillis":8020284,"activeConnections":0,"tunInboundPackets":0,"tunOutboundPackets":0,"tunDroppedPackets":0,"udpRemoteOpenEvents":0,"udpRemoteWrittenBytes":0,"udpRemoteReadBytes":0,"fatalTunErrors":0,"unrecoveredTransitions":0}
1791167558.686 24006  9440 I XrayDeviceGate: XRAY_ANDROID_SAMPLE {"tunBackend":"packet-pump","probeOnly":true,"runtimeRunning":false,"runtimeGeneration":0,"residentMemoryBytes":147742720,"threadCount":29,"processCpuMillis":59147,"elapsedRealtimeMillis":8021516,"activeConnections":0,"tunInboundPackets":0,"tunOutboundPackets":0,"tunDroppedPackets":0,"udpRemoteOpenEvents":0,"udpRemoteWrittenBytes":0,"udpRemoteReadBytes":0,"fatalTunErrors":0,"unrecoveredTransitions":0}
1791167558.742 24006  9442 I XrayDeviceGate: XRAY_ANDROID_LIFECYCLE state=running generation=1 tunBackend=packet-pump
1791167558.745 24006  9442 I XrayDeviceGate: XRAY_ANDROID_SAMPLE {"tunBackend":"packet-pump","probeOnly":true,"runtimeRunning":true,"runtimeGeneration":1,"residentMemoryBytes":149086208,"threadCount":38,"processCpuMillis":59200,"elapsedRealtimeMillis":8021575,"activeConnections":0,"tunInboundPackets":3,"tunOutboundPackets":0,"tunDroppedPackets":0,"udpRemoteOpenEvents":0,"udpRemoteWrittenBytes":0,"udpRemoteReadBytes":0,"fatalTunErrors":0,"unrecoveredTransitions":0}
1791167559.575 23960 23960 I XrayDeviceProbe: XRAY_ANDROID_PROBE state=stopped
1791167560.805 23960 23960 I XrayDeviceProbe: XRAY_ANDROID_PROBE state=counters-reset
1791167561.001 23960 23960 I XrayDeviceProbe: XRAY_ANDROID_PROBE state=started
1791167561.226 23960  9481 I XrayDeviceProbe: XRAY_ANDROID_PROBE kind=http result=passed sequence=1 elapsedSeconds=0
1791167565.058 23960  9481 I XrayDeviceProbe: XRAY_ANDROID_PROBE kind=udp result=passed sequence=1 elapsedSeconds=4
1791167565.374 23960 23960 I XrayDeviceProbe: XRAY_ANDROID_PROBE state=stopped
1791167566.581 23960 23960 I XrayDeviceProbe: XRAY_ANDROID_PROBE state=stopped
1791167567.786 23960 23960 I XrayDeviceProbe: XRAY_ANDROID_PROBE state=counters-reset
1791167567.981 23960 23960 I XrayDeviceProbe: XRAY_ANDROID_PROBE state=started
1791167568.095 23960  9530 I XrayDeviceProbe: XRAY_ANDROID_PROBE kind=http result=passed sequence=1 elapsedSeconds=0
1791167568.300 24006 24006 I XrayDeviceGate: XRAY_ANDROID_LIFECYCLE state=connections-close-requested accepted=2
1791167568.305 24006 24006 I XrayDeviceGate: XRAY_ANDROID_SAMPLE {"tunBackend":"packet-pump","probeOnly":true,"runtimeRunning":true,"runtimeGeneration":1,"residentMemoryBytes":149667840,"threadCount":38,"processCpuMillis":59373,"elapsedRealtimeMillis":8031135,"activeConnections":0,"tunInboundPackets":24,"tunOutboundPackets":15,"tunDroppedPackets":0,"udpRemoteOpenEvents":2,"udpRemoteWrittenBytes":134,"udpRemoteReadBytes":83,"fatalTunErrors":0,"unrecoveredTransitions":0}
1791167568.692 24006  9440 I XrayDeviceGate: XRAY_ANDROID_SAMPLE {"tunBackend":"packet-pump","probeOnly":true,"runtimeRunning":true,"runtimeGeneration":1,"residentMemoryBytes":149917696,"threadCount":38,"processCpuMillis":59424,"elapsedRealtimeMillis":8031521,"activeConnections":0,"tunInboundPackets":24,"tunOutboundPackets":15,"tunDroppedPackets":0,"udpRemoteOpenEvents":2,"udpRemoteWrittenBytes":134,"udpRemoteReadBytes":83,"fatalTunErrors":0,"unrecoveredTransitions":0}
1791167573.106 23960  9530 W XrayDeviceProbe: XRAY_ANDROID_UDP_FAILURE queryTag=d2d2e2a484eba9c0 localPort=60249 errorCode=SocketTimeoutException
1791167573.109 23960  9530 I XrayDeviceProbe: XRAY_ANDROID_PROBE kind=udp result=failed errorCode=SocketTimeoutException elapsedSeconds=5
1791167576.355 24006 24006 I XrayDeviceGate: XRAY_ANDROID_LIFECYCLE state=connections-close-requested accepted=0
1791167576.358 24006 24006 I XrayDeviceGate: XRAY_ANDROID_SAMPLE {"tunBackend":"packet-pump","probeOnly":true,"runtimeRunning":true,"runtimeGeneration":1,"residentMemoryBytes":149938176,"threadCount":38,"processCpuMillis":59602,"elapsedRealtimeMillis":8039187,"activeConnections":0,"tunInboundPackets":25,"tunOutboundPackets":15,"tunDroppedPackets":0,"udpRemoteOpenEvents":2,"udpRemoteWrittenBytes":134,"udpRemoteReadBytes":83,"fatalTunErrors":0,"unrecoveredTransitions":0}
1791167578.148 23960 23960 I XrayDeviceProbe: XRAY_ANDROID_PROBE state=stopped
1791167578.697 24006  9440 I XrayDeviceGate: XRAY_ANDROID_SAMPLE {"tunBackend":"packet-pump","probeOnly":true,"runtimeRunning":true,"runtimeGeneration":1,"residentMemoryBytes":149876736,"threadCount":38,"processCpuMillis":59662,"elapsedRealtimeMillis":8041526,"activeConnections":0,"tunInboundPackets":25,"tunOutboundPackets":15,"tunDroppedPackets":0,"udpRemoteOpenEvents":2,"udpRemoteWrittenBytes":134,"udpRemoteReadBytes":83,"fatalTunErrors":0,"unrecoveredTransitions":0}
1791167579.425 23960 23960 I XrayDeviceProbe: XRAY_ANDROID_PROBE state=counters-reset
1791167579.622 23960 23960 I XrayDeviceProbe: XRAY_ANDROID_PROBE state=started
1791167579.819 23960  9612 I XrayDeviceProbe: XRAY_ANDROID_PROBE kind=http result=passed sequence=1 elapsedSeconds=0
1791167582.875 23960  9612 I XrayDeviceProbe: XRAY_ANDROID_PROBE kind=udp result=passed sequence=1 elapsedSeconds=3
1791167583.614 23960 23960 I XrayDeviceProbe: XRAY_ANDROID_PROBE state=stopped
1791167584.916 23960 23960 I XrayDeviceProbe: XRAY_ANDROID_PROBE state=stopped
1791167586.114 23960 23960 I XrayDeviceProbe: XRAY_ANDROID_PROBE state=counters-reset
1791167586.309 23960 23960 I XrayDeviceProbe: XRAY_ANDROID_PROBE state=started
1791167587.397 23960  9669 I XrayDeviceProbe: XRAY_ANDROID_PROBE kind=http result=passed sequence=1 elapsedSeconds=1
1791167587.694 24006 24006 I XrayDeviceGate: XRAY_ANDROID_LIFECYCLE state=stopped
1791167587.694 24006 24006 I XrayDeviceGate: XRAY_ANDROID_SAMPLE {"tunBackend":"packet-pump","probeOnly":true,"runtimeRunning":false,"runtimeGeneration":1,"residentMemoryBytes":150040576,"threadCount":30,"processCpuMillis":59781,"elapsedRealtimeMillis":8050524,"activeConnections":0,"tunInboundPackets":25,"tunOutboundPackets":15,"tunDroppedPackets":0,"udpRemoteOpenEvents":2,"udpRemoteWrittenBytes":134,"udpRemoteReadBytes":83,"fatalTunErrors":0,"unrecoveredTransitions":0}
1791167592.407 23960  9669 W XrayDeviceProbe: XRAY_ANDROID_UDP_FAILURE queryTag=f0e990fba041d75a localPort=36640 errorCode=SocketTimeoutException
1791167592.410 23960  9669 I XrayDeviceProbe: XRAY_ANDROID_PROBE kind=udp result=failed errorCode=SocketTimeoutException elapsedSeconds=6
1791167595.344 23960 23960 I XrayDeviceProbe: XRAY_ANDROID_PROBE state=stopped
1791167596.690 24006  9733 I XrayDeviceGate: XRAY_ANDROID_SAMPLE {"tunBackend":"packet-pump","probeOnly":true,"runtimeRunning":false,"runtimeGeneration":1,"residentMemoryBytes":150085632,"threadCount":29,"processCpuMillis":60040,"elapsedRealtimeMillis":8059519,"activeConnections":0,"tunInboundPackets":0,"tunOutboundPackets":0,"tunDroppedPackets":0,"udpRemoteOpenEvents":0,"udpRemoteWrittenBytes":0,"udpRemoteReadBytes":0,"fatalTunErrors":0,"unrecoveredTransitions":0}
1791167596.767 24006  9735 I XrayDeviceGate: XRAY_ANDROID_LIFECYCLE state=running generation=2 tunBackend=packet-pump
1791167596.773 24006  9735 I XrayDeviceGate: XRAY_ANDROID_SAMPLE {"tunBackend":"packet-pump","probeOnly":true,"runtimeRunning":true,"runtimeGeneration":2,"residentMemoryBytes":147808256,"threadCount":38,"processCpuMillis":60144,"elapsedRealtimeMillis":8059602,"activeConnections":0,"tunInboundPackets":3,"tunOutboundPackets":0,"tunDroppedPackets":0,"udpRemoteOpenEvents":0,"udpRemoteWrittenBytes":0,"udpRemoteReadBytes":0,"fatalTunErrors":0,"unrecoveredTransitions":0}
1791167597.611 23960 23960 I XrayDeviceProbe: XRAY_ANDROID_PROBE state=counters-reset
1791167597.878 23960 23960 I XrayDeviceProbe: XRAY_ANDROID_PROBE state=started
1791167597.924 23960  9768 I XrayDeviceProbe: XRAY_ANDROID_PROBE kind=http result=passed sequence=1 elapsedSeconds=0
1791167602.934 23960  9768 W XrayDeviceProbe: XRAY_ANDROID_UDP_FAILURE queryTag=d309e831485adf70 localPort=34777 errorCode=SocketTimeoutException
1791167602.936 23960  9768 I XrayDeviceProbe: XRAY_ANDROID_PROBE kind=udp result=failed errorCode=SocketTimeoutException elapsedSeconds=5
1791167603.214 23960 23960 I XrayDeviceProbe: XRAY_ANDROID_PROBE state=stopped
1791167604.524 23960 23960 I XrayDeviceProbe: XRAY_ANDROID_PROBE state=stopped
1791167605.805 24006 24006 I XrayDeviceGate: XRAY_ANDROID_LIFECYCLE state=stopped
1791167605.805 24006 24006 I XrayDeviceGate: XRAY_ANDROID_SAMPLE {"tunBackend":"packet-pump","probeOnly":true,"runtimeRunning":false,"runtimeGeneration":2,"residentMemoryBytes":148070400,"threadCount":30,"processCpuMillis":60326,"elapsedRealtimeMillis":8068634,"activeConnections":0,"tunInboundPackets":3,"tunOutboundPackets":0,"tunDroppedPackets":0,"udpRemoteOpenEvents":0,"udpRemoteWrittenBytes":0,"udpRemoteReadBytes":0,"fatalTunErrors":0,"unrecoveredTransitions":0}
1791167607.715 23960 23960 I XrayDeviceProbe: XRAY_ANDROID_PROBE state=stopped
1791167609.010 24006  9849 I XrayDeviceGate: XRAY_ANDROID_SAMPLE {"tunBackend":"file-descriptor","probeOnly":false,"runtimeRunning":false,"runtimeGeneration":2,"residentMemoryBytes":148230144,"threadCount":29,"processCpuMillis":60483,"elapsedRealtimeMillis":8071840,"activeConnections":0,"tunInboundPackets":0,"tunOutboundPackets":0,"tunDroppedPackets":0,"udpRemoteOpenEvents":0,"udpRemoteWrittenBytes":0,"udpRemoteReadBytes":0,"fatalTunErrors":0,"unrecoveredTransitions":0}
1791167609.013 24006 24006 I XrayDeviceGate: XRAY_ANDROID_LIFECYCLE state=stopped
1791167609.013 24006 24006 I XrayDeviceGate: XRAY_ANDROID_SAMPLE {"tunBackend":"file-descriptor","probeOnly":false,"runtimeRunning":false,"runtimeGeneration":2,"residentMemoryBytes":148230144,"threadCount":29,"processCpuMillis":60486,"elapsedRealtimeMillis":8071842,"activeConnections":0,"tunInboundPackets":0,"tunOutboundPackets":0,"tunDroppedPackets":0,"udpRemoteOpenEvents":0,"udpRemoteWrittenBytes":0,"udpRemoteReadBytes":0,"fatalTunErrors":0,"unrecoveredTransitions":0}
1791167609.226 24006 24006 I XrayDeviceGate: XRAY_ANDROID_LIFECYCLE state=counters-reset
1791167609.229 24006  9859 I XrayDeviceGate: XRAY_ANDROID_SAMPLE {"tunBackend":"file-descriptor","probeOnly":false,"runtimeRunning":false,"runtimeGeneration":0,"residentMemoryBytes":148697088,"threadCount":29,"processCpuMillis":60531,"elapsedRealtimeMillis":8072058,"activeConnections":0,"tunInboundPackets":0,"tunOutboundPackets":0,"tunDroppedPackets":0,"udpRemoteOpenEvents":0,"udpRemoteWrittenBytes":0,"udpRemoteReadBytes":0,"fatalTunErrors":0,"unrecoveredTransitions":0}
1791167610.469 24006  9883 I XrayDeviceGate: XRAY_ANDROID_SAMPLE {"tunBackend":"file-descriptor","probeOnly":true,"runtimeRunning":false,"runtimeGeneration":0,"residentMemoryBytes":148717568,"threadCount":29,"processCpuMillis":60604,"elapsedRealtimeMillis":8073299,"activeConnections":0,"tunInboundPackets":0,"tunOutboundPackets":0,"tunDroppedPackets":0,"udpRemoteOpenEvents":0,"udpRemoteWrittenBytes":0,"udpRemoteReadBytes":0,"fatalTunErrors":0,"unrecoveredTransitions":0}
1791167610.524 24006  9884 I XrayDeviceGate: XRAY_ANDROID_LIFECYCLE state=running generation=1 tunBackend=file-descriptor
1791167610.527 24006  9884 I XrayDeviceGate: XRAY_ANDROID_SAMPLE {"tunBackend":"file-descriptor","probeOnly":true,"runtimeRunning":true,"runtimeGeneration":1,"residentMemoryBytes":150056960,"threadCount":36,"processCpuMillis":60655,"elapsedRealtimeMillis":8073357,"activeConnections":0,"tunInboundPackets":3,"tunOutboundPackets":0,"tunDroppedPackets":0,"udpRemoteOpenEvents":0,"udpRemoteWrittenBytes":0,"udpRemoteReadBytes":0,"fatalTunErrors":0,"unrecoveredTransitions":0}
1791167611.362 23960 23960 I XrayDeviceProbe: XRAY_ANDROID_PROBE state=stopped
1791167612.591 23960 23960 I XrayDeviceProbe: XRAY_ANDROID_PROBE state=counters-reset
1791167612.785 23960 23960 I XrayDeviceProbe: XRAY_ANDROID_PROBE state=started
1791167612.835 23960  9923 I XrayDeviceProbe: XRAY_ANDROID_PROBE kind=http result=passed sequence=1 elapsedSeconds=0
1791167615.953 23960  9923 I XrayDeviceProbe: XRAY_ANDROID_PROBE kind=udp result=passed sequence=1 elapsedSeconds=3
1791167616.279 23960 23960 I XrayDeviceProbe: XRAY_ANDROID_PROBE state=stopped
1791167617.486 23960 23960 I XrayDeviceProbe: XRAY_ANDROID_PROBE state=stopped
1791167618.688 23960 23960 I XrayDeviceProbe: XRAY_ANDROID_PROBE state=counters-reset
1791167618.883 23960 23960 I XrayDeviceProbe: XRAY_ANDROID_PROBE state=started
1791167619.078 23960  9971 I XrayDeviceProbe: XRAY_ANDROID_PROBE kind=http result=passed sequence=1 elapsedSeconds=0
1791167619.265 24006 24006 I XrayDeviceGate: XRAY_ANDROID_LIFECYCLE state=connections-close-requested accepted=2
1791167619.269 24006 24006 I XrayDeviceGate: XRAY_ANDROID_SAMPLE {"tunBackend":"file-descriptor","probeOnly":true,"runtimeRunning":true,"runtimeGeneration":1,"residentMemoryBytes":150319104,"threadCount":36,"processCpuMillis":60765,"elapsedRealtimeMillis":8082098,"activeConnections":0,"tunInboundPackets":23,"tunOutboundPackets":15,"tunDroppedPackets":0,"udpRemoteOpenEvents":2,"udpRemoteWrittenBytes":134,"udpRemoteReadBytes":83,"fatalTunErrors":0,"unrecoveredTransitions":0}
1791167620.474 24006  9883 I XrayDeviceGate: XRAY_ANDROID_SAMPLE {"tunBackend":"file-descriptor","probeOnly":true,"runtimeRunning":true,"runtimeGeneration":1,"residentMemoryBytes":150593536,"threadCount":36,"processCpuMillis":60826,"elapsedRealtimeMillis":8083303,"activeConnections":0,"tunInboundPackets":23,"tunOutboundPackets":15,"tunDroppedPackets":0,"udpRemoteOpenEvents":2,"udpRemoteWrittenBytes":134,"udpRemoteReadBytes":83,"fatalTunErrors":0,"unrecoveredTransitions":0}
1791167624.090 23960  9971 W XrayDeviceProbe: XRAY_ANDROID_UDP_FAILURE queryTag=8aeb657e7ff2750a localPort=37429 errorCode=SocketTimeoutException
1791167624.092 23960  9971 I XrayDeviceProbe: XRAY_ANDROID_PROBE kind=udp result=failed errorCode=SocketTimeoutException elapsedSeconds=5
1791167627.112 24006 24006 I XrayDeviceGate: XRAY_ANDROID_LIFECYCLE state=connections-close-requested accepted=0
1791167627.115 24006 24006 I XrayDeviceGate: XRAY_ANDROID_SAMPLE {"tunBackend":"file-descriptor","probeOnly":true,"runtimeRunning":true,"runtimeGeneration":1,"residentMemoryBytes":150351872,"threadCount":36,"processCpuMillis":60953,"elapsedRealtimeMillis":8089945,"activeConnections":0,"tunInboundPackets":24,"tunOutboundPackets":15,"tunDroppedPackets":0,"udpRemoteOpenEvents":2,"udpRemoteWrittenBytes":134,"udpRemoteReadBytes":83,"fatalTunErrors":0,"unrecoveredTransitions":0}
1791167628.932 23960 23960 I XrayDeviceProbe: XRAY_ANDROID_PROBE state=stopped
1791167630.189 23960 23960 I XrayDeviceProbe: XRAY_ANDROID_PROBE state=counters-reset
1791167630.386 23960 23960 I XrayDeviceProbe: XRAY_ANDROID_PROBE state=started
1791167630.419 23960 10057 I XrayDeviceProbe: XRAY_ANDROID_PROBE kind=http result=passed sequence=1 elapsedSeconds=0
1791167630.478 24006  9883 I XrayDeviceGate: XRAY_ANDROID_SAMPLE {"tunBackend":"file-descriptor","probeOnly":true,"runtimeRunning":true,"runtimeGeneration":1,"residentMemoryBytes":150126592,"threadCount":36,"processCpuMillis":61027,"elapsedRealtimeMillis":8093307,"activeConnections":1,"tunInboundPackets":30,"tunOutboundPackets":20,"tunDroppedPackets":0,"udpRemoteOpenEvents":3,"udpRemoteWrittenBytes":201,"udpRemoteReadBytes":83,"fatalTunErrors":0,"unrecoveredTransitions":0}
1791167633.566 23960 10057 I XrayDeviceProbe: XRAY_ANDROID_PROBE kind=udp result=passed sequence=1 elapsedSeconds=3
1791167634.428 23960 23960 I XrayDeviceProbe: XRAY_ANDROID_PROBE state=stopped
1791167635.736 23960 23960 I XrayDeviceProbe: XRAY_ANDROID_PROBE state=stopped
1791167636.933 23960 23960 I XrayDeviceProbe: XRAY_ANDROID_PROBE state=counters-reset
1791167637.119 23960 23960 I XrayDeviceProbe: XRAY_ANDROID_PROBE state=started
1791167637.168 23960 10119 I XrayDeviceProbe: XRAY_ANDROID_PROBE kind=http result=passed sequence=1 elapsedSeconds=0
1791167637.383 24006 24006 I XrayDeviceGate: XRAY_ANDROID_LIFECYCLE state=stopped
1791167637.383 24006 24006 I XrayDeviceGate: XRAY_ANDROID_SAMPLE {"tunBackend":"file-descriptor","probeOnly":true,"runtimeRunning":false,"runtimeGeneration":1,"residentMemoryBytes":150790144,"threadCount":30,"processCpuMillis":61084,"elapsedRealtimeMillis":8100212,"activeConnections":0,"tunInboundPackets":30,"tunOutboundPackets":20,"tunDroppedPackets":0,"udpRemoteOpenEvents":3,"udpRemoteWrittenBytes":201,"udpRemoteReadBytes":83,"fatalTunErrors":0,"unrecoveredTransitions":0}
1791167642.180 23960 10119 W XrayDeviceProbe: XRAY_ANDROID_UDP_FAILURE queryTag=a33a71125063b4d5 localPort=51504 errorCode=SocketTimeoutException
1791167642.183 23960 10119 I XrayDeviceProbe: XRAY_ANDROID_PROBE kind=udp result=failed errorCode=SocketTimeoutException elapsedSeconds=5
1791167645.139 23960 23960 I XrayDeviceProbe: XRAY_ANDROID_PROBE state=stopped
1791167646.497 24006 10178 I XrayDeviceGate: XRAY_ANDROID_SAMPLE {"tunBackend":"file-descriptor","probeOnly":true,"runtimeRunning":false,"runtimeGeneration":1,"residentMemoryBytes":151216128,"threadCount":29,"processCpuMillis":61346,"elapsedRealtimeMillis":8109327,"activeConnections":0,"tunInboundPackets":0,"tunOutboundPackets":0,"tunDroppedPackets":0,"udpRemoteOpenEvents":0,"udpRemoteWrittenBytes":0,"udpRemoteReadBytes":0,"fatalTunErrors":0,"unrecoveredTransitions":0}
1791167646.560 24006 10180 I XrayDeviceGate: XRAY_ANDROID_LIFECYCLE state=running generation=2 tunBackend=file-descriptor
1791167646.564 24006 10180 I XrayDeviceGate: XRAY_ANDROID_SAMPLE {"tunBackend":"file-descriptor","probeOnly":true,"runtimeRunning":true,"runtimeGeneration":2,"residentMemoryBytes":148529152,"threadCount":36,"processCpuMillis":61438,"elapsedRealtimeMillis":8109394,"activeConnections":0,"tunInboundPackets":3,"tunOutboundPackets":0,"tunDroppedPackets":0,"udpRemoteOpenEvents":0,"udpRemoteWrittenBytes":0,"udpRemoteReadBytes":0,"fatalTunErrors":0,"unrecoveredTransitions":0}
1791167647.432 23960 23960 I XrayDeviceProbe: XRAY_ANDROID_PROBE state=counters-reset
1791167647.758 23960 23960 I XrayDeviceProbe: XRAY_ANDROID_PROBE state=started
1791167648.984 23960 10212 I XrayDeviceProbe: XRAY_ANDROID_PROBE kind=http result=passed sequence=1 elapsedSeconds=1
1791167652.097 23960 10212 I XrayDeviceProbe: XRAY_ANDROID_PROBE kind=udp result=passed sequence=1 elapsedSeconds=4
1791167652.514 23960 23960 I XrayDeviceProbe: XRAY_ANDROID_PROBE state=stopped
1791167653.915 24006 24006 I XrayDeviceGate: XRAY_ANDROID_LIFECYCLE state=stopped
1791167653.915 24006 24006 I XrayDeviceGate: XRAY_ANDROID_SAMPLE {"tunBackend":"file-descriptor","probeOnly":true,"runtimeRunning":false,"runtimeGeneration":2,"residentMemoryBytes":148328448,"threadCount":30,"processCpuMillis":61571,"elapsedRealtimeMillis":8116744,"activeConnections":0,"tunInboundPackets":3,"tunOutboundPackets":0,"tunDroppedPackets":0,"udpRemoteOpenEvents":0,"udpRemoteWrittenBytes":0,"udpRemoteReadBytes":0,"fatalTunErrors":0,"unrecoveredTransitions":0}
1791167654.196 23960 23960 I XrayDeviceProbe: XRAY_ANDROID_PROBE state=stopped
1791167655.513 24006 10277 I XrayDeviceGate: XRAY_ANDROID_SAMPLE {"tunBackend":"file-descriptor","probeOnly":false,"runtimeRunning":false,"runtimeGeneration":2,"residentMemoryBytes":148566016,"threadCount":29,"processCpuMillis":61714,"elapsedRealtimeMillis":8118342,"activeConnections":0,"tunInboundPackets":0,"tunOutboundPackets":0,"tunDroppedPackets":0,"udpRemoteOpenEvents":0,"udpRemoteWrittenBytes":0,"udpRemoteReadBytes":0,"fatalTunErrors":0,"unrecoveredTransitions":0}
1791167655.513 24006 24006 I XrayDeviceGate: XRAY_ANDROID_LIFECYCLE state=stopped
1791167655.513 24006 24006 I XrayDeviceGate: XRAY_ANDROID_SAMPLE {"tunBackend":"file-descriptor","probeOnly":false,"runtimeRunning":false,"runtimeGeneration":2,"residentMemoryBytes":148566016,"threadCount":29,"processCpuMillis":61714,"elapsedRealtimeMillis":8118342,"activeConnections":0,"tunInboundPackets":0,"tunOutboundPackets":0,"tunDroppedPackets":0,"udpRemoteOpenEvents":0,"udpRemoteWrittenBytes":0,"udpRemoteReadBytes":0,"fatalTunErrors":0,"unrecoveredTransitions":0}
1791167657.495 23960 23960 I XrayDeviceProbe: XRAY_ANDROID_PROBE state=stopped
1791167658.804 24006 10304 I XrayDeviceGate: XRAY_ANDROID_SAMPLE {"tunBackend":"file-descriptor","probeOnly":false,"runtimeRunning":false,"runtimeGeneration":2,"residentMemoryBytes":148754432,"threadCount":29,"processCpuMillis":61838,"elapsedRealtimeMillis":8121633,"activeConnections":0,"tunInboundPackets":0,"tunOutboundPackets":0,"tunDroppedPackets":0,"udpRemoteOpenEvents":0,"udpRemoteWrittenBytes":0,"udpRemoteReadBytes":0,"fatalTunErrors":0,"unrecoveredTransitions":0}
1791167658.804 24006 24006 I XrayDeviceGate: XRAY_ANDROID_LIFECYCLE state=stopped
1791167658.804 24006 24006 I XrayDeviceGate: XRAY_ANDROID_SAMPLE {"tunBackend":"file-descriptor","probeOnly":false,"runtimeRunning":false,"runtimeGeneration":2,"residentMemoryBytes":148754432,"threadCount":29,"processCpuMillis":61838,"elapsedRealtimeMillis":8121633,"activeConnections":0,"tunInboundPackets":0,"tunOutboundPackets":0,"tunDroppedPackets":0,"udpRemoteOpenEvents":0,"udpRemoteWrittenBytes":0,"udpRemoteReadBytes":0,"fatalTunErrors":0,"unrecoveredTransitions":0}
1791167659.042 24006 24006 I XrayDeviceGate: XRAY_ANDROID_LIFECYCLE state=counters-reset
1791167659.045 24006 10315 I XrayDeviceGate: XRAY_ANDROID_SAMPLE {"tunBackend":"file-descriptor","probeOnly":false,"runtimeRunning":false,"runtimeGeneration":0,"residentMemoryBytes":149028864,"threadCount":29,"processCpuMillis":61891,"elapsedRealtimeMillis":8121875,"activeConnections":0,"tunInboundPackets":0,"tunOutboundPackets":0,"tunDroppedPackets":0,"udpRemoteOpenEvents":0,"udpRemoteWrittenBytes":0,"udpRemoteReadBytes":0,"fatalTunErrors":0,"unrecoveredTransitions":0}
1791167660.299 24006 10340 I XrayDeviceGate: XRAY_ANDROID_SAMPLE {"tunBackend":"packet-pump","probeOnly":true,"runtimeRunning":false,"runtimeGeneration":0,"residentMemoryBytes":149057536,"threadCount":29,"processCpuMillis":61962,"elapsedRealtimeMillis":8123128,"activeConnections":0,"tunInboundPackets":0,"tunOutboundPackets":0,"tunDroppedPackets":0,"udpRemoteOpenEvents":0,"udpRemoteWrittenBytes":0,"udpRemoteReadBytes":0,"fatalTunErrors":0,"unrecoveredTransitions":0}
1791167660.355 24006 10341 I XrayDeviceGate: XRAY_ANDROID_LIFECYCLE state=running generation=1 tunBackend=packet-pump
1791167660.358 24006 10341 I XrayDeviceGate: XRAY_ANDROID_SAMPLE {"tunBackend":"packet-pump","probeOnly":true,"runtimeRunning":true,"runtimeGeneration":1,"residentMemoryBytes":150392832,"threadCount":38,"processCpuMillis":62018,"elapsedRealtimeMillis":8123188,"activeConnections":0,"tunInboundPackets":3,"tunOutboundPackets":0,"tunDroppedPackets":0,"udpRemoteOpenEvents":0,"udpRemoteWrittenBytes":0,"udpRemoteReadBytes":0,"fatalTunErrors":0,"unrecoveredTransitions":0}
1791167661.176 23960 23960 I XrayDeviceProbe: XRAY_ANDROID_PROBE state=stopped
1791167662.413 23960 23960 I XrayDeviceProbe: XRAY_ANDROID_PROBE state=counters-reset
1791167662.611 23960 23960 I XrayDeviceProbe: XRAY_ANDROID_PROBE state=started
1791167662.645 23960 10383 I XrayDeviceProbe: XRAY_ANDROID_PROBE kind=http result=passed sequence=1 elapsedSeconds=0
1791167665.666 23960 10383 I XrayDeviceProbe: XRAY_ANDROID_PROBE kind=udp result=passed sequence=1 elapsedSeconds=3
1791167666.075 23960 23960 I XrayDeviceProbe: XRAY_ANDROID_PROBE state=stopped
1791167667.291 23960 23960 I XrayDeviceProbe: XRAY_ANDROID_PROBE state=stopped
1791167668.489 23960 23960 I XrayDeviceProbe: XRAY_ANDROID_PROBE state=counters-reset
1791167668.678 23960 23960 I XrayDeviceProbe: XRAY_ANDROID_PROBE state=started
1791167668.984 23960 10429 I XrayDeviceProbe: XRAY_ANDROID_PROBE kind=http result=passed sequence=1 elapsedSeconds=0
1791167669.176 24006 24006 I XrayDeviceGate: XRAY_ANDROID_LIFECYCLE state=connections-close-requested accepted=2
1791167669.181 24006 24006 I XrayDeviceGate: XRAY_ANDROID_SAMPLE {"tunBackend":"packet-pump","probeOnly":true,"runtimeRunning":true,"runtimeGeneration":1,"residentMemoryBytes":150642688,"threadCount":38,"processCpuMillis":62175,"elapsedRealtimeMillis":8132010,"activeConnections":0,"tunInboundPackets":22,"tunOutboundPackets":15,"tunDroppedPackets":0,"udpRemoteOpenEvents":2,"udpRemoteWrittenBytes":134,"udpRemoteReadBytes":83,"fatalTunErrors":0,"unrecoveredTransitions":0}
1791167670.303 24006 10340 I XrayDeviceGate: XRAY_ANDROID_SAMPLE {"tunBackend":"packet-pump","probeOnly":true,"runtimeRunning":true,"runtimeGeneration":1,"residentMemoryBytes":151027712,"threadCount":38,"processCpuMillis":62239,"elapsedRealtimeMillis":8133133,"activeConnections":0,"tunInboundPackets":22,"tunOutboundPackets":15,"tunDroppedPackets":0,"udpRemoteOpenEvents":2,"udpRemoteWrittenBytes":134,"udpRemoteReadBytes":83,"fatalTunErrors":0,"unrecoveredTransitions":0}
1791167673.995 23960 10429 W XrayDeviceProbe: XRAY_ANDROID_UDP_FAILURE queryTag=5e98e0c427340239 localPort=36366 errorCode=SocketTimeoutException
1791167673.998 23960 10429 I XrayDeviceProbe: XRAY_ANDROID_PROBE kind=udp result=failed errorCode=SocketTimeoutException elapsedSeconds=5
1791167677.518 24006 24006 I XrayDeviceGate: XRAY_ANDROID_LIFECYCLE state=connections-close-requested accepted=0
1791167677.521 24006 24006 I XrayDeviceGate: XRAY_ANDROID_SAMPLE {"tunBackend":"packet-pump","probeOnly":true,"runtimeRunning":true,"runtimeGeneration":1,"residentMemoryBytes":151007232,"threadCount":38,"processCpuMillis":62440,"elapsedRealtimeMillis":8140351,"activeConnections":0,"tunInboundPackets":23,"tunOutboundPackets":15,"tunDroppedPackets":0,"udpRemoteOpenEvents":2,"udpRemoteWrittenBytes":134,"udpRemoteReadBytes":83,"fatalTunErrors":0,"unrecoveredTransitions":0}
1791167679.374 23960 23960 I XrayDeviceProbe: XRAY_ANDROID_PROBE state=stopped
1791167680.308 24006 10340 I XrayDeviceGate: XRAY_ANDROID_SAMPLE {"tunBackend":"packet-pump","probeOnly":true,"runtimeRunning":true,"runtimeGeneration":1,"residentMemoryBytes":150917120,"threadCount":38,"processCpuMillis":62515,"elapsedRealtimeMillis":8143137,"activeConnections":0,"tunInboundPackets":23,"tunOutboundPackets":15,"tunDroppedPackets":0,"udpRemoteOpenEvents":2,"udpRemoteWrittenBytes":134,"udpRemoteReadBytes":83,"fatalTunErrors":0,"unrecoveredTransitions":0}
1791167680.637 23960 23960 I XrayDeviceProbe: XRAY_ANDROID_PROBE state=counters-reset
1791167680.825 23960 23960 I XrayDeviceProbe: XRAY_ANDROID_PROBE state=started
1791167680.928 23960 10505 I XrayDeviceProbe: XRAY_ANDROID_PROBE kind=http result=passed sequence=1 elapsedSeconds=0
1791167683.952 23960 10505 I XrayDeviceProbe: XRAY_ANDROID_PROBE kind=udp result=passed sequence=1 elapsedSeconds=3
1791167684.908 23960 23960 I XrayDeviceProbe: XRAY_ANDROID_PROBE state=stopped
1791167686.217 23960 23960 I XrayDeviceProbe: XRAY_ANDROID_PROBE state=stopped
1791167687.417 23960 23960 I XrayDeviceProbe: XRAY_ANDROID_PROBE state=counters-reset
1791167687.613 23960 23960 I XrayDeviceProbe: XRAY_ANDROID_PROBE state=started
1791167687.695 23960 10555 I XrayDeviceProbe: XRAY_ANDROID_PROBE kind=http result=passed sequence=1 elapsedSeconds=0
1791167687.955 24006 24006 I XrayDeviceGate: XRAY_ANDROID_SAMPLE {"tunBackend":"packet-pump","probeOnly":true,"runtimeRunning":false,"runtimeGeneration":1,"residentMemoryBytes":151179264,"threadCount":31,"processCpuMillis":62615,"elapsedRealtimeMillis":8150785,"activeConnections":0,"tunInboundPackets":23,"tunOutboundPackets":15,"tunDroppedPackets":0,"udpRemoteOpenEvents":2,"udpRemoteWrittenBytes":134,"udpRemoteReadBytes":83,"fatalTunErrors":0,"unrecoveredTransitions":0}
1791167687.956 24006 24006 I XrayDeviceGate: XRAY_ANDROID_LIFECYCLE state=stopped
1791167692.706 23960 10555 W XrayDeviceProbe: XRAY_ANDROID_UDP_FAILURE queryTag=7e20852ca9e7f820 localPort=45851 errorCode=SocketTimeoutException
1791167692.709 23960 10555 I XrayDeviceProbe: XRAY_ANDROID_PROBE kind=udp result=failed errorCode=SocketTimeoutException elapsedSeconds=5
1791167695.633 23960 23960 I XrayDeviceProbe: XRAY_ANDROID_PROBE state=stopped
1791167696.960 24006 10614 I XrayDeviceGate: XRAY_ANDROID_SAMPLE {"tunBackend":"packet-pump","probeOnly":true,"runtimeRunning":false,"runtimeGeneration":1,"residentMemoryBytes":151171072,"threadCount":29,"processCpuMillis":62866,"elapsedRealtimeMillis":8159790,"activeConnections":0,"tunInboundPackets":0,"tunOutboundPackets":0,"tunDroppedPackets":0,"udpRemoteOpenEvents":0,"udpRemoteWrittenBytes":0,"udpRemoteReadBytes":0,"fatalTunErrors":0,"unrecoveredTransitions":0}
1791167697.032 24006 10616 I XrayDeviceGate: XRAY_ANDROID_LIFECYCLE state=running generation=2 tunBackend=packet-pump
1791167697.040 24006 10616 I XrayDeviceGate: XRAY_ANDROID_SAMPLE {"tunBackend":"packet-pump","probeOnly":true,"runtimeRunning":true,"runtimeGeneration":2,"residentMemoryBytes":146960384,"threadCount":38,"processCpuMillis":62979,"elapsedRealtimeMillis":8159869,"activeConnections":0,"tunInboundPackets":3,"tunOutboundPackets":0,"tunDroppedPackets":0,"udpRemoteOpenEvents":0,"udpRemoteWrittenBytes":0,"udpRemoteReadBytes":0,"fatalTunErrors":0,"unrecoveredTransitions":0}
1791167697.883 23960 23960 I XrayDeviceProbe: XRAY_ANDROID_PROBE state=counters-reset
1791167698.131 23960 23960 I XrayDeviceProbe: XRAY_ANDROID_PROBE state=started
1791167698.292 23960 10650 I XrayDeviceProbe: XRAY_ANDROID_PROBE kind=http result=passed sequence=1 elapsedSeconds=0
1791167701.352 23960 10650 I XrayDeviceProbe: XRAY_ANDROID_PROBE kind=udp result=passed sequence=1 elapsedSeconds=3
1791167702.199 23960 23960 I XrayDeviceProbe: XRAY_ANDROID_PROBE state=stopped
1791167703.773 24006 24006 I XrayDeviceGate: XRAY_ANDROID_LIFECYCLE state=stopped
1791167703.773 24006 24006 I XrayDeviceGate: XRAY_ANDROID_SAMPLE {"tunBackend":"packet-pump","probeOnly":true,"runtimeRunning":false,"runtimeGeneration":2,"residentMemoryBytes":147251200,"threadCount":30,"processCpuMillis":63131,"elapsedRealtimeMillis":8166602,"activeConnections":0,"tunInboundPackets":3,"tunOutboundPackets":0,"tunDroppedPackets":0,"udpRemoteOpenEvents":0,"udpRemoteWrittenBytes":0,"udpRemoteReadBytes":0,"fatalTunErrors":0,"unrecoveredTransitions":0}
1791167704.491 23960 23960 I XrayDeviceProbe: XRAY_ANDROID_PROBE state=stopped
1791167705.818 24006 24006 I XrayDeviceGate: XRAY_ANDROID_LIFECYCLE state=stopped
1791167705.818 24006 24006 I XrayDeviceGate: XRAY_ANDROID_SAMPLE {"tunBackend":"file-descriptor","probeOnly":false,"runtimeRunning":false,"runtimeGeneration":2,"residentMemoryBytes":146669568,"threadCount":29,"processCpuMillis":63267,"elapsedRealtimeMillis":8168647,"activeConnections":0,"tunInboundPackets":0,"tunOutboundPackets":0,"tunDroppedPackets":0,"udpRemoteOpenEvents":0,"udpRemoteWrittenBytes":0,"udpRemoteReadBytes":0,"fatalTunErrors":0,"unrecoveredTransitions":0}
1791167705.820 24006 10714 I XrayDeviceGate: XRAY_ANDROID_SAMPLE {"tunBackend":"file-descriptor","probeOnly":false,"runtimeRunning":false,"runtimeGeneration":2,"residentMemoryBytes":146669568,"threadCount":29,"processCpuMillis":63271,"elapsedRealtimeMillis":8168649,"activeConnections":0,"tunInboundPackets":0,"tunOutboundPackets":0,"tunDroppedPackets":0,"udpRemoteOpenEvents":0,"udpRemoteWrittenBytes":0,"udpRemoteReadBytes":0,"fatalTunErrors":0,"unrecoveredTransitions":0}
1791167707.881 23960 23960 I XrayDeviceProbe: XRAY_ANDROID_PROBE state=stopped
1791167709.187 24006 10746 I XrayDeviceGate: XRAY_ANDROID_SAMPLE {"tunBackend":"file-descriptor","probeOnly":false,"runtimeRunning":false,"runtimeGeneration":2,"residentMemoryBytes":146886656,"threadCount":29,"processCpuMillis":63402,"elapsedRealtimeMillis":8172017,"activeConnections":0,"tunInboundPackets":0,"tunOutboundPackets":0,"tunDroppedPackets":0,"udpRemoteOpenEvents":0,"udpRemoteWrittenBytes":0,"udpRemoteReadBytes":0,"fatalTunErrors":0,"unrecoveredTransitions":0}
1791167709.187 24006 24006 I XrayDeviceGate: XRAY_ANDROID_LIFECYCLE state=stopped
1791167709.187 24006 24006 I XrayDeviceGate: XRAY_ANDROID_SAMPLE {"tunBackend":"file-descriptor","probeOnly":false,"runtimeRunning":false,"runtimeGeneration":2,"residentMemoryBytes":146886656,"threadCount":29,"processCpuMillis":63402,"elapsedRealtimeMillis":8172017,"activeConnections":0,"tunInboundPackets":0,"tunOutboundPackets":0,"tunDroppedPackets":0,"udpRemoteOpenEvents":0,"udpRemoteWrittenBytes":0,"udpRemoteReadBytes":0,"fatalTunErrors":0,"unrecoveredTransitions":0}
1791167709.407 24006 10756 I XrayDeviceGate: XRAY_ANDROID_SAMPLE {"tunBackend":"file-descriptor","probeOnly":false,"runtimeRunning":false,"runtimeGeneration":2,"residentMemoryBytes":147169280,"threadCount":29,"processCpuMillis":63451,"elapsedRealtimeMillis":8172236,"activeConnections":0,"tunInboundPackets":0,"tunOutboundPackets":0,"tunDroppedPackets":0,"udpRemoteOpenEvents":0,"udpRemoteWrittenBytes":0,"udpRemoteReadBytes":0,"fatalTunErrors":0,"unrecoveredTransitions":0}
1791167709.408 24006 24006 I XrayDeviceGate: XRAY_ANDROID_LIFECYCLE state=counters-reset
1791167710.637 24006 10780 I XrayDeviceGate: XRAY_ANDROID_SAMPLE {"tunBackend":"file-descriptor","probeOnly":true,"runtimeRunning":false,"runtimeGeneration":0,"residentMemoryBytes":147181568,"threadCount":29,"processCpuMillis":63519,"elapsedRealtimeMillis":8173466,"activeConnections":0,"tunInboundPackets":0,"tunOutboundPackets":0,"tunDroppedPackets":0,"udpRemoteOpenEvents":0,"udpRemoteWrittenBytes":0,"udpRemoteReadBytes":0,"fatalTunErrors":0,"unrecoveredTransitions":0}
1791167710.692 24006 10781 I XrayDeviceGate: XRAY_ANDROID_LIFECYCLE state=running generation=1 tunBackend=file-descriptor
1791167710.696 24006 10781 I XrayDeviceGate: XRAY_ANDROID_SAMPLE {"tunBackend":"file-descriptor","probeOnly":true,"runtimeRunning":true,"runtimeGeneration":1,"residentMemoryBytes":148533248,"threadCount":36,"processCpuMillis":63571,"elapsedRealtimeMillis":8173526,"activeConnections":0,"tunInboundPackets":4,"tunOutboundPackets":0,"tunDroppedPackets":0,"udpRemoteOpenEvents":0,"udpRemoteWrittenBytes":0,"udpRemoteReadBytes":0,"fatalTunErrors":0,"unrecoveredTransitions":0}
1791167711.530 23960 23960 I XrayDeviceProbe: XRAY_ANDROID_PROBE state=stopped
1791167712.761 23960 23960 I XrayDeviceProbe: XRAY_ANDROID_PROBE state=counters-reset
1791167712.951 23960 23960 I XrayDeviceProbe: XRAY_ANDROID_PROBE state=started
1791167713.174 23960 10818 I XrayDeviceProbe: XRAY_ANDROID_PROBE kind=http result=passed sequence=1 elapsedSeconds=0
1791167716.303 23960 10818 I XrayDeviceProbe: XRAY_ANDROID_PROBE kind=udp result=passed sequence=1 elapsedSeconds=3
1791167716.662 23960 23960 I XrayDeviceProbe: XRAY_ANDROID_PROBE state=stopped
1791167717.875 23960 23960 I XrayDeviceProbe: XRAY_ANDROID_PROBE state=stopped
1791167719.078 23960 23960 I XrayDeviceProbe: XRAY_ANDROID_PROBE state=counters-reset
1791167719.267 23960 23960 I XrayDeviceProbe: XRAY_ANDROID_PROBE state=started
1791167719.577 23960 10864 I XrayDeviceProbe: XRAY_ANDROID_PROBE kind=http result=passed sequence=1 elapsedSeconds=0
1791167719.767 24006 24006 I XrayDeviceGate: XRAY_ANDROID_LIFECYCLE state=connections-close-requested accepted=2
1791167719.772 24006 24006 I XrayDeviceGate: XRAY_ANDROID_SAMPLE {"tunBackend":"file-descriptor","probeOnly":true,"runtimeRunning":true,"runtimeGeneration":1,"residentMemoryBytes":148951040,"threadCount":36,"processCpuMillis":63682,"elapsedRealtimeMillis":8182601,"activeConnections":0,"tunInboundPackets":22,"tunOutboundPackets":15,"tunDroppedPackets":0,"udpRemoteOpenEvents":2,"udpRemoteWrittenBytes":134,"udpRemoteReadBytes":83,"fatalTunErrors":0,"unrecoveredTransitions":0}
1791167720.640 24006 10780 I XrayDeviceGate: XRAY_ANDROID_SAMPLE {"tunBackend":"file-descriptor","probeOnly":true,"runtimeRunning":true,"runtimeGeneration":1,"residentMemoryBytes":148938752,"threadCount":36,"processCpuMillis":63731,"elapsedRealtimeMillis":8183470,"activeConnections":0,"tunInboundPackets":22,"tunOutboundPackets":15,"tunDroppedPackets":0,"udpRemoteOpenEvents":2,"udpRemoteWrittenBytes":134,"udpRemoteReadBytes":83,"fatalTunErrors":0,"unrecoveredTransitions":0}
1791167724.584 23960 10864 W XrayDeviceProbe: XRAY_ANDROID_UDP_FAILURE queryTag=b59041b208430fa5 localPort=39767 errorCode=SocketTimeoutException
1791167724.586 23960 10864 I XrayDeviceProbe: XRAY_ANDROID_PROBE kind=udp result=failed errorCode=SocketTimeoutException elapsedSeconds=5
1791167727.307 24006 24006 I XrayDeviceGate: XRAY_ANDROID_LIFECYCLE state=connections-close-requested accepted=0
1791167727.310 24006 24006 I XrayDeviceGate: XRAY_ANDROID_SAMPLE {"tunBackend":"file-descriptor","probeOnly":true,"runtimeRunning":true,"runtimeGeneration":1,"residentMemoryBytes":149237760,"threadCount":36,"processCpuMillis":63865,"elapsedRealtimeMillis":8190140,"activeConnections":0,"tunInboundPackets":23,"tunOutboundPackets":15,"tunDroppedPackets":0,"udpRemoteOpenEvents":2,"udpRemoteWrittenBytes":134,"udpRemoteReadBytes":83,"fatalTunErrors":0,"unrecoveredTransitions":0}
1791167729.178 23960 23960 I XrayDeviceProbe: XRAY_ANDROID_PROBE state=stopped
1791167730.442 23960 23960 I XrayDeviceProbe: XRAY_ANDROID_PROBE state=counters-reset
1791167730.647 24006 10780 I XrayDeviceGate: XRAY_ANDROID_SAMPLE {"tunBackend":"file-descriptor","probeOnly":true,"runtimeRunning":true,"runtimeGeneration":1,"residentMemoryBytes":148602880,"threadCount":36,"processCpuMillis":63931,"elapsedRealtimeMillis":8193476,"activeConnections":0,"tunInboundPackets":23,"tunOutboundPackets":15,"tunDroppedPackets":0,"udpRemoteOpenEvents":2,"udpRemoteWrittenBytes":134,"udpRemoteReadBytes":83,"fatalTunErrors":0,"unrecoveredTransitions":0}
1791167730.662 23960 23960 I XrayDeviceProbe: XRAY_ANDROID_PROBE state=started
1791167730.852 23960 10937 I XrayDeviceProbe: XRAY_ANDROID_PROBE kind=http result=passed sequence=1 elapsedSeconds=0
1791167733.917 23960 10937 I XrayDeviceProbe: XRAY_ANDROID_PROBE kind=udp result=passed sequence=1 elapsedSeconds=3
1791167734.756 23960 23960 I XrayDeviceProbe: XRAY_ANDROID_PROBE state=stopped
1791167736.057 23960 23960 I XrayDeviceProbe: XRAY_ANDROID_PROBE state=stopped
1791167737.250 23960 23960 I XrayDeviceProbe: XRAY_ANDROID_PROBE state=counters-reset
1791167737.439 23960 23960 I XrayDeviceProbe: XRAY_ANDROID_PROBE state=started
1791167740.515 23960 10986 I XrayDeviceProbe: XRAY_ANDROID_PROBE kind=http result=passed sequence=1 elapsedSeconds=3
1791167740.655 24006 10780 I XrayDeviceGate: XRAY_ANDROID_SAMPLE {"tunBackend":"file-descriptor","probeOnly":true,"runtimeRunning":true,"runtimeGeneration":1,"residentMemoryBytes":148791296,"threadCount":36,"processCpuMillis":63968,"elapsedRealtimeMillis":8203484,"activeConnections":2,"tunInboundPackets":36,"tunOutboundPackets":26,"tunDroppedPackets":0,"udpRemoteOpenEvents":4,"udpRemoteWrittenBytes":268,"udpRemoteReadBytes":166,"fatalTunErrors":0,"unrecoveredTransitions":0}
1791167740.823 24006 24006 I XrayDeviceGate: XRAY_ANDROID_LIFECYCLE state=stopped
1791167740.823 24006 24006 I XrayDeviceGate: XRAY_ANDROID_SAMPLE {"tunBackend":"file-descriptor","probeOnly":true,"runtimeRunning":false,"runtimeGeneration":1,"residentMemoryBytes":149426176,"threadCount":29,"processCpuMillis":64013,"elapsedRealtimeMillis":8203652,"activeConnections":0,"tunInboundPackets":36,"tunOutboundPackets":26,"tunDroppedPackets":0,"udpRemoteOpenEvents":4,"udpRemoteWrittenBytes":268,"udpRemoteReadBytes":166,"fatalTunErrors":0,"unrecoveredTransitions":0}
1791167745.526 23960 10986 W XrayDeviceProbe: XRAY_ANDROID_UDP_FAILURE queryTag=e5cefa5660403784 localPort=49431 errorCode=SocketTimeoutException
1791167745.529 23960 10986 I XrayDeviceProbe: XRAY_ANDROID_PROBE kind=udp result=failed errorCode=SocketTimeoutException elapsedSeconds=8
1791167748.383 23960 23960 I XrayDeviceProbe: XRAY_ANDROID_PROBE state=stopped
1791167749.740 24006 11050 I XrayDeviceGate: XRAY_ANDROID_SAMPLE {"tunBackend":"file-descriptor","probeOnly":true,"runtimeRunning":false,"runtimeGeneration":1,"residentMemoryBytes":149831680,"threadCount":29,"processCpuMillis":64279,"elapsedRealtimeMillis":8212569,"activeConnections":0,"tunInboundPackets":0,"tunOutboundPackets":0,"tunDroppedPackets":0,"udpRemoteOpenEvents":0,"udpRemoteWrittenBytes":0,"udpRemoteReadBytes":0,"fatalTunErrors":0,"unrecoveredTransitions":0}
1791167749.825 24006 11052 I XrayDeviceGate: XRAY_ANDROID_LIFECYCLE state=running generation=2 tunBackend=file-descriptor
1791167749.829 24006 11052 I XrayDeviceGate: XRAY_ANDROID_SAMPLE {"tunBackend":"file-descriptor","probeOnly":true,"runtimeRunning":true,"runtimeGeneration":2,"residentMemoryBytes":147980288,"threadCount":36,"processCpuMillis":64373,"elapsedRealtimeMillis":8212658,"activeConnections":0,"tunInboundPackets":3,"tunOutboundPackets":0,"tunDroppedPackets":0,"udpRemoteOpenEvents":0,"udpRemoteWrittenBytes":0,"udpRemoteReadBytes":0,"fatalTunErrors":0,"unrecoveredTransitions":0}
1791167750.672 23960 23960 I XrayDeviceProbe: XRAY_ANDROID_PROBE state=counters-reset
1791167750.994 23960 23960 I XrayDeviceProbe: XRAY_ANDROID_PROBE state=started
1791167751.077 23960 11084 I XrayDeviceProbe: XRAY_ANDROID_PROBE kind=http result=passed sequence=1 elapsedSeconds=0
1791167754.298 23960 11084 I XrayDeviceProbe: XRAY_ANDROID_PROBE kind=udp result=passed sequence=1 elapsedSeconds=3
1791167755.082 23960 23960 I XrayDeviceProbe: XRAY_ANDROID_PROBE state=stopped
1791167756.478 24006 24006 I XrayDeviceGate: XRAY_ANDROID_LIFECYCLE state=stopped
1791167756.478 24006 24006 I XrayDeviceGate: XRAY_ANDROID_SAMPLE {"tunBackend":"file-descriptor","probeOnly":true,"runtimeRunning":false,"runtimeGeneration":2,"residentMemoryBytes":148258816,"threadCount":30,"processCpuMillis":64503,"elapsedRealtimeMillis":8219307,"activeConnections":0,"tunInboundPackets":3,"tunOutboundPackets":0,"tunDroppedPackets":0,"udpRemoteOpenEvents":0,"udpRemoteWrittenBytes":0,"udpRemoteReadBytes":0,"fatalTunErrors":0,"unrecoveredTransitions":0}
1791167756.757 23960 23960 I XrayDeviceProbe: XRAY_ANDROID_PROBE state=stopped
1791167758.070 24006 11152 I XrayDeviceGate: XRAY_ANDROID_SAMPLE {"tunBackend":"file-descriptor","probeOnly":false,"runtimeRunning":false,"runtimeGeneration":2,"residentMemoryBytes":148512768,"threadCount":29,"processCpuMillis":64641,"elapsedRealtimeMillis":8220900,"activeConnections":0,"tunInboundPackets":0,"tunOutboundPackets":0,"tunDroppedPackets":0,"udpRemoteOpenEvents":0,"udpRemoteWrittenBytes":0,"udpRemoteReadBytes":0,"fatalTunErrors":0,"unrecoveredTransitions":0}
1791167758.072 24006 24006 I XrayDeviceGate: XRAY_ANDROID_LIFECYCLE state=stopped
1791167758.072 24006 24006 I XrayDeviceGate: XRAY_ANDROID_SAMPLE {"tunBackend":"file-descriptor","probeOnly":false,"runtimeRunning":false,"runtimeGeneration":2,"residentMemoryBytes":148512768,"threadCount":29,"processCpuMillis":64644,"elapsedRealtimeMillis":8220902,"activeConnections":0,"tunInboundPackets":0,"tunOutboundPackets":0,"tunDroppedPackets":0,"udpRemoteOpenEvents":0,"udpRemoteWrittenBytes":0,"udpRemoteReadBytes":0,"fatalTunErrors":0,"unrecoveredTransitions":0}
1791167760.052 23960 23960 I XrayDeviceProbe: XRAY_ANDROID_PROBE state=stopped
1791167761.348 24006 11179 I XrayDeviceGate: XRAY_ANDROID_SAMPLE {"tunBackend":"file-descriptor","probeOnly":false,"runtimeRunning":false,"runtimeGeneration":2,"residentMemoryBytes":149028864,"threadCount":29,"processCpuMillis":64764,"elapsedRealtimeMillis":8224177,"activeConnections":0,"tunInboundPackets":0,"tunOutboundPackets":0,"tunDroppedPackets":0,"udpRemoteOpenEvents":0,"udpRemoteWrittenBytes":0,"udpRemoteReadBytes":0,"fatalTunErrors":0,"unrecoveredTransitions":0}
1791167761.348 24006 24006 I XrayDeviceGate: XRAY_ANDROID_LIFECYCLE state=stopped
1791167761.348 24006 24006 I XrayDeviceGate: XRAY_ANDROID_SAMPLE {"tunBackend":"file-descriptor","probeOnly":false,"runtimeRunning":false,"runtimeGeneration":2,"residentMemoryBytes":149028864,"threadCount":29,"processCpuMillis":64764,"elapsedRealtimeMillis":8224177,"activeConnections":0,"tunInboundPackets":0,"tunOutboundPackets":0,"tunDroppedPackets":0,"udpRemoteOpenEvents":0,"udpRemoteWrittenBytes":0,"udpRemoteReadBytes":0,"fatalTunErrors":0,"unrecoveredTransitions":0}
1791167761.562 24006 11189 I XrayDeviceGate: XRAY_ANDROID_SAMPLE {"tunBackend":"file-descriptor","probeOnly":false,"runtimeRunning":false,"runtimeGeneration":2,"residentMemoryBytes":149303296,"threadCount":29,"processCpuMillis":64808,"elapsedRealtimeMillis":8224391,"activeConnections":0,"tunInboundPackets":0,"tunOutboundPackets":0,"tunDroppedPackets":0,"udpRemoteOpenEvents":0,"udpRemoteWrittenBytes":0,"udpRemoteReadBytes":0,"fatalTunErrors":0,"unrecoveredTransitions":0}
1791167761.562 24006 24006 I XrayDeviceGate: XRAY_ANDROID_LIFECYCLE state=counters-reset
1791167762.803 24006 11213 I XrayDeviceGate: XRAY_ANDROID_SAMPLE {"tunBackend":"packet-pump","probeOnly":true,"runtimeRunning":false,"runtimeGeneration":0,"residentMemoryBytes":148688896,"threadCount":29,"processCpuMillis":64879,"elapsedRealtimeMillis":8225632,"activeConnections":0,"tunInboundPackets":0,"tunOutboundPackets":0,"tunDroppedPackets":0,"udpRemoteOpenEvents":0,"udpRemoteWrittenBytes":0,"udpRemoteReadBytes":0,"fatalTunErrors":0,"unrecoveredTransitions":0}
1791167762.853 24006 11215 I XrayDeviceGate: XRAY_ANDROID_LIFECYCLE state=running generation=1 tunBackend=packet-pump
1791167762.858 24006 11215 I XrayDeviceGate: XRAY_ANDROID_SAMPLE {"tunBackend":"packet-pump","probeOnly":true,"runtimeRunning":true,"runtimeGeneration":1,"residentMemoryBytes":150020096,"threadCount":38,"processCpuMillis":64931,"elapsedRealtimeMillis":8225687,"activeConnections":0,"tunInboundPackets":3,"tunOutboundPackets":0,"tunDroppedPackets":0,"udpRemoteOpenEvents":0,"udpRemoteWrittenBytes":0,"udpRemoteReadBytes":0,"fatalTunErrors":0,"unrecoveredTransitions":0}
1791167763.691 23960 23960 I XrayDeviceProbe: XRAY_ANDROID_PROBE state=stopped
1791167764.940 23960 23960 I XrayDeviceProbe: XRAY_ANDROID_PROBE state=counters-reset
1791167765.130 23960 23960 I XrayDeviceProbe: XRAY_ANDROID_PROBE state=started
1791167765.305 23960 11255 I XrayDeviceProbe: XRAY_ANDROID_PROBE kind=http result=passed sequence=1 elapsedSeconds=0
1791167768.427 23960 11255 I XrayDeviceProbe: XRAY_ANDROID_PROBE kind=udp result=passed sequence=1 elapsedSeconds=3
1791167768.804 23960 23960 I XrayDeviceProbe: XRAY_ANDROID_PROBE state=stopped
1791167770.012 23960 23960 I XrayDeviceProbe: XRAY_ANDROID_PROBE state=stopped
1791167771.215 23960 23960 I XrayDeviceProbe: XRAY_ANDROID_PROBE state=counters-reset
1791167771.410 23960 23960 I XrayDeviceProbe: XRAY_ANDROID_PROBE state=started
1791167771.445 23960 11307 I XrayDeviceProbe: XRAY_ANDROID_PROBE kind=http result=passed sequence=1 elapsedSeconds=0
1791167771.619 24006 24006 I XrayDeviceGate: XRAY_ANDROID_LIFECYCLE state=connections-close-requested accepted=2
1791167771.624 24006 24006 I XrayDeviceGate: XRAY_ANDROID_SAMPLE {"tunBackend":"packet-pump","probeOnly":true,"runtimeRunning":true,"runtimeGeneration":1,"residentMemoryBytes":150511616,"threadCount":38,"processCpuMillis":65088,"elapsedRealtimeMillis":8234454,"activeConnections":2,"tunInboundPackets":23,"tunOutboundPackets":14,"tunDroppedPackets":0,"udpRemoteOpenEvents":2,"udpRemoteWrittenBytes":134,"udpRemoteReadBytes":83,"fatalTunErrors":0,"unrecoveredTransitions":0}
1791167772.806 24006 11213 I XrayDeviceGate: XRAY_ANDROID_SAMPLE {"tunBackend":"packet-pump","probeOnly":true,"runtimeRunning":true,"runtimeGeneration":1,"residentMemoryBytes":150761472,"threadCount":38,"processCpuMillis":65153,"elapsedRealtimeMillis":8235635,"activeConnections":0,"tunInboundPackets":23,"tunOutboundPackets":14,"tunDroppedPackets":0,"udpRemoteOpenEvents":2,"udpRemoteWrittenBytes":134,"udpRemoteReadBytes":83,"fatalTunErrors":0,"unrecoveredTransitions":0}
1791167776.455 23960 11307 W XrayDeviceProbe: XRAY_ANDROID_UDP_FAILURE queryTag=e3b671fbafef2bfe localPort=45686 errorCode=SocketTimeoutException
1791167776.457 23960 11307 I XrayDeviceProbe: XRAY_ANDROID_PROBE kind=udp result=failed errorCode=SocketTimeoutException elapsedSeconds=5
1791167779.149 24006 24006 I XrayDeviceGate: XRAY_ANDROID_LIFECYCLE state=connections-close-requested accepted=0
1791167779.152 24006 24006 I XrayDeviceGate: XRAY_ANDROID_SAMPLE {"tunBackend":"packet-pump","probeOnly":true,"runtimeRunning":true,"runtimeGeneration":1,"residentMemoryBytes":150814720,"threadCount":38,"processCpuMillis":65306,"elapsedRealtimeMillis":8241981,"activeConnections":0,"tunInboundPackets":24,"tunOutboundPackets":14,"tunDroppedPackets":0,"udpRemoteOpenEvents":2,"udpRemoteWrittenBytes":134,"udpRemoteReadBytes":83,"fatalTunErrors":0,"unrecoveredTransitions":0}
1791167780.966 23960 23960 I XrayDeviceProbe: XRAY_ANDROID_PROBE state=stopped
1791167782.237 23960 23960 I XrayDeviceProbe: XRAY_ANDROID_PROBE state=counters-reset
1791167782.434 23960 23960 I XrayDeviceProbe: XRAY_ANDROID_PROBE state=started
1791167782.469 23960 11379 I XrayDeviceProbe: XRAY_ANDROID_PROBE kind=http result=passed sequence=1 elapsedSeconds=0
1791167782.810 24006 11213 I XrayDeviceGate: XRAY_ANDROID_SAMPLE {"tunBackend":"packet-pump","probeOnly":true,"runtimeRunning":true,"runtimeGeneration":1,"residentMemoryBytes":150138880,"threadCount":38,"processCpuMillis":65394,"elapsedRealtimeMillis":8245639,"activeConnections":1,"tunInboundPackets":30,"tunOutboundPackets":19,"tunDroppedPackets":0,"udpRemoteOpenEvents":3,"udpRemoteWrittenBytes":201,"udpRemoteReadBytes":83,"fatalTunErrors":0,"unrecoveredTransitions":0}
1791167785.629 23960 11379 I XrayDeviceProbe: XRAY_ANDROID_PROBE kind=udp result=passed sequence=1 elapsedSeconds=3
1791167786.509 23960 23960 I XrayDeviceProbe: XRAY_ANDROID_PROBE state=stopped
1791167787.827 23960 23960 I XrayDeviceProbe: XRAY_ANDROID_PROBE state=stopped
1791167789.025 23960 23960 I XrayDeviceProbe: XRAY_ANDROID_PROBE state=counters-reset
1791167789.214 23960 23960 I XrayDeviceProbe: XRAY_ANDROID_PROBE state=started
1791167789.249 23960 11433 I XrayDeviceProbe: XRAY_ANDROID_PROBE kind=http result=passed sequence=1 elapsedSeconds=0
1791167789.514 24006 24006 I XrayDeviceGate: XRAY_ANDROID_LIFECYCLE state=stopped
1791167789.514 24006 24006 I XrayDeviceGate: XRAY_ANDROID_SAMPLE {"tunBackend":"packet-pump","probeOnly":true,"runtimeRunning":false,"runtimeGeneration":1,"residentMemoryBytes":150626304,"threadCount":30,"processCpuMillis":65482,"elapsedRealtimeMillis":8252343,"activeConnections":0,"tunInboundPackets":30,"tunOutboundPackets":19,"tunDroppedPackets":0,"udpRemoteOpenEvents":3,"udpRemoteWrittenBytes":201,"udpRemoteReadBytes":83,"fatalTunErrors":0,"unrecoveredTransitions":0}
1791167794.260 23960 11433 W XrayDeviceProbe: XRAY_ANDROID_UDP_FAILURE queryTag=a10b0b40aa79220c localPort=37945 errorCode=SocketTimeoutException
1791167794.262 23960 11433 I XrayDeviceProbe: XRAY_ANDROID_PROBE kind=udp result=failed errorCode=SocketTimeoutException elapsedSeconds=5
1791167797.754 23960 23960 I XrayDeviceProbe: XRAY_ANDROID_PROBE state=stopped
1791167799.100 24006 11489 I XrayDeviceGate: XRAY_ANDROID_SAMPLE {"tunBackend":"packet-pump","probeOnly":true,"runtimeRunning":false,"runtimeGeneration":1,"residentMemoryBytes":146997248,"threadCount":29,"processCpuMillis":65799,"elapsedRealtimeMillis":8261929,"activeConnections":0,"tunInboundPackets":0,"tunOutboundPackets":0,"tunDroppedPackets":0,"udpRemoteOpenEvents":0,"udpRemoteWrittenBytes":0,"udpRemoteReadBytes":0,"fatalTunErrors":0,"unrecoveredTransitions":0}
1791167799.172 24006 11491 I XrayDeviceGate: XRAY_ANDROID_LIFECYCLE state=running generation=2 tunBackend=packet-pump
1791167799.182 24006 11491 I XrayDeviceGate: XRAY_ANDROID_SAMPLE {"tunBackend":"packet-pump","probeOnly":true,"runtimeRunning":true,"runtimeGeneration":2,"residentMemoryBytes":148316160,"threadCount":38,"processCpuMillis":65873,"elapsedRealtimeMillis":8262010,"activeConnections":0,"tunInboundPackets":4,"tunOutboundPackets":0,"tunDroppedPackets":0,"udpRemoteOpenEvents":0,"udpRemoteWrittenBytes":0,"udpRemoteReadBytes":0,"fatalTunErrors":0,"unrecoveredTransitions":0}
1791167800.047 23960 23960 I XrayDeviceProbe: XRAY_ANDROID_PROBE state=counters-reset
1791167800.288 23960 23960 I XrayDeviceProbe: XRAY_ANDROID_PROBE state=started
1791167800.321 23960 11525 I XrayDeviceProbe: XRAY_ANDROID_PROBE kind=http result=passed sequence=1 elapsedSeconds=0
1791167803.447 23960 11525 I XrayDeviceProbe: XRAY_ANDROID_PROBE kind=udp result=passed sequence=1 elapsedSeconds=3
1791167804.386 23960 23960 I XrayDeviceProbe: XRAY_ANDROID_PROBE state=stopped
1791167805.737 24006 24006 I XrayDeviceGate: XRAY_ANDROID_SAMPLE {"tunBackend":"packet-pump","probeOnly":true,"runtimeRunning":false,"runtimeGeneration":2,"residentMemoryBytes":148488192,"threadCount":30,"processCpuMillis":66041,"elapsedRealtimeMillis":8268567,"activeConnections":0,"tunInboundPackets":4,"tunOutboundPackets":0,"tunDroppedPackets":0,"udpRemoteOpenEvents":0,"udpRemoteWrittenBytes":0,"udpRemoteReadBytes":0,"fatalTunErrors":0,"unrecoveredTransitions":0}
1791167805.738 24006 24006 I XrayDeviceGate: XRAY_ANDROID_LIFECYCLE state=stopped
1791167806.015 23960 23960 I XrayDeviceProbe: XRAY_ANDROID_PROBE state=stopped
1791167807.298 24006 11584 I XrayDeviceGate: XRAY_ANDROID_SAMPLE {"tunBackend":"file-descriptor","probeOnly":false,"runtimeRunning":false,"runtimeGeneration":2,"residentMemoryBytes":148754432,"threadCount":29,"processCpuMillis":66176,"elapsedRealtimeMillis":8270127,"activeConnections":0,"tunInboundPackets":0,"tunOutboundPackets":0,"tunDroppedPackets":0,"udpRemoteOpenEvents":0,"udpRemoteWrittenBytes":0,"udpRemoteReadBytes":0,"fatalTunErrors":0,"unrecoveredTransitions":0}
1791167807.302 24006 24006 I XrayDeviceGate: XRAY_ANDROID_LIFECYCLE state=stopped
1791167807.302 24006 24006 I XrayDeviceGate: XRAY_ANDROID_SAMPLE {"tunBackend":"file-descriptor","probeOnly":false,"runtimeRunning":false,"runtimeGeneration":2,"residentMemoryBytes":148754432,"threadCount":29,"processCpuMillis":66182,"elapsedRealtimeMillis":8270131,"activeConnections":0,"tunInboundPackets":0,"tunOutboundPackets":0,"tunDroppedPackets":0,"udpRemoteOpenEvents":0,"udpRemoteWrittenBytes":0,"udpRemoteReadBytes":0,"fatalTunErrors":0,"unrecoveredTransitions":0}
1791167809.262 23960 23960 I XrayDeviceProbe: XRAY_ANDROID_PROBE state=stopped
1791167810.560 24006 11611 I XrayDeviceGate: XRAY_ANDROID_SAMPLE {"tunBackend":"file-descriptor","probeOnly":false,"runtimeRunning":false,"runtimeGeneration":2,"residentMemoryBytes":148942848,"threadCount":29,"processCpuMillis":66307,"elapsedRealtimeMillis":8273389,"activeConnections":0,"tunInboundPackets":0,"tunOutboundPackets":0,"tunDroppedPackets":0,"udpRemoteOpenEvents":0,"udpRemoteWrittenBytes":0,"udpRemoteReadBytes":0,"fatalTunErrors":0,"unrecoveredTransitions":0}
1791167810.560 24006 24006 I XrayDeviceGate: XRAY_ANDROID_LIFECYCLE state=stopped
1791167810.560 24006 24006 I XrayDeviceGate: XRAY_ANDROID_SAMPLE {"tunBackend":"file-descriptor","probeOnly":false,"runtimeRunning":false,"runtimeGeneration":2,"residentMemoryBytes":148942848,"threadCount":29,"processCpuMillis":66307,"elapsedRealtimeMillis":8273389,"activeConnections":0,"tunInboundPackets":0,"tunOutboundPackets":0,"tunDroppedPackets":0,"udpRemoteOpenEvents":0,"udpRemoteWrittenBytes":0,"udpRemoteReadBytes":0,"fatalTunErrors":0,"unrecoveredTransitions":0}
1791167810.772 24006 11621 I XrayDeviceGate: XRAY_ANDROID_SAMPLE {"tunBackend":"file-descriptor","probeOnly":false,"runtimeRunning":false,"runtimeGeneration":2,"residentMemoryBytes":149217280,"threadCount":29,"processCpuMillis":66354,"elapsedRealtimeMillis":8273602,"activeConnections":0,"tunInboundPackets":0,"tunOutboundPackets":0,"tunDroppedPackets":0,"udpRemoteOpenEvents":0,"udpRemoteWrittenBytes":0,"udpRemoteReadBytes":0,"fatalTunErrors":0,"unrecoveredTransitions":0}
1791167810.772 24006 24006 I XrayDeviceGate: XRAY_ANDROID_LIFECYCLE state=counters-reset
1791167811.995 24006 11645 I XrayDeviceGate: XRAY_ANDROID_SAMPLE {"tunBackend":"file-descriptor","probeOnly":true,"runtimeRunning":false,"runtimeGeneration":0,"residentMemoryBytes":148844544,"threadCount":29,"processCpuMillis":66423,"elapsedRealtimeMillis":8274824,"activeConnections":0,"tunInboundPackets":0,"tunOutboundPackets":0,"tunDroppedPackets":0,"udpRemoteOpenEvents":0,"udpRemoteWrittenBytes":0,"udpRemoteReadBytes":0,"fatalTunErrors":0,"unrecoveredTransitions":0}
1791167812.052 24006 11647 I XrayDeviceGate: XRAY_ANDROID_LIFECYCLE state=running generation=1 tunBackend=file-descriptor
1791167812.056 24006 11647 I XrayDeviceGate: XRAY_ANDROID_SAMPLE {"tunBackend":"file-descriptor","probeOnly":true,"runtimeRunning":true,"runtimeGeneration":1,"residentMemoryBytes":150192128,"threadCount":36,"processCpuMillis":66475,"elapsedRealtimeMillis":8274885,"activeConnections":0,"tunInboundPackets":3,"tunOutboundPackets":0,"tunDroppedPackets":0,"udpRemoteOpenEvents":0,"udpRemoteWrittenBytes":0,"udpRemoteReadBytes":0,"fatalTunErrors":0,"unrecoveredTransitions":0}
1791167812.872 23960 23960 I XrayDeviceProbe: XRAY_ANDROID_PROBE state=stopped
1791167814.098 23960 23960 I XrayDeviceProbe: XRAY_ANDROID_PROBE state=counters-reset
1791167814.285 23960 23960 I XrayDeviceProbe: XRAY_ANDROID_PROBE state=started
1791167814.459 23960 11687 I XrayDeviceProbe: XRAY_ANDROID_PROBE kind=http result=passed sequence=1 elapsedSeconds=0
1791167817.579 23960 11687 I XrayDeviceProbe: XRAY_ANDROID_PROBE kind=udp result=passed sequence=1 elapsedSeconds=3
1791167817.964 23960 23960 I XrayDeviceProbe: XRAY_ANDROID_PROBE state=stopped
1791167819.165 23960 23960 I XrayDeviceProbe: XRAY_ANDROID_PROBE state=stopped
1791167820.364 23960 23960 I XrayDeviceProbe: XRAY_ANDROID_PROBE state=counters-reset
1791167820.556 23960 23960 I XrayDeviceProbe: XRAY_ANDROID_PROBE state=started
1791167820.799 23960 11735 I XrayDeviceProbe: XRAY_ANDROID_PROBE kind=http result=passed sequence=1 elapsedSeconds=0
1791167821.002 24006 24006 I XrayDeviceGate: XRAY_ANDROID_LIFECYCLE state=connections-close-requested accepted=2
1791167821.006 24006 24006 I XrayDeviceGate: XRAY_ANDROID_SAMPLE {"tunBackend":"file-descriptor","probeOnly":true,"runtimeRunning":true,"runtimeGeneration":1,"residentMemoryBytes":150573056,"threadCount":36,"processCpuMillis":66588,"elapsedRealtimeMillis":8283836,"activeConnections":0,"tunInboundPackets":23,"tunOutboundPackets":15,"tunDroppedPackets":0,"udpRemoteOpenEvents":2,"udpRemoteWrittenBytes":134,"udpRemoteReadBytes":83,"fatalTunErrors":0,"unrecoveredTransitions":0}
1791167821.998 24006 11645 I XrayDeviceGate: XRAY_ANDROID_SAMPLE {"tunBackend":"file-descriptor","probeOnly":true,"runtimeRunning":true,"runtimeGeneration":1,"residentMemoryBytes":150564864,"threadCount":36,"processCpuMillis":66635,"elapsedRealtimeMillis":8284828,"activeConnections":0,"tunInboundPackets":23,"tunOutboundPackets":15,"tunDroppedPackets":0,"udpRemoteOpenEvents":2,"udpRemoteWrittenBytes":134,"udpRemoteReadBytes":83,"fatalTunErrors":0,"unrecoveredTransitions":0}
1791167825.810 23960 11735 W XrayDeviceProbe: XRAY_ANDROID_UDP_FAILURE queryTag=7235911b1e1d3ada localPort=43310 errorCode=SocketTimeoutException
1791167825.813 23960 11735 I XrayDeviceProbe: XRAY_ANDROID_PROBE kind=udp result=failed errorCode=SocketTimeoutException elapsedSeconds=5
1791167828.723 24006 24006 I XrayDeviceGate: XRAY_ANDROID_LIFECYCLE state=connections-close-requested accepted=0
1791167828.726 24006 24006 I XrayDeviceGate: XRAY_ANDROID_SAMPLE {"tunBackend":"file-descriptor","probeOnly":true,"runtimeRunning":true,"runtimeGeneration":1,"residentMemoryBytes":150851584,"threadCount":36,"processCpuMillis":66783,"elapsedRealtimeMillis":8291555,"activeConnections":0,"tunInboundPackets":24,"tunOutboundPackets":15,"tunDroppedPackets":0,"udpRemoteOpenEvents":2,"udpRemoteWrittenBytes":134,"udpRemoteReadBytes":83,"fatalTunErrors":0,"unrecoveredTransitions":0}
1791167830.568 23960 23960 I XrayDeviceProbe: XRAY_ANDROID_PROBE state=stopped
1791167831.839 23960 23960 I XrayDeviceProbe: XRAY_ANDROID_PROBE state=counters-reset
1791167832.002 24006 11645 I XrayDeviceGate: XRAY_ANDROID_SAMPLE {"tunBackend":"file-descriptor","probeOnly":true,"runtimeRunning":true,"runtimeGeneration":1,"residentMemoryBytes":150376448,"threadCount":36,"processCpuMillis":66850,"elapsedRealtimeMillis":8294832,"activeConnections":0,"tunInboundPackets":24,"tunOutboundPackets":15,"tunDroppedPackets":0,"udpRemoteOpenEvents":2,"udpRemoteWrittenBytes":134,"udpRemoteReadBytes":83,"fatalTunErrors":0,"unrecoveredTransitions":0}
1791167832.035 23960 23960 I XrayDeviceProbe: XRAY_ANDROID_PROBE state=started
1791167832.069 23960 11808 I XrayDeviceProbe: XRAY_ANDROID_PROBE kind=http result=passed sequence=1 elapsedSeconds=0
1791167835.192 23960 11808 I XrayDeviceProbe: XRAY_ANDROID_PROBE kind=udp result=passed sequence=1 elapsedSeconds=3
1791167836.146 23960 23960 I XrayDeviceProbe: XRAY_ANDROID_PROBE state=stopped
1791167837.441 23960 23960 I XrayDeviceProbe: XRAY_ANDROID_PROBE state=stopped
1791167838.647 23960 23960 I XrayDeviceProbe: XRAY_ANDROID_PROBE state=counters-reset
1791167838.840 23960 23960 I XrayDeviceProbe: XRAY_ANDROID_PROBE state=started
1791167838.889 23960 11857 I XrayDeviceProbe: XRAY_ANDROID_PROBE kind=http result=passed sequence=1 elapsedSeconds=0
1791167839.099 24006 24006 I XrayDeviceGate: XRAY_ANDROID_LIFECYCLE state=stopped
1791167839.099 24006 24006 I XrayDeviceGate: XRAY_ANDROID_SAMPLE {"tunBackend":"file-descriptor","probeOnly":true,"runtimeRunning":false,"runtimeGeneration":1,"residentMemoryBytes":151130112,"threadCount":30,"processCpuMillis":66917,"elapsedRealtimeMillis":8301928,"activeConnections":0,"tunInboundPackets":24,"tunOutboundPackets":15,"tunDroppedPackets":0,"udpRemoteOpenEvents":2,"udpRemoteWrittenBytes":134,"udpRemoteReadBytes":83,"fatalTunErrors":0,"unrecoveredTransitions":0}
1791167843.899 23960 11857 W XrayDeviceProbe: XRAY_ANDROID_UDP_FAILURE queryTag=129e693ce8f568f7 localPort=51044 errorCode=SocketTimeoutException
1791167843.903 23960 11857 I XrayDeviceProbe: XRAY_ANDROID_PROBE kind=udp result=failed errorCode=SocketTimeoutException elapsedSeconds=5
1791167847.402 23960 23960 I XrayDeviceProbe: XRAY_ANDROID_PROBE state=stopped
1791167848.745 24006 11923 I XrayDeviceGate: XRAY_ANDROID_SAMPLE {"tunBackend":"file-descriptor","probeOnly":true,"runtimeRunning":false,"runtimeGeneration":1,"residentMemoryBytes":146509824,"threadCount":29,"processCpuMillis":67208,"elapsedRealtimeMillis":8311574,"activeConnections":0,"tunInboundPackets":0,"tunOutboundPackets":0,"tunDroppedPackets":0,"udpRemoteOpenEvents":0,"udpRemoteWrittenBytes":0,"udpRemoteReadBytes":0,"fatalTunErrors":0,"unrecoveredTransitions":0}
1791167848.816 24006 11929 I XrayDeviceGate: XRAY_ANDROID_LIFECYCLE state=running generation=2 tunBackend=file-descriptor
1791167848.821 24006 11929 I XrayDeviceGate: XRAY_ANDROID_SAMPLE {"tunBackend":"file-descriptor","probeOnly":true,"runtimeRunning":true,"runtimeGeneration":2,"residentMemoryBytes":147992576,"threadCount":36,"processCpuMillis":67281,"elapsedRealtimeMillis":8311651,"activeConnections":0,"tunInboundPackets":3,"tunOutboundPackets":0,"tunDroppedPackets":0,"udpRemoteOpenEvents":0,"udpRemoteWrittenBytes":0,"udpRemoteReadBytes":0,"fatalTunErrors":0,"unrecoveredTransitions":0}
1791167849.640 23960 23960 I XrayDeviceProbe: XRAY_ANDROID_PROBE state=counters-reset
1791167849.880 23960 23960 I XrayDeviceProbe: XRAY_ANDROID_PROBE state=started
1791167849.916 23960 11958 I XrayDeviceProbe: XRAY_ANDROID_PROBE kind=http result=passed sequence=1 elapsedSeconds=0
1791167853.112 23960 11958 I XrayDeviceProbe: XRAY_ANDROID_PROBE kind=udp result=passed sequence=1 elapsedSeconds=3
1791167854.018 23960 23960 I XrayDeviceProbe: XRAY_ANDROID_PROBE state=stopped
1791167855.393 24006 24006 I XrayDeviceGate: XRAY_ANDROID_SAMPLE {"tunBackend":"file-descriptor","probeOnly":true,"runtimeRunning":false,"runtimeGeneration":2,"residentMemoryBytes":148262912,"threadCount":30,"processCpuMillis":67404,"elapsedRealtimeMillis":8318223,"activeConnections":0,"tunInboundPackets":3,"tunOutboundPackets":0,"tunDroppedPackets":0,"udpRemoteOpenEvents":0,"udpRemoteWrittenBytes":0,"udpRemoteReadBytes":0,"fatalTunErrors":0,"unrecoveredTransitions":0}
1791167855.394 24006 24006 I XrayDeviceGate: XRAY_ANDROID_LIFECYCLE state=stopped
1791167855.704 23960 23960 I XrayDeviceProbe: XRAY_ANDROID_PROBE state=stopped
1791167857.024 24006 24006 I XrayDeviceGate: XRAY_ANDROID_LIFECYCLE state=stopped
1791167857.024 24006 24006 I XrayDeviceGate: XRAY_ANDROID_SAMPLE {"tunBackend":"file-descriptor","probeOnly":false,"runtimeRunning":false,"runtimeGeneration":2,"residentMemoryBytes":148525056,"threadCount":29,"processCpuMillis":67538,"elapsedRealtimeMillis":8319853,"activeConnections":0,"tunInboundPackets":0,"tunOutboundPackets":0,"tunDroppedPackets":0,"udpRemoteOpenEvents":0,"udpRemoteWrittenBytes":0,"udpRemoteReadBytes":0,"fatalTunErrors":0,"unrecoveredTransitions":0}
1791167857.025 24006 12016 I XrayDeviceGate: XRAY_ANDROID_SAMPLE {"tunBackend":"file-descriptor","probeOnly":false,"runtimeRunning":false,"runtimeGeneration":2,"residentMemoryBytes":148525056,"threadCount":29,"processCpuMillis":67540,"elapsedRealtimeMillis":8319854,"activeConnections":0,"tunInboundPackets":0,"tunOutboundPackets":0,"tunDroppedPackets":0,"udpRemoteOpenEvents":0,"udpRemoteWrittenBytes":0,"udpRemoteReadBytes":0,"fatalTunErrors":0,"unrecoveredTransitions":0}
1791167859.004 23960 23960 I XrayDeviceProbe: XRAY_ANDROID_PROBE state=stopped
1791167860.328 24006 12047 I XrayDeviceGate: XRAY_ANDROID_SAMPLE {"tunBackend":"file-descriptor","probeOnly":false,"runtimeRunning":false,"runtimeGeneration":2,"residentMemoryBytes":148742144,"threadCount":29,"processCpuMillis":67663,"elapsedRealtimeMillis":8323158,"activeConnections":0,"tunInboundPackets":0,"tunOutboundPackets":0,"tunDroppedPackets":0,"udpRemoteOpenEvents":0,"udpRemoteWrittenBytes":0,"udpRemoteReadBytes":0,"fatalTunErrors":0,"unrecoveredTransitions":0}
1791167860.331 24006 24006 I XrayDeviceGate: XRAY_ANDROID_LIFECYCLE state=stopped
1791167860.331 24006 24006 I XrayDeviceGate: XRAY_ANDROID_SAMPLE {"tunBackend":"file-descriptor","probeOnly":false,"runtimeRunning":false,"runtimeGeneration":2,"residentMemoryBytes":148742144,"threadCount":29,"processCpuMillis":67669,"elapsedRealtimeMillis":8323161,"activeConnections":0,"tunInboundPackets":0,"tunOutboundPackets":0,"tunDroppedPackets":0,"udpRemoteOpenEvents":0,"udpRemoteWrittenBytes":0,"udpRemoteReadBytes":0,"fatalTunErrors":0,"unrecoveredTransitions":0}
1791167860.551 24006 24006 I XrayDeviceGate: XRAY_ANDROID_LIFECYCLE state=counters-reset
1791167860.552 24006 12057 I XrayDeviceGate: XRAY_ANDROID_SAMPLE {"tunBackend":"file-descriptor","probeOnly":false,"runtimeRunning":false,"runtimeGeneration":2,"residentMemoryBytes":149028864,"threadCount":29,"processCpuMillis":67713,"elapsedRealtimeMillis":8323381,"activeConnections":0,"tunInboundPackets":0,"tunOutboundPackets":0,"tunDroppedPackets":0,"udpRemoteOpenEvents":0,"udpRemoteWrittenBytes":0,"udpRemoteReadBytes":0,"fatalTunErrors":0,"unrecoveredTransitions":0}
1791167861.772 24006 12081 I XrayDeviceGate: XRAY_ANDROID_SAMPLE {"tunBackend":"packet-pump","probeOnly":true,"runtimeRunning":false,"runtimeGeneration":0,"residentMemoryBytes":149049344,"threadCount":29,"processCpuMillis":67780,"elapsedRealtimeMillis":8324602,"activeConnections":0,"tunInboundPackets":0,"tunOutboundPackets":0,"tunDroppedPackets":0,"udpRemoteOpenEvents":0,"udpRemoteWrittenBytes":0,"udpRemoteReadBytes":0,"fatalTunErrors":0,"unrecoveredTransitions":0}
1791167861.828 24006 12101 I XrayDeviceGate: XRAY_ANDROID_LIFECYCLE state=running generation=1 tunBackend=packet-pump
1791167861.831 24006 12101 I XrayDeviceGate: XRAY_ANDROID_SAMPLE {"tunBackend":"packet-pump","probeOnly":true,"runtimeRunning":true,"runtimeGeneration":1,"residentMemoryBytes":150384640,"threadCount":38,"processCpuMillis":67833,"elapsedRealtimeMillis":8324661,"activeConnections":0,"tunInboundPackets":3,"tunOutboundPackets":0,"tunDroppedPackets":0,"udpRemoteOpenEvents":0,"udpRemoteWrittenBytes":0,"udpRemoteReadBytes":0,"fatalTunErrors":0,"unrecoveredTransitions":0}
1791167862.663 23960 23960 I XrayDeviceProbe: XRAY_ANDROID_PROBE state=stopped
1791167863.894 23960 23960 I XrayDeviceProbe: XRAY_ANDROID_PROBE state=counters-reset
1791167864.093 23960 23960 I XrayDeviceProbe: XRAY_ANDROID_PROBE state=started
1791167864.279 23960 12148 I XrayDeviceProbe: XRAY_ANDROID_PROBE kind=http result=passed sequence=1 elapsedSeconds=0
1791167867.346 23960 12148 I XrayDeviceProbe: XRAY_ANDROID_PROBE kind=udp result=passed sequence=1 elapsedSeconds=3
1791167867.775 23960 23960 I XrayDeviceProbe: XRAY_ANDROID_PROBE state=stopped
1791167868.979 23960 23960 I XrayDeviceProbe: XRAY_ANDROID_PROBE state=stopped
1791167870.159 23960 23960 I XrayDeviceProbe: XRAY_ANDROID_PROBE state=counters-reset
1791167870.332 23960 23960 I XrayDeviceProbe: XRAY_ANDROID_PROBE state=started
1791167870.368 23960 12199 I XrayDeviceProbe: XRAY_ANDROID_PROBE kind=http result=passed sequence=1 elapsedSeconds=0
1791167870.627 24006 24006 I XrayDeviceGate: XRAY_ANDROID_LIFECYCLE state=connections-close-requested accepted=2
1791167870.632 24006 24006 I XrayDeviceGate: XRAY_ANDROID_SAMPLE {"tunBackend":"packet-pump","probeOnly":true,"runtimeRunning":true,"runtimeGeneration":1,"residentMemoryBytes":150618112,"threadCount":38,"processCpuMillis":67995,"elapsedRealtimeMillis":8333461,"activeConnections":2,"tunInboundPackets":22,"tunOutboundPackets":15,"tunDroppedPackets":0,"udpRemoteOpenEvents":2,"udpRemoteWrittenBytes":134,"udpRemoteReadBytes":83,"fatalTunErrors":0,"unrecoveredTransitions":0}
1791167871.776 24006 12081 I XrayDeviceGate: XRAY_ANDROID_SAMPLE {"tunBackend":"packet-pump","probeOnly":true,"runtimeRunning":true,"runtimeGeneration":1,"residentMemoryBytes":150904832,"threadCount":38,"processCpuMillis":68057,"elapsedRealtimeMillis":8334605,"activeConnections":0,"tunInboundPackets":22,"tunOutboundPackets":15,"tunDroppedPackets":0,"udpRemoteOpenEvents":2,"udpRemoteWrittenBytes":134,"udpRemoteReadBytes":83,"fatalTunErrors":0,"unrecoveredTransitions":0}
1791167875.378 23960 12199 W XrayDeviceProbe: XRAY_ANDROID_UDP_FAILURE queryTag=d7e68b5b1bfb09fa localPort=35226 errorCode=SocketTimeoutException
1791167875.381 23960 12199 I XrayDeviceProbe: XRAY_ANDROID_PROBE kind=udp result=failed errorCode=SocketTimeoutException elapsedSeconds=5
1791167878.135 24006 24006 I XrayDeviceGate: XRAY_ANDROID_LIFECYCLE state=connections-close-requested accepted=0
1791167878.137 24006 24006 I XrayDeviceGate: XRAY_ANDROID_SAMPLE {"tunBackend":"packet-pump","probeOnly":true,"runtimeRunning":true,"runtimeGeneration":1,"residentMemoryBytes":150773760,"threadCount":38,"processCpuMillis":68239,"elapsedRealtimeMillis":8340967,"activeConnections":0,"tunInboundPackets":23,"tunOutboundPackets":15,"tunDroppedPackets":0,"udpRemoteOpenEvents":2,"udpRemoteWrittenBytes":134,"udpRemoteReadBytes":83,"fatalTunErrors":0,"unrecoveredTransitions":0}
1791167879.955 23960 23960 I XrayDeviceProbe: XRAY_ANDROID_PROBE state=stopped
1791167881.226 23960 23960 I XrayDeviceProbe: XRAY_ANDROID_PROBE state=counters-reset
1791167881.424 23960 23960 I XrayDeviceProbe: XRAY_ANDROID_PROBE state=started
1791167881.592 23960 12275 I XrayDeviceProbe: XRAY_ANDROID_PROBE kind=http result=passed sequence=1 elapsedSeconds=0
1791167881.779 24006 12081 I XrayDeviceGate: XRAY_ANDROID_SAMPLE {"tunBackend":"packet-pump","probeOnly":true,"runtimeRunning":true,"runtimeGeneration":1,"residentMemoryBytes":150564864,"threadCount":38,"processCpuMillis":68326,"elapsedRealtimeMillis":8344609,"activeConnections":1,"tunInboundPackets":30,"tunOutboundPackets":20,"tunDroppedPackets":0,"udpRemoteOpenEvents":3,"udpRemoteWrittenBytes":201,"udpRemoteReadBytes":83,"fatalTunErrors":0,"unrecoveredTransitions":0}
1791167884.650 23960 12275 I XrayDeviceProbe: XRAY_ANDROID_PROBE kind=udp result=passed sequence=1 elapsedSeconds=3
1791167885.527 23960 23960 I XrayDeviceProbe: XRAY_ANDROID_PROBE state=stopped
1791167886.831 23960 23960 I XrayDeviceProbe: XRAY_ANDROID_PROBE state=stopped
1791167888.012 23960 23960 I XrayDeviceProbe: XRAY_ANDROID_PROBE state=counters-reset
1791167888.200 23960 23960 I XrayDeviceProbe: XRAY_ANDROID_PROBE state=started
1791167888.396 23960 12328 I XrayDeviceProbe: XRAY_ANDROID_PROBE kind=http result=passed sequence=1 elapsedSeconds=0
1791167888.658 24006 24006 I XrayDeviceGate: XRAY_ANDROID_LIFECYCLE state=stopped
1791167888.658 24006 24006 I XrayDeviceGate: XRAY_ANDROID_SAMPLE {"tunBackend":"packet-pump","probeOnly":true,"runtimeRunning":false,"runtimeGeneration":1,"residentMemoryBytes":151199744,"threadCount":30,"processCpuMillis":68410,"elapsedRealtimeMillis":8351487,"activeConnections":0,"tunInboundPackets":30,"tunOutboundPackets":20,"tunDroppedPackets":0,"udpRemoteOpenEvents":3,"udpRemoteWrittenBytes":201,"udpRemoteReadBytes":83,"fatalTunErrors":0,"unrecoveredTransitions":0}
1791167893.407 23960 12328 W XrayDeviceProbe: XRAY_ANDROID_UDP_FAILURE queryTag=29c23d95281c2d69 localPort=41915 errorCode=SocketTimeoutException
1791167893.409 23960 12328 I XrayDeviceProbe: XRAY_ANDROID_PROBE kind=udp result=failed errorCode=SocketTimeoutException elapsedSeconds=5
1791167896.255 23960 23960 I XrayDeviceProbe: XRAY_ANDROID_PROBE state=stopped
1791167897.590 24006 12384 I XrayDeviceGate: XRAY_ANDROID_SAMPLE {"tunBackend":"packet-pump","probeOnly":true,"runtimeRunning":false,"runtimeGeneration":1,"residentMemoryBytes":146710528,"threadCount":29,"processCpuMillis":68702,"elapsedRealtimeMillis":8360419,"activeConnections":0,"tunInboundPackets":0,"tunOutboundPackets":0,"tunDroppedPackets":0,"udpRemoteOpenEvents":0,"udpRemoteWrittenBytes":0,"udpRemoteReadBytes":0,"fatalTunErrors":0,"unrecoveredTransitions":0}
1791167897.651 24006 12386 I XrayDeviceGate: XRAY_ANDROID_LIFECYCLE state=running generation=2 tunBackend=packet-pump
1791167897.655 24006 12386 I XrayDeviceGate: XRAY_ANDROID_SAMPLE {"tunBackend":"packet-pump","probeOnly":true,"runtimeRunning":true,"runtimeGeneration":2,"residentMemoryBytes":148033536,"threadCount":38,"processCpuMillis":68768,"elapsedRealtimeMillis":8360485,"activeConnections":0,"tunInboundPackets":3,"tunOutboundPackets":0,"tunDroppedPackets":0,"udpRemoteOpenEvents":0,"udpRemoteWrittenBytes":0,"udpRemoteReadBytes":0,"fatalTunErrors":0,"unrecoveredTransitions":0}
1791167898.509 23960 23960 I XrayDeviceProbe: XRAY_ANDROID_PROBE state=counters-reset
1791167898.765 23960 23960 I XrayDeviceProbe: XRAY_ANDROID_PROBE state=started
1791167898.892 23960 12421 I XrayDeviceProbe: XRAY_ANDROID_PROBE kind=http result=passed sequence=1 elapsedSeconds=0
1791167901.956 23960 12421 I XrayDeviceProbe: XRAY_ANDROID_PROBE kind=udp result=passed sequence=1 elapsedSeconds=3
1791167902.908 23960 23960 I XrayDeviceProbe: XRAY_ANDROID_PROBE state=stopped
1791167904.471 24006 24006 I XrayDeviceGate: XRAY_ANDROID_SAMPLE {"tunBackend":"packet-pump","probeOnly":true,"runtimeRunning":false,"runtimeGeneration":2,"residentMemoryBytes":148324352,"threadCount":30,"processCpuMillis":68933,"elapsedRealtimeMillis":8367301,"activeConnections":0,"tunInboundPackets":3,"tunOutboundPackets":0,"tunDroppedPackets":0,"udpRemoteOpenEvents":0,"udpRemoteWrittenBytes":0,"udpRemoteReadBytes":0,"fatalTunErrors":0,"unrecoveredTransitions":0}
1791167904.472 24006 24006 I XrayDeviceGate: XRAY_ANDROID_LIFECYCLE state=stopped
1791167905.176 23960 23960 I XrayDeviceProbe: XRAY_ANDROID_PROBE state=stopped
1791167906.506 24006 12494 I XrayDeviceGate: XRAY_ANDROID_SAMPLE {"tunBackend":"file-descriptor","probeOnly":false,"runtimeRunning":false,"runtimeGeneration":2,"residentMemoryBytes":148590592,"threadCount":29,"processCpuMillis":69058,"elapsedRealtimeMillis":8369335,"activeConnections":0,"tunInboundPackets":0,"tunOutboundPackets":0,"tunDroppedPackets":0,"udpRemoteOpenEvents":0,"udpRemoteWrittenBytes":0,"udpRemoteReadBytes":0,"fatalTunErrors":0,"unrecoveredTransitions":0}
1791167906.506 24006 24006 I XrayDeviceGate: XRAY_ANDROID_LIFECYCLE state=stopped
1791167906.506 24006 24006 I XrayDeviceGate: XRAY_ANDROID_SAMPLE {"tunBackend":"file-descriptor","probeOnly":false,"runtimeRunning":false,"runtimeGeneration":2,"residentMemoryBytes":148590592,"threadCount":29,"processCpuMillis":69058,"elapsedRealtimeMillis":8369335,"activeConnections":0,"tunInboundPackets":0,"tunOutboundPackets":0,"tunDroppedPackets":0,"udpRemoteOpenEvents":0,"udpRemoteWrittenBytes":0,"udpRemoteReadBytes":0,"fatalTunErrors":0,"unrecoveredTransitions":0}
1791167908.531 23960 23960 I XrayDeviceProbe: XRAY_ANDROID_PROBE state=stopped
1791167909.823 24006 12524 I XrayDeviceGate: XRAY_ANDROID_SAMPLE {"tunBackend":"file-descriptor","probeOnly":false,"runtimeRunning":false,"runtimeGeneration":2,"residentMemoryBytes":148684800,"threadCount":29,"processCpuMillis":69185,"elapsedRealtimeMillis":8372653,"activeConnections":0,"tunInboundPackets":0,"tunOutboundPackets":0,"tunDroppedPackets":0,"udpRemoteOpenEvents":0,"udpRemoteWrittenBytes":0,"udpRemoteReadBytes":0,"fatalTunErrors":0,"unrecoveredTransitions":0}
1791167909.825 24006 24006 I XrayDeviceGate: XRAY_ANDROID_LIFECYCLE state=stopped
1791167909.825 24006 24006 I XrayDeviceGate: XRAY_ANDROID_SAMPLE {"tunBackend":"file-descriptor","probeOnly":false,"runtimeRunning":false,"runtimeGeneration":2,"residentMemoryBytes":148684800,"threadCount":29,"processCpuMillis":69188,"elapsedRealtimeMillis":8372654,"activeConnections":0,"tunInboundPackets":0,"tunOutboundPackets":0,"tunDroppedPackets":0,"udpRemoteOpenEvents":0,"udpRemoteWrittenBytes":0,"udpRemoteReadBytes":0,"fatalTunErrors":0,"unrecoveredTransitions":0}
1791167910.054 24006 12534 I XrayDeviceGate: XRAY_ANDROID_SAMPLE {"tunBackend":"file-descriptor","probeOnly":false,"runtimeRunning":false,"runtimeGeneration":2,"residentMemoryBytes":148959232,"threadCount":29,"processCpuMillis":69235,"elapsedRealtimeMillis":8372884,"activeConnections":0,"tunInboundPackets":0,"tunOutboundPackets":0,"tunDroppedPackets":0,"udpRemoteOpenEvents":0,"udpRemoteWrittenBytes":0,"udpRemoteReadBytes":0,"fatalTunErrors":0,"unrecoveredTransitions":0}
1791167910.054 24006 24006 I XrayDeviceGate: XRAY_ANDROID_LIFECYCLE state=counters-reset
1791167911.290 24006 12558 I XrayDeviceGate: XRAY_ANDROID_SAMPLE {"tunBackend":"file-descriptor","probeOnly":true,"runtimeRunning":false,"runtimeGeneration":0,"residentMemoryBytes":148975616,"threadCount":29,"processCpuMillis":69301,"elapsedRealtimeMillis":8374119,"activeConnections":0,"tunInboundPackets":0,"tunOutboundPackets":0,"tunDroppedPackets":0,"udpRemoteOpenEvents":0,"udpRemoteWrittenBytes":0,"udpRemoteReadBytes":0,"fatalTunErrors":0,"unrecoveredTransitions":0}
1791167911.341 24006 12560 I XrayDeviceGate: XRAY_ANDROID_LIFECYCLE state=running generation=1 tunBackend=file-descriptor
1791167911.344 24006 12560 I XrayDeviceGate: XRAY_ANDROID_SAMPLE {"tunBackend":"file-descriptor","probeOnly":true,"runtimeRunning":true,"runtimeGeneration":1,"residentMemoryBytes":150327296,"threadCount":36,"processCpuMillis":69344,"elapsedRealtimeMillis":8374174,"activeConnections":0,"tunInboundPackets":3,"tunOutboundPackets":0,"tunDroppedPackets":0,"udpRemoteOpenEvents":0,"udpRemoteWrittenBytes":0,"udpRemoteReadBytes":0,"fatalTunErrors":0,"unrecoveredTransitions":0}
1791167912.186 23960 23960 I XrayDeviceProbe: XRAY_ANDROID_PROBE state=stopped
1791167913.426 23960 23960 I XrayDeviceProbe: XRAY_ANDROID_PROBE state=counters-reset
1791167913.614 23960 23960 I XrayDeviceProbe: XRAY_ANDROID_PROBE state=started
1791167913.652 23960 12597 I XrayDeviceProbe: XRAY_ANDROID_PROBE kind=http result=passed sequence=1 elapsedSeconds=0
1791167916.700 23960 12597 I XrayDeviceProbe: XRAY_ANDROID_PROBE kind=udp result=passed sequence=1 elapsedSeconds=3
1791167917.098 23960 23960 I XrayDeviceProbe: XRAY_ANDROID_PROBE state=stopped
1791167918.312 23960 23960 I XrayDeviceProbe: XRAY_ANDROID_PROBE state=stopped
1791167919.513 23960 23960 I XrayDeviceProbe: XRAY_ANDROID_PROBE state=counters-reset
1791167919.687 23960 23960 I XrayDeviceProbe: XRAY_ANDROID_PROBE state=started
1791167920.911 23960 12644 I XrayDeviceProbe: XRAY_ANDROID_PROBE kind=http result=passed sequence=1 elapsedSeconds=1
1791167921.114 24006 24006 I XrayDeviceGate: XRAY_ANDROID_LIFECYCLE state=connections-close-requested accepted=2
1791167921.119 24006 24006 I XrayDeviceGate: XRAY_ANDROID_SAMPLE {"tunBackend":"file-descriptor","probeOnly":true,"runtimeRunning":true,"runtimeGeneration":1,"residentMemoryBytes":150298624,"threadCount":36,"processCpuMillis":69465,"elapsedRealtimeMillis":8383948,"activeConnections":0,"tunInboundPackets":23,"tunOutboundPackets":15,"tunDroppedPackets":0,"udpRemoteOpenEvents":2,"udpRemoteWrittenBytes":134,"udpRemoteReadBytes":83,"fatalTunErrors":0,"unrecoveredTransitions":0}
1791167921.293 24006 12558 I XrayDeviceGate: XRAY_ANDROID_SAMPLE {"tunBackend":"file-descriptor","probeOnly":true,"runtimeRunning":true,"runtimeGeneration":1,"residentMemoryBytes":150544384,"threadCount":36,"processCpuMillis":69511,"elapsedRealtimeMillis":8384122,"activeConnections":0,"tunInboundPackets":23,"tunOutboundPackets":15,"tunDroppedPackets":0,"udpRemoteOpenEvents":2,"udpRemoteWrittenBytes":134,"udpRemoteReadBytes":83,"fatalTunErrors":0,"unrecoveredTransitions":0}
1791167925.922 23960 12644 W XrayDeviceProbe: XRAY_ANDROID_UDP_FAILURE queryTag=88488de09506a067 localPort=48101 errorCode=SocketTimeoutException
1791167925.925 23960 12644 I XrayDeviceProbe: XRAY_ANDROID_PROBE kind=udp result=failed errorCode=SocketTimeoutException elapsedSeconds=6
1791167928.696 24006 24006 I XrayDeviceGate: XRAY_ANDROID_LIFECYCLE state=connections-close-requested accepted=0
1791167928.699 24006 24006 I XrayDeviceGate: XRAY_ANDROID_SAMPLE {"tunBackend":"file-descriptor","probeOnly":true,"runtimeRunning":true,"runtimeGeneration":1,"residentMemoryBytes":150618112,"threadCount":36,"processCpuMillis":69663,"elapsedRealtimeMillis":8391529,"activeConnections":0,"tunInboundPackets":24,"tunOutboundPackets":15,"tunDroppedPackets":0,"udpRemoteOpenEvents":2,"udpRemoteWrittenBytes":134,"udpRemoteReadBytes":83,"fatalTunErrors":0,"unrecoveredTransitions":0}
1791167930.549 23960 23960 I XrayDeviceProbe: XRAY_ANDROID_PROBE state=stopped
1791167931.297 24006 12558 I XrayDeviceGate: XRAY_ANDROID_SAMPLE {"tunBackend":"file-descriptor","probeOnly":true,"runtimeRunning":true,"runtimeGeneration":1,"residentMemoryBytes":150675456,"threadCount":36,"processCpuMillis":69729,"elapsedRealtimeMillis":8394126,"activeConnections":0,"tunInboundPackets":24,"tunOutboundPackets":15,"tunDroppedPackets":0,"udpRemoteOpenEvents":2,"udpRemoteWrittenBytes":134,"udpRemoteReadBytes":83,"fatalTunErrors":0,"unrecoveredTransitions":0}
1791167931.829 23960 23960 I XrayDeviceProbe: XRAY_ANDROID_PROBE state=counters-reset
1791167932.027 23960 23960 I XrayDeviceProbe: XRAY_ANDROID_PROBE state=started
1791167932.063 23960 12719 I XrayDeviceProbe: XRAY_ANDROID_PROBE kind=http result=passed sequence=1 elapsedSeconds=0
1791167935.136 23960 12719 I XrayDeviceProbe: XRAY_ANDROID_PROBE kind=udp result=passed sequence=1 elapsedSeconds=3
1791167935.452 23960 23960 I XrayDeviceProbe: XRAY_ANDROID_PROBE state=stopped
1791167936.766 23960 23960 I XrayDeviceProbe: XRAY_ANDROID_PROBE state=stopped
1791167937.971 23960 23960 I XrayDeviceProbe: XRAY_ANDROID_PROBE state=counters-reset
1791167938.169 23960 23960 I XrayDeviceProbe: XRAY_ANDROID_PROBE state=started
1791167938.205 23960 12773 I XrayDeviceProbe: XRAY_ANDROID_PROBE kind=http result=passed sequence=1 elapsedSeconds=0
1791167938.425 24006 24006 I XrayDeviceGate: XRAY_ANDROID_LIFECYCLE state=stopped
1791167938.425 24006 24006 I XrayDeviceGate: XRAY_ANDROID_SAMPLE {"tunBackend":"file-descriptor","probeOnly":true,"runtimeRunning":false,"runtimeGeneration":1,"residentMemoryBytes":146997248,"threadCount":30,"processCpuMillis":69819,"elapsedRealtimeMillis":8401254,"activeConnections":0,"tunInboundPackets":24,"tunOutboundPackets":15,"tunDroppedPackets":0,"udpRemoteOpenEvents":2,"udpRemoteWrittenBytes":134,"udpRemoteReadBytes":83,"fatalTunErrors":0,"unrecoveredTransitions":0}
1791167943.216 23960 12773 W XrayDeviceProbe: XRAY_ANDROID_UDP_FAILURE queryTag=1b53777d888089bb localPort=35579 errorCode=SocketTimeoutException
1791167943.219 23960 12773 I XrayDeviceProbe: XRAY_ANDROID_PROBE kind=udp result=failed errorCode=SocketTimeoutException elapsedSeconds=5
1791167946.205 23960 23960 I XrayDeviceProbe: XRAY_ANDROID_PROBE state=stopped
1791167947.551 24006 12830 I XrayDeviceGate: XRAY_ANDROID_SAMPLE {"tunBackend":"file-descriptor","probeOnly":true,"runtimeRunning":false,"runtimeGeneration":1,"residentMemoryBytes":147619840,"threadCount":29,"processCpuMillis":70089,"elapsedRealtimeMillis":8410381,"activeConnections":0,"tunInboundPackets":0,"tunOutboundPackets":0,"tunDroppedPackets":0,"udpRemoteOpenEvents":0,"udpRemoteWrittenBytes":0,"udpRemoteReadBytes":0,"fatalTunErrors":0,"unrecoveredTransitions":0}
1791167947.623 24006 12832 I XrayDeviceGate: XRAY_ANDROID_LIFECYCLE state=running generation=2 tunBackend=file-descriptor
1791167947.627 24006 12832 I XrayDeviceGate: XRAY_ANDROID_SAMPLE {"tunBackend":"file-descriptor","probeOnly":true,"runtimeRunning":true,"runtimeGeneration":2,"residentMemoryBytes":148942848,"threadCount":36,"processCpuMillis":70162,"elapsedRealtimeMillis":8410456,"activeConnections":0,"tunInboundPackets":3,"tunOutboundPackets":0,"tunDroppedPackets":0,"udpRemoteOpenEvents":0,"udpRemoteWrittenBytes":0,"udpRemoteReadBytes":0,"fatalTunErrors":0,"unrecoveredTransitions":0}
1791167948.445 23960 23960 I XrayDeviceProbe: XRAY_ANDROID_PROBE state=counters-reset
1791167948.683 23960 23960 I XrayDeviceProbe: XRAY_ANDROID_PROBE state=started
1791167948.713 23960 12867 I XrayDeviceProbe: XRAY_ANDROID_PROBE kind=http result=passed sequence=1 elapsedSeconds=0
1791167951.733 23960 12867 I XrayDeviceProbe: XRAY_ANDROID_PROBE kind=udp result=passed sequence=1 elapsedSeconds=3
1791167952.127 23960 23960 I XrayDeviceProbe: XRAY_ANDROID_PROBE state=stopped
1791167953.515 24006 24006 I XrayDeviceGate: XRAY_ANDROID_LIFECYCLE state=stopped
1791167953.515 24006 24006 I XrayDeviceGate: XRAY_ANDROID_SAMPLE {"tunBackend":"file-descriptor","probeOnly":true,"runtimeRunning":false,"runtimeGeneration":2,"residentMemoryBytes":148877312,"threadCount":30,"processCpuMillis":70283,"elapsedRealtimeMillis":8416344,"activeConnections":0,"tunInboundPackets":3,"tunOutboundPackets":0,"tunDroppedPackets":0,"udpRemoteOpenEvents":0,"udpRemoteWrittenBytes":0,"udpRemoteReadBytes":0,"fatalTunErrors":0,"unrecoveredTransitions":0}
1791167953.801 23960 23960 I XrayDeviceProbe: XRAY_ANDROID_PROBE state=stopped
1791167955.114 24006 12922 I XrayDeviceGate: XRAY_ANDROID_SAMPLE {"tunBackend":"file-descriptor","probeOnly":false,"runtimeRunning":false,"runtimeGeneration":2,"residentMemoryBytes":149037056,"threadCount":29,"processCpuMillis":70422,"elapsedRealtimeMillis":8417943,"activeConnections":0,"tunInboundPackets":0,"tunOutboundPackets":0,"tunDroppedPackets":0,"udpRemoteOpenEvents":0,"udpRemoteWrittenBytes":0,"udpRemoteReadBytes":0,"fatalTunErrors":0,"unrecoveredTransitions":0}
1791167955.114 24006 24006 I XrayDeviceGate: XRAY_ANDROID_LIFECYCLE state=stopped
1791167955.114 24006 24006 I XrayDeviceGate: XRAY_ANDROID_SAMPLE {"tunBackend":"file-descriptor","probeOnly":false,"runtimeRunning":false,"runtimeGeneration":2,"residentMemoryBytes":149037056,"threadCount":29,"processCpuMillis":70422,"elapsedRealtimeMillis":8417943,"activeConnections":0,"tunInboundPackets":0,"tunOutboundPackets":0,"tunDroppedPackets":0,"udpRemoteOpenEvents":0,"udpRemoteWrittenBytes":0,"udpRemoteReadBytes":0,"fatalTunErrors":0,"unrecoveredTransitions":0}
1791167957.121 23960 23960 I XrayDeviceProbe: XRAY_ANDROID_PROBE state=stopped
1791167958.416 24006 12949 I XrayDeviceGate: XRAY_ANDROID_SAMPLE {"tunBackend":"file-descriptor","probeOnly":false,"runtimeRunning":false,"runtimeGeneration":2,"residentMemoryBytes":149434368,"threadCount":29,"processCpuMillis":70551,"elapsedRealtimeMillis":8421246,"activeConnections":0,"tunInboundPackets":0,"tunOutboundPackets":0,"tunDroppedPackets":0,"udpRemoteOpenEvents":0,"udpRemoteWrittenBytes":0,"udpRemoteReadBytes":0,"fatalTunErrors":0,"unrecoveredTransitions":0}
1791167958.416 24006 24006 I XrayDeviceGate: XRAY_ANDROID_LIFECYCLE state=stopped
1791167958.416 24006 24006 I XrayDeviceGate: XRAY_ANDROID_SAMPLE {"tunBackend":"file-descriptor","probeOnly":false,"runtimeRunning":false,"runtimeGeneration":2,"residentMemoryBytes":149434368,"threadCount":29,"processCpuMillis":70548,"elapsedRealtimeMillis":8421246,"activeConnections":0,"tunInboundPackets":0,"tunOutboundPackets":0,"tunDroppedPackets":0,"udpRemoteOpenEvents":0,"udpRemoteWrittenBytes":0,"udpRemoteReadBytes":0,"fatalTunErrors":0,"unrecoveredTransitions":0}
1791167958.647 24006 24006 I XrayDeviceGate: XRAY_ANDROID_LIFECYCLE state=counters-reset
1791167958.649 24006 12959 I XrayDeviceGate: XRAY_ANDROID_SAMPLE {"tunBackend":"file-descriptor","probeOnly":false,"runtimeRunning":false,"runtimeGeneration":0,"residentMemoryBytes":149708800,"threadCount":29,"processCpuMillis":70600,"elapsedRealtimeMillis":8421478,"activeConnections":0,"tunInboundPackets":0,"tunOutboundPackets":0,"tunDroppedPackets":0,"udpRemoteOpenEvents":0,"udpRemoteWrittenBytes":0,"udpRemoteReadBytes":0,"fatalTunErrors":0,"unrecoveredTransitions":0}
1791167959.879 24006 12984 I XrayDeviceGate: XRAY_ANDROID_SAMPLE {"tunBackend":"packet-pump","probeOnly":true,"runtimeRunning":false,"runtimeGeneration":0,"residentMemoryBytes":149733376,"threadCount":29,"processCpuMillis":70670,"elapsedRealtimeMillis":8422709,"activeConnections":0,"tunInboundPackets":0,"tunOutboundPackets":0,"tunDroppedPackets":0,"udpRemoteOpenEvents":0,"udpRemoteWrittenBytes":0,"udpRemoteReadBytes":0,"fatalTunErrors":0,"unrecoveredTransitions":0}
1791167959.935 24006 12987 I XrayDeviceGate: XRAY_ANDROID_LIFECYCLE state=running generation=1 tunBackend=packet-pump
1791167959.939 24006 12987 I XrayDeviceGate: XRAY_ANDROID_SAMPLE {"tunBackend":"packet-pump","probeOnly":true,"runtimeRunning":true,"runtimeGeneration":1,"residentMemoryBytes":151072768,"threadCount":38,"processCpuMillis":70726,"elapsedRealtimeMillis":8422768,"activeConnections":0,"tunInboundPackets":3,"tunOutboundPackets":0,"tunDroppedPackets":0,"udpRemoteOpenEvents":0,"udpRemoteWrittenBytes":0,"udpRemoteReadBytes":0,"fatalTunErrors":0,"unrecoveredTransitions":0}
1791167960.762 23960 23960 I XrayDeviceProbe: XRAY_ANDROID_PROBE state=stopped
1791167961.982 23960 23960 I XrayDeviceProbe: XRAY_ANDROID_PROBE state=counters-reset
1791167962.158 23960 23960 I XrayDeviceProbe: XRAY_ANDROID_PROBE state=started
1791167962.239 23960 13026 I XrayDeviceProbe: XRAY_ANDROID_PROBE kind=http result=passed sequence=1 elapsedSeconds=0
1791167965.345 23960 13026 I XrayDeviceProbe: XRAY_ANDROID_PROBE kind=udp result=passed sequence=1 elapsedSeconds=3
1791167965.706 23960 23960 I XrayDeviceProbe: XRAY_ANDROID_PROBE state=stopped
1791167966.914 23960 23960 I XrayDeviceProbe: XRAY_ANDROID_PROBE state=stopped
1791167968.121 23960 23960 I XrayDeviceProbe: XRAY_ANDROID_PROBE state=counters-reset
1791167968.317 23960 23960 I XrayDeviceProbe: XRAY_ANDROID_PROBE state=started
1791167968.350 23960 13072 I XrayDeviceProbe: XRAY_ANDROID_PROBE kind=http result=passed sequence=1 elapsedSeconds=0
1791167968.536 24006 24006 I XrayDeviceGate: XRAY_ANDROID_LIFECYCLE state=connections-close-requested accepted=2
1791167968.541 24006 24006 I XrayDeviceGate: XRAY_ANDROID_SAMPLE {"tunBackend":"packet-pump","probeOnly":true,"runtimeRunning":true,"runtimeGeneration":1,"residentMemoryBytes":151060480,"threadCount":38,"processCpuMillis":70883,"elapsedRealtimeMillis":8431370,"activeConnections":0,"tunInboundPackets":23,"tunOutboundPackets":15,"tunDroppedPackets":0,"udpRemoteOpenEvents":2,"udpRemoteWrittenBytes":134,"udpRemoteReadBytes":83,"fatalTunErrors":0,"unrecoveredTransitions":0}
1791167969.883 24006 12984 I XrayDeviceGate: XRAY_ANDROID_SAMPLE {"tunBackend":"packet-pump","probeOnly":true,"runtimeRunning":true,"runtimeGeneration":1,"residentMemoryBytes":151330816,"threadCount":38,"processCpuMillis":70954,"elapsedRealtimeMillis":8432712,"activeConnections":0,"tunInboundPackets":23,"tunOutboundPackets":15,"tunDroppedPackets":0,"udpRemoteOpenEvents":2,"udpRemoteWrittenBytes":134,"udpRemoteReadBytes":83,"fatalTunErrors":0,"unrecoveredTransitions":0}
1791167973.357 23960 13072 W XrayDeviceProbe: XRAY_ANDROID_UDP_FAILURE queryTag=0f0cfb88231e3d60 localPort=37807 errorCode=SocketTimeoutException
1791167973.360 23960 13072 I XrayDeviceProbe: XRAY_ANDROID_PROBE kind=udp result=failed errorCode=SocketTimeoutException elapsedSeconds=5
1791167976.632 24006 24006 I XrayDeviceGate: XRAY_ANDROID_LIFECYCLE state=connections-close-requested accepted=0
1791167976.635 24006 24006 I XrayDeviceGate: XRAY_ANDROID_SAMPLE {"tunBackend":"packet-pump","probeOnly":true,"runtimeRunning":true,"runtimeGeneration":1,"residentMemoryBytes":151744512,"threadCount":38,"processCpuMillis":71124,"elapsedRealtimeMillis":8439465,"activeConnections":0,"tunInboundPackets":24,"tunOutboundPackets":15,"tunDroppedPackets":0,"udpRemoteOpenEvents":2,"udpRemoteWrittenBytes":134,"udpRemoteReadBytes":83,"fatalTunErrors":0,"unrecoveredTransitions":0}
1791167978.435 23960 23960 I XrayDeviceProbe: XRAY_ANDROID_PROBE state=stopped
1791167979.704 23960 23960 I XrayDeviceProbe: XRAY_ANDROID_PROBE state=counters-reset
1791167979.887 24006 12984 I XrayDeviceGate: XRAY_ANDROID_SAMPLE {"tunBackend":"packet-pump","probeOnly":true,"runtimeRunning":true,"runtimeGeneration":1,"residentMemoryBytes":150896640,"threadCount":38,"processCpuMillis":71199,"elapsedRealtimeMillis":8442716,"activeConnections":0,"tunInboundPackets":24,"tunOutboundPackets":15,"tunDroppedPackets":0,"udpRemoteOpenEvents":2,"udpRemoteWrittenBytes":134,"udpRemoteReadBytes":83,"fatalTunErrors":0,"unrecoveredTransitions":0}
1791167979.903 23960 23960 I XrayDeviceProbe: XRAY_ANDROID_PROBE state=started
1791167979.941 23960 13143 I XrayDeviceProbe: XRAY_ANDROID_PROBE kind=http result=passed sequence=1 elapsedSeconds=0
1791167983.162 23960 13143 I XrayDeviceProbe: XRAY_ANDROID_PROBE kind=udp result=passed sequence=1 elapsedSeconds=3
1791167983.955 23960 23960 I XrayDeviceProbe: XRAY_ANDROID_PROBE state=stopped
1791167985.254 23960 23960 I XrayDeviceProbe: XRAY_ANDROID_PROBE state=stopped
1791167986.453 23960 23960 I XrayDeviceProbe: XRAY_ANDROID_PROBE state=counters-reset
1791167986.640 23960 23960 I XrayDeviceProbe: XRAY_ANDROID_PROBE state=started
1791167986.678 23960 13192 I XrayDeviceProbe: XRAY_ANDROID_PROBE kind=http result=passed sequence=1 elapsedSeconds=0
1791167986.947 24006 24006 I XrayDeviceGate: XRAY_ANDROID_SAMPLE {"tunBackend":"packet-pump","probeOnly":true,"runtimeRunning":false,"runtimeGeneration":1,"residentMemoryBytes":147062784,"threadCount":30,"processCpuMillis":71328,"elapsedRealtimeMillis":8449777,"activeConnections":0,"tunInboundPackets":24,"tunOutboundPackets":15,"tunDroppedPackets":0,"udpRemoteOpenEvents":2,"udpRemoteWrittenBytes":134,"udpRemoteReadBytes":83,"fatalTunErrors":0,"unrecoveredTransitions":0}
1791167986.948 24006 24006 I XrayDeviceGate: XRAY_ANDROID_LIFECYCLE state=stopped
1791167991.689 23960 13192 W XrayDeviceProbe: XRAY_ANDROID_UDP_FAILURE queryTag=a34fcd16b05a160b localPort=36570 errorCode=SocketTimeoutException
1791167991.692 23960 13192 I XrayDeviceProbe: XRAY_ANDROID_PROBE kind=udp result=failed errorCode=SocketTimeoutException elapsedSeconds=5
1791167994.681 23960 23960 I XrayDeviceProbe: XRAY_ANDROID_PROBE state=stopped
1791167996.022 24006 13248 I XrayDeviceGate: XRAY_ANDROID_SAMPLE {"tunBackend":"packet-pump","probeOnly":true,"runtimeRunning":false,"runtimeGeneration":1,"residentMemoryBytes":147628032,"threadCount":29,"processCpuMillis":71589,"elapsedRealtimeMillis":8458852,"activeConnections":0,"tunInboundPackets":0,"tunOutboundPackets":0,"tunDroppedPackets":0,"udpRemoteOpenEvents":0,"udpRemoteWrittenBytes":0,"udpRemoteReadBytes":0,"fatalTunErrors":0,"unrecoveredTransitions":0}
1791167996.083 24006 13250 I XrayDeviceGate: XRAY_ANDROID_LIFECYCLE state=running generation=2 tunBackend=packet-pump
1791167996.087 24006 13250 I XrayDeviceGate: XRAY_ANDROID_SAMPLE {"tunBackend":"packet-pump","probeOnly":true,"runtimeRunning":true,"runtimeGeneration":2,"residentMemoryBytes":148824064,"threadCount":38,"processCpuMillis":71651,"elapsedRealtimeMillis":8458916,"activeConnections":0,"tunInboundPackets":4,"tunOutboundPackets":0,"tunDroppedPackets":0,"udpRemoteOpenEvents":0,"udpRemoteWrittenBytes":0,"udpRemoteReadBytes":0,"fatalTunErrors":0,"unrecoveredTransitions":0}
1791167996.959 23960 23960 I XrayDeviceProbe: XRAY_ANDROID_PROBE state=counters-reset
1791167997.199 23960 23960 I XrayDeviceProbe: XRAY_ANDROID_PROBE state=started
1791167997.244 23960 13285 I XrayDeviceProbe: XRAY_ANDROID_PROBE kind=http result=passed sequence=1 elapsedSeconds=0
1791168000.571 23960 13285 I XrayDeviceProbe: XRAY_ANDROID_PROBE kind=udp result=passed sequence=1 elapsedSeconds=3
1791168001.281 23960 23960 I XrayDeviceProbe: XRAY_ANDROID_PROBE state=stopped
1791168002.837 24006 24006 I XrayDeviceGate: XRAY_ANDROID_LIFECYCLE state=stopped
1791168002.837 24006 24006 I XrayDeviceGate: XRAY_ANDROID_SAMPLE {"tunBackend":"packet-pump","probeOnly":true,"runtimeRunning":false,"runtimeGeneration":2,"residentMemoryBytes":149024768,"threadCount":30,"processCpuMillis":71825,"elapsedRealtimeMillis":8465666,"activeConnections":0,"tunInboundPackets":4,"tunOutboundPackets":0,"tunDroppedPackets":0,"udpRemoteOpenEvents":0,"udpRemoteWrittenBytes":0,"udpRemoteReadBytes":0,"fatalTunErrors":0,"unrecoveredTransitions":0}
1791168003.571 23960 23960 I XrayDeviceProbe: XRAY_ANDROID_PROBE state=stopped
1791168004.890 24006 13350 I XrayDeviceGate: XRAY_ANDROID_SAMPLE {"tunBackend":"file-descriptor","probeOnly":false,"runtimeRunning":false,"runtimeGeneration":2,"residentMemoryBytes":149262336,"threadCount":29,"processCpuMillis":71953,"elapsedRealtimeMillis":8467720,"activeConnections":0,"tunInboundPackets":0,"tunOutboundPackets":0,"tunDroppedPackets":0,"udpRemoteOpenEvents":0,"udpRemoteWrittenBytes":0,"udpRemoteReadBytes":0,"fatalTunErrors":0,"unrecoveredTransitions":0}
1791168004.895 24006 24006 I XrayDeviceGate: XRAY_ANDROID_LIFECYCLE state=stopped
1791168004.895 24006 24006 I XrayDeviceGate: XRAY_ANDROID_SAMPLE {"tunBackend":"file-descriptor","probeOnly":false,"runtimeRunning":false,"runtimeGeneration":2,"residentMemoryBytes":149262336,"threadCount":29,"processCpuMillis":71959,"elapsedRealtimeMillis":8467724,"activeConnections":0,"tunInboundPackets":0,"tunOutboundPackets":0,"tunDroppedPackets":0,"udpRemoteOpenEvents":0,"udpRemoteWrittenBytes":0,"udpRemoteReadBytes":0,"fatalTunErrors":0,"unrecoveredTransitions":0}
1791168006.867 23960 23960 I XrayDeviceProbe: XRAY_ANDROID_PROBE state=stopped
1791168008.174 24006 13381 I XrayDeviceGate: XRAY_ANDROID_SAMPLE {"tunBackend":"file-descriptor","probeOnly":false,"runtimeRunning":false,"runtimeGeneration":2,"residentMemoryBytes":149479424,"threadCount":29,"processCpuMillis":72096,"elapsedRealtimeMillis":8471003,"activeConnections":0,"tunInboundPackets":0,"tunOutboundPackets":0,"tunDroppedPackets":0,"udpRemoteOpenEvents":0,"udpRemoteWrittenBytes":0,"udpRemoteReadBytes":0,"fatalTunErrors":0,"unrecoveredTransitions":0}
1791168008.174 24006 24006 I XrayDeviceGate: XRAY_ANDROID_LIFECYCLE state=stopped
1791168008.174 24006 24006 I XrayDeviceGate: XRAY_ANDROID_SAMPLE {"tunBackend":"file-descriptor","probeOnly":false,"runtimeRunning":false,"runtimeGeneration":2,"residentMemoryBytes":149479424,"threadCount":29,"processCpuMillis":72095,"elapsedRealtimeMillis":8471003,"activeConnections":0,"tunInboundPackets":0,"tunOutboundPackets":0,"tunDroppedPackets":0,"udpRemoteOpenEvents":0,"udpRemoteWrittenBytes":0,"udpRemoteReadBytes":0,"fatalTunErrors":0,"unrecoveredTransitions":0}
1791168008.397 24006 24006 I XrayDeviceGate: XRAY_ANDROID_LIFECYCLE state=counters-reset
1791168008.400 24006 13391 I XrayDeviceGate: XRAY_ANDROID_SAMPLE {"tunBackend":"file-descriptor","probeOnly":false,"runtimeRunning":false,"runtimeGeneration":0,"residentMemoryBytes":149749760,"threadCount":29,"processCpuMillis":72145,"elapsedRealtimeMillis":8471229,"activeConnections":0,"tunInboundPackets":0,"tunOutboundPackets":0,"tunDroppedPackets":0,"udpRemoteOpenEvents":0,"udpRemoteWrittenBytes":0,"udpRemoteReadBytes":0,"fatalTunErrors":0,"unrecoveredTransitions":0}
1791168009.631 24006 13415 I XrayDeviceGate: XRAY_ANDROID_SAMPLE {"tunBackend":"file-descriptor","probeOnly":true,"runtimeRunning":false,"runtimeGeneration":0,"residentMemoryBytes":149757952,"threadCount":29,"processCpuMillis":72211,"elapsedRealtimeMillis":8472460,"activeConnections":0,"tunInboundPackets":0,"tunOutboundPackets":0,"tunDroppedPackets":0,"udpRemoteOpenEvents":0,"udpRemoteWrittenBytes":0,"udpRemoteReadBytes":0,"fatalTunErrors":0,"unrecoveredTransitions":0}
1791168009.684 24006 13417 I XrayDeviceGate: XRAY_ANDROID_LIFECYCLE state=running generation=1 tunBackend=file-descriptor
1791168009.689 24006 13417 I XrayDeviceGate: XRAY_ANDROID_SAMPLE {"tunBackend":"file-descriptor","probeOnly":true,"runtimeRunning":true,"runtimeGeneration":1,"residentMemoryBytes":151101440,"threadCount":36,"processCpuMillis":72263,"elapsedRealtimeMillis":8472518,"activeConnections":0,"tunInboundPackets":3,"tunOutboundPackets":0,"tunDroppedPackets":0,"udpRemoteOpenEvents":0,"udpRemoteWrittenBytes":0,"udpRemoteReadBytes":0,"fatalTunErrors":0,"unrecoveredTransitions":0}
1791168010.512 23960 23960 I XrayDeviceProbe: XRAY_ANDROID_PROBE state=stopped
1791168011.748 23960 23960 I XrayDeviceProbe: XRAY_ANDROID_PROBE state=counters-reset
1791168011.943 23960 23960 I XrayDeviceProbe: XRAY_ANDROID_PROBE state=started
1791168012.039 23960 13454 I XrayDeviceProbe: XRAY_ANDROID_PROBE kind=http result=passed sequence=1 elapsedSeconds=0
1791168015.117 23960 13454 I XrayDeviceProbe: XRAY_ANDROID_PROBE kind=udp result=passed sequence=1 elapsedSeconds=3
1791168015.569 23960 23960 I XrayDeviceProbe: XRAY_ANDROID_PROBE state=stopped
1791168016.787 23960 23960 I XrayDeviceProbe: XRAY_ANDROID_PROBE state=stopped
1791168017.992 23960 23960 I XrayDeviceProbe: XRAY_ANDROID_PROBE state=counters-reset
1791168018.183 23960 23960 I XrayDeviceProbe: XRAY_ANDROID_PROBE state=started
1791168018.217 23960 13500 I XrayDeviceProbe: XRAY_ANDROID_PROBE kind=http result=passed sequence=1 elapsedSeconds=0
1791168018.512 24006 24006 I XrayDeviceGate: XRAY_ANDROID_LIFECYCLE state=connections-close-requested accepted=2
1791168018.516 24006 24006 I XrayDeviceGate: XRAY_ANDROID_SAMPLE {"tunBackend":"file-descriptor","probeOnly":true,"runtimeRunning":true,"runtimeGeneration":1,"residentMemoryBytes":151203840,"threadCount":36,"processCpuMillis":72377,"elapsedRealtimeMillis":8481346,"activeConnections":0,"tunInboundPackets":24,"tunOutboundPackets":15,"tunDroppedPackets":0,"udpRemoteOpenEvents":2,"udpRemoteWrittenBytes":134,"udpRemoteReadBytes":83,"fatalTunErrors":0,"unrecoveredTransitions":0}
1791168019.634 24006 13415 I XrayDeviceGate: XRAY_ANDROID_SAMPLE {"tunBackend":"file-descriptor","probeOnly":true,"runtimeRunning":true,"runtimeGeneration":1,"residentMemoryBytes":151511040,"threadCount":36,"processCpuMillis":72436,"elapsedRealtimeMillis":8482463,"activeConnections":0,"tunInboundPackets":24,"tunOutboundPackets":15,"tunDroppedPackets":0,"udpRemoteOpenEvents":2,"udpRemoteWrittenBytes":134,"udpRemoteReadBytes":83,"fatalTunErrors":0,"unrecoveredTransitions":0}
1791168023.227 23960 13500 W XrayDeviceProbe: XRAY_ANDROID_UDP_FAILURE queryTag=39c891be702a4f0b localPort=54120 errorCode=SocketTimeoutException
1791168023.229 23960 13500 I XrayDeviceProbe: XRAY_ANDROID_PROBE kind=udp result=failed errorCode=SocketTimeoutException elapsedSeconds=5
1791168026.519 24006 24006 I XrayDeviceGate: XRAY_ANDROID_LIFECYCLE state=connections-close-requested accepted=0
1791168026.522 24006 24006 I XrayDeviceGate: XRAY_ANDROID_SAMPLE {"tunBackend":"file-descriptor","probeOnly":true,"runtimeRunning":true,"runtimeGeneration":1,"residentMemoryBytes":151248896,"threadCount":36,"processCpuMillis":72568,"elapsedRealtimeMillis":8489352,"activeConnections":0,"tunInboundPackets":25,"tunOutboundPackets":15,"tunDroppedPackets":0,"udpRemoteOpenEvents":2,"udpRemoteWrittenBytes":134,"udpRemoteReadBytes":83,"fatalTunErrors":0,"unrecoveredTransitions":0}
1791168028.328 23960 23960 I XrayDeviceProbe: XRAY_ANDROID_PROBE state=stopped
1791168029.573 23960 23960 I XrayDeviceProbe: XRAY_ANDROID_PROBE state=counters-reset
1791168029.638 24006 13415 I XrayDeviceGate: XRAY_ANDROID_SAMPLE {"tunBackend":"file-descriptor","probeOnly":true,"runtimeRunning":true,"runtimeGeneration":1,"residentMemoryBytes":150884352,"threadCount":36,"processCpuMillis":72630,"elapsedRealtimeMillis":8492467,"activeConnections":0,"tunInboundPackets":25,"tunOutboundPackets":15,"tunDroppedPackets":0,"udpRemoteOpenEvents":2,"udpRemoteWrittenBytes":134,"udpRemoteReadBytes":83,"fatalTunErrors":0,"unrecoveredTransitions":0}
1791168029.765 23960 23960 I XrayDeviceProbe: XRAY_ANDROID_PROBE state=started
1791168029.965 23960 13574 I XrayDeviceProbe: XRAY_ANDROID_PROBE kind=http result=passed sequence=1 elapsedSeconds=0
1791168033.031 23960 13574 I XrayDeviceProbe: XRAY_ANDROID_PROBE kind=udp result=passed sequence=1 elapsedSeconds=3
1791168033.815 23960 23960 I XrayDeviceProbe: XRAY_ANDROID_PROBE state=stopped
1791168035.118 23960 23960 I XrayDeviceProbe: XRAY_ANDROID_PROBE state=stopped
1791168036.317 23960 23960 I XrayDeviceProbe: XRAY_ANDROID_PROBE state=counters-reset
1791168036.486 23960 23960 I XrayDeviceProbe: XRAY_ANDROID_PROBE state=started
1791168036.523 23960 13624 I XrayDeviceProbe: XRAY_ANDROID_PROBE kind=http result=passed sequence=1 elapsedSeconds=0
1791168036.734 24006 24006 I XrayDeviceGate: XRAY_ANDROID_LIFECYCLE state=stopped
1791168036.734 24006 24006 I XrayDeviceGate: XRAY_ANDROID_SAMPLE {"tunBackend":"file-descriptor","probeOnly":true,"runtimeRunning":false,"runtimeGeneration":1,"residentMemoryBytes":147218432,"threadCount":30,"processCpuMillis":72720,"elapsedRealtimeMillis":8499563,"activeConnections":0,"tunInboundPackets":25,"tunOutboundPackets":15,"tunDroppedPackets":0,"udpRemoteOpenEvents":2,"udpRemoteWrittenBytes":134,"udpRemoteReadBytes":83,"fatalTunErrors":0,"unrecoveredTransitions":0}
1791168041.534 23960 13624 W XrayDeviceProbe: XRAY_ANDROID_UDP_FAILURE queryTag=1dc31990a1855a78 localPort=38721 errorCode=SocketTimeoutException
1791168041.536 23960 13624 I XrayDeviceProbe: XRAY_ANDROID_PROBE kind=udp result=failed errorCode=SocketTimeoutException elapsedSeconds=5
1791168044.372 23960 23960 I XrayDeviceProbe: XRAY_ANDROID_PROBE state=stopped
1791168045.723 24006 13682 I XrayDeviceGate: XRAY_ANDROID_SAMPLE {"tunBackend":"file-descriptor","probeOnly":true,"runtimeRunning":false,"runtimeGeneration":1,"residentMemoryBytes":147668992,"threadCount":29,"processCpuMillis":72993,"elapsedRealtimeMillis":8508552,"activeConnections":0,"tunInboundPackets":0,"tunOutboundPackets":0,"tunDroppedPackets":0,"udpRemoteOpenEvents":0,"udpRemoteWrittenBytes":0,"udpRemoteReadBytes":0,"fatalTunErrors":0,"unrecoveredTransitions":0}
1791168045.792 24006 13684 I XrayDeviceGate: XRAY_ANDROID_LIFECYCLE state=running generation=2 tunBackend=file-descriptor
1791168045.796 24006 13684 I XrayDeviceGate: XRAY_ANDROID_SAMPLE {"tunBackend":"file-descriptor","probeOnly":true,"runtimeRunning":true,"runtimeGeneration":2,"residentMemoryBytes":148860928,"threadCount":36,"processCpuMillis":73057,"elapsedRealtimeMillis":8508625,"activeConnections":0,"tunInboundPackets":3,"tunOutboundPackets":0,"tunDroppedPackets":0,"udpRemoteOpenEvents":0,"udpRemoteWrittenBytes":0,"udpRemoteReadBytes":0,"fatalTunErrors":0,"unrecoveredTransitions":0}
1791168046.623 23960 23960 I XrayDeviceProbe: XRAY_ANDROID_PROBE state=counters-reset
1791168046.890 23960 23960 I XrayDeviceProbe: XRAY_ANDROID_PROBE state=started
1791168046.932 23960 13717 I XrayDeviceProbe: XRAY_ANDROID_PROBE kind=http result=passed sequence=1 elapsedSeconds=0
1791168050.029 23960 13717 I XrayDeviceProbe: XRAY_ANDROID_PROBE kind=udp result=passed sequence=1 elapsedSeconds=3
1791168050.978 23960 23960 I XrayDeviceProbe: XRAY_ANDROID_PROBE state=stopped
1791168052.362 24006 24006 I XrayDeviceGate: XRAY_ANDROID_LIFECYCLE state=stopped
1791168052.362 24006 24006 I XrayDeviceGate: XRAY_ANDROID_SAMPLE {"tunBackend":"file-descriptor","probeOnly":true,"runtimeRunning":false,"runtimeGeneration":2,"residentMemoryBytes":148865024,"threadCount":30,"processCpuMillis":73172,"elapsedRealtimeMillis":8515192,"activeConnections":0,"tunInboundPackets":3,"tunOutboundPackets":0,"tunDroppedPackets":0,"udpRemoteOpenEvents":0,"udpRemoteWrittenBytes":0,"udpRemoteReadBytes":0,"fatalTunErrors":0,"unrecoveredTransitions":0}
1791168052.641 23960 23960 I XrayDeviceProbe: XRAY_ANDROID_PROBE state=stopped
1791168053.944 24006 13777 I XrayDeviceGate: XRAY_ANDROID_SAMPLE {"tunBackend":"file-descriptor","probeOnly":false,"runtimeRunning":false,"runtimeGeneration":2,"residentMemoryBytes":148926464,"threadCount":29,"processCpuMillis":73310,"elapsedRealtimeMillis":8516773,"activeConnections":0,"tunInboundPackets":0,"tunOutboundPackets":0,"tunDroppedPackets":0,"udpRemoteOpenEvents":0,"udpRemoteWrittenBytes":0,"udpRemoteReadBytes":0,"fatalTunErrors":0,"unrecoveredTransitions":0}
1791168053.944 24006 24006 I XrayDeviceGate: XRAY_ANDROID_LIFECYCLE state=stopped
1791168053.944 24006 24006 I XrayDeviceGate: XRAY_ANDROID_SAMPLE {"tunBackend":"file-descriptor","probeOnly":false,"runtimeRunning":false,"runtimeGeneration":2,"residentMemoryBytes":148926464,"threadCount":29,"processCpuMillis":73310,"elapsedRealtimeMillis":8516773,"activeConnections":0,"tunInboundPackets":0,"tunOutboundPackets":0,"tunDroppedPackets":0,"udpRemoteOpenEvents":0,"udpRemoteWrittenBytes":0,"udpRemoteReadBytes":0,"fatalTunErrors":0,"unrecoveredTransitions":0}
1791168055.883 23960 23960 I XrayDeviceProbe: XRAY_ANDROID_PROBE state=stopped
1791168057.189 24006 13806 I XrayDeviceGate: XRAY_ANDROID_SAMPLE {"tunBackend":"file-descriptor","probeOnly":false,"runtimeRunning":false,"runtimeGeneration":2,"residentMemoryBytes":148434944,"threadCount":29,"processCpuMillis":73435,"elapsedRealtimeMillis":8520018,"activeConnections":0,"tunInboundPackets":0,"tunOutboundPackets":0,"tunDroppedPackets":0,"udpRemoteOpenEvents":0,"udpRemoteWrittenBytes":0,"udpRemoteReadBytes":0,"fatalTunErrors":0,"unrecoveredTransitions":0}
1791168057.192 24006 24006 I XrayDeviceGate: XRAY_ANDROID_LIFECYCLE state=stopped
1791168057.192 24006 24006 I XrayDeviceGate: XRAY_ANDROID_SAMPLE {"tunBackend":"file-descriptor","probeOnly":false,"runtimeRunning":false,"runtimeGeneration":2,"residentMemoryBytes":148434944,"threadCount":29,"processCpuMillis":73440,"elapsedRealtimeMillis":8520021,"activeConnections":0,"tunInboundPackets":0,"tunOutboundPackets":0,"tunDroppedPackets":0,"udpRemoteOpenEvents":0,"udpRemoteWrittenBytes":0,"udpRemoteReadBytes":0,"fatalTunErrors":0,"unrecoveredTransitions":0}
1791168057.392 24006 24006 I XrayDeviceGate: XRAY_ANDROID_LIFECYCLE state=counters-reset
1791168057.394 24006 13816 I XrayDeviceGate: XRAY_ANDROID_SAMPLE {"tunBackend":"file-descriptor","probeOnly":false,"runtimeRunning":false,"runtimeGeneration":2,"residentMemoryBytes":148713472,"threadCount":29,"processCpuMillis":73491,"elapsedRealtimeMillis":8520223,"activeConnections":0,"tunInboundPackets":0,"tunOutboundPackets":0,"tunDroppedPackets":0,"udpRemoteOpenEvents":0,"udpRemoteWrittenBytes":0,"udpRemoteReadBytes":0,"fatalTunErrors":0,"unrecoveredTransitions":0}
1791168058.648 24006 13840 I XrayDeviceGate: XRAY_ANDROID_SAMPLE {"tunBackend":"packet-pump","probeOnly":true,"runtimeRunning":false,"runtimeGeneration":0,"residentMemoryBytes":148738048,"threadCount":29,"processCpuMillis":73558,"elapsedRealtimeMillis":8521477,"activeConnections":0,"tunInboundPackets":0,"tunOutboundPackets":0,"tunDroppedPackets":0,"udpRemoteOpenEvents":0,"udpRemoteWrittenBytes":0,"udpRemoteReadBytes":0,"fatalTunErrors":0,"unrecoveredTransitions":0}
1791168058.703 24006 13841 I XrayDeviceGate: XRAY_ANDROID_LIFECYCLE state=running generation=1 tunBackend=packet-pump
1791168058.707 24006 13841 I XrayDeviceGate: XRAY_ANDROID_SAMPLE {"tunBackend":"packet-pump","probeOnly":true,"runtimeRunning":true,"runtimeGeneration":1,"residentMemoryBytes":150126592,"threadCount":38,"processCpuMillis":73614,"elapsedRealtimeMillis":8521536,"activeConnections":0,"tunInboundPackets":3,"tunOutboundPackets":0,"tunDroppedPackets":0,"udpRemoteOpenEvents":0,"udpRemoteWrittenBytes":0,"udpRemoteReadBytes":0,"fatalTunErrors":0,"unrecoveredTransitions":0}
1791168059.519 23960 23960 I XrayDeviceProbe: XRAY_ANDROID_PROBE state=stopped
1791168060.756 23960 23960 I XrayDeviceProbe: XRAY_ANDROID_PROBE state=counters-reset
1791168060.945 23960 23960 I XrayDeviceProbe: XRAY_ANDROID_PROBE state=started
1791168060.977 23960 13881 I XrayDeviceProbe: XRAY_ANDROID_PROBE kind=http result=passed sequence=1 elapsedSeconds=0
1791168064.058 23960 13881 I XrayDeviceProbe: XRAY_ANDROID_PROBE kind=udp result=passed sequence=1 elapsedSeconds=3
1791168064.415 23960 23960 I XrayDeviceProbe: XRAY_ANDROID_PROBE state=stopped
1791168065.622 23960 23960 I XrayDeviceProbe: XRAY_ANDROID_PROBE state=stopped
1791168066.823 23960 23960 I XrayDeviceProbe: XRAY_ANDROID_PROBE state=counters-reset
1791168067.015 23960 23960 I XrayDeviceProbe: XRAY_ANDROID_PROBE state=started
1791168067.135 23960 13929 I XrayDeviceProbe: XRAY_ANDROID_PROBE kind=http result=passed sequence=1 elapsedSeconds=0
1791168067.329 24006 24006 I XrayDeviceGate: XRAY_ANDROID_LIFECYCLE state=connections-close-requested accepted=2
1791168067.333 24006 24006 I XrayDeviceGate: XRAY_ANDROID_SAMPLE {"tunBackend":"packet-pump","probeOnly":true,"runtimeRunning":true,"runtimeGeneration":1,"residentMemoryBytes":150679552,"threadCount":38,"processCpuMillis":73773,"elapsedRealtimeMillis":8530162,"activeConnections":0,"tunInboundPackets":22,"tunOutboundPackets":15,"tunDroppedPackets":0,"udpRemoteOpenEvents":2,"udpRemoteWrittenBytes":134,"udpRemoteReadBytes":83,"fatalTunErrors":0,"unrecoveredTransitions":0}
1791168068.651 24006 13840 I XrayDeviceGate: XRAY_ANDROID_SAMPLE {"tunBackend":"packet-pump","probeOnly":true,"runtimeRunning":true,"runtimeGeneration":1,"residentMemoryBytes":150966272,"threadCount":38,"processCpuMillis":73834,"elapsedRealtimeMillis":8531480,"activeConnections":0,"tunInboundPackets":22,"tunOutboundPackets":15,"tunDroppedPackets":0,"udpRemoteOpenEvents":2,"udpRemoteWrittenBytes":134,"udpRemoteReadBytes":83,"fatalTunErrors":0,"unrecoveredTransitions":0}
1791168072.145 23960 13929 W XrayDeviceProbe: XRAY_ANDROID_UDP_FAILURE queryTag=ce59a923d7b17ff1 localPort=60103 errorCode=SocketTimeoutException
1791168072.147 23960 13929 I XrayDeviceProbe: XRAY_ANDROID_PROBE kind=udp result=failed errorCode=SocketTimeoutException elapsedSeconds=5
1791168075.083 24006 24006 I XrayDeviceGate: XRAY_ANDROID_LIFECYCLE state=connections-close-requested accepted=0
1791168075.086 24006 24006 I XrayDeviceGate: XRAY_ANDROID_SAMPLE {"tunBackend":"packet-pump","probeOnly":true,"runtimeRunning":true,"runtimeGeneration":1,"residentMemoryBytes":150827008,"threadCount":38,"processCpuMillis":73994,"elapsedRealtimeMillis":8537915,"activeConnections":0,"tunInboundPackets":23,"tunOutboundPackets":15,"tunDroppedPackets":0,"udpRemoteOpenEvents":2,"udpRemoteWrittenBytes":134,"udpRemoteReadBytes":83,"fatalTunErrors":0,"unrecoveredTransitions":0}
1791168076.906 23960 23960 I XrayDeviceProbe: XRAY_ANDROID_PROBE state=stopped
1791168078.180 23960 23960 I XrayDeviceProbe: XRAY_ANDROID_PROBE state=counters-reset
1791168078.370 23960 23960 I XrayDeviceProbe: XRAY_ANDROID_PROBE state=started
1791168078.403 23960 14034 I XrayDeviceProbe: XRAY_ANDROID_PROBE kind=http result=passed sequence=1 elapsedSeconds=0
1791168078.655 24006 13840 I XrayDeviceGate: XRAY_ANDROID_SAMPLE {"tunBackend":"packet-pump","probeOnly":true,"runtimeRunning":true,"runtimeGeneration":1,"residentMemoryBytes":146219008,"threadCount":38,"processCpuMillis":74114,"elapsedRealtimeMillis":8541484,"activeConnections":1,"tunInboundPackets":30,"tunOutboundPackets":19,"tunDroppedPackets":0,"udpRemoteOpenEvents":3,"udpRemoteWrittenBytes":201,"udpRemoteReadBytes":83,"fatalTunErrors":0,"unrecoveredTransitions":0}
1791168081.612 23960 14034 I XrayDeviceProbe: XRAY_ANDROID_PROBE kind=udp result=passed sequence=1 elapsedSeconds=3
1791168082.464 23960 23960 I XrayDeviceProbe: XRAY_ANDROID_PROBE state=stopped
1791168083.765 23960 23960 I XrayDeviceProbe: XRAY_ANDROID_PROBE state=stopped
1791168084.962 23960 23960 I XrayDeviceProbe: XRAY_ANDROID_PROBE state=counters-reset
1791168085.153 23960 23960 I XrayDeviceProbe: XRAY_ANDROID_PROBE state=started
1791168085.262 23960 14106 I XrayDeviceProbe: XRAY_ANDROID_PROBE kind=http result=passed sequence=1 elapsedSeconds=0
1791168085.528 24006 24006 I XrayDeviceGate: XRAY_ANDROID_LIFECYCLE state=stopped
1791168085.528 24006 24006 I XrayDeviceGate: XRAY_ANDROID_SAMPLE {"tunBackend":"packet-pump","probeOnly":true,"runtimeRunning":false,"runtimeGeneration":1,"residentMemoryBytes":146771968,"threadCount":30,"processCpuMillis":74204,"elapsedRealtimeMillis":8548357,"activeConnections":0,"tunInboundPackets":30,"tunOutboundPackets":19,"tunDroppedPackets":0,"udpRemoteOpenEvents":3,"udpRemoteWrittenBytes":201,"udpRemoteReadBytes":83,"fatalTunErrors":0,"unrecoveredTransitions":0}
1791168090.273 23960 14106 W XrayDeviceProbe: XRAY_ANDROID_UDP_FAILURE queryTag=938cc09266c1dd49 localPort=48164 errorCode=SocketTimeoutException
1791168090.275 23960 14106 I XrayDeviceProbe: XRAY_ANDROID_PROBE kind=udp result=failed errorCode=SocketTimeoutException elapsedSeconds=5
1791168093.264 23960 23960 I XrayDeviceProbe: XRAY_ANDROID_PROBE state=stopped
1791168094.610 24006 14163 I XrayDeviceGate: XRAY_ANDROID_SAMPLE {"tunBackend":"packet-pump","probeOnly":true,"runtimeRunning":false,"runtimeGeneration":1,"residentMemoryBytes":147308544,"threadCount":29,"processCpuMillis":74469,"elapsedRealtimeMillis":8557439,"activeConnections":0,"tunInboundPackets":0,"tunOutboundPackets":0,"tunDroppedPackets":0,"udpRemoteOpenEvents":0,"udpRemoteWrittenBytes":0,"udpRemoteReadBytes":0,"fatalTunErrors":0,"unrecoveredTransitions":0}
1791168094.667 24006 14165 I XrayDeviceGate: XRAY_ANDROID_LIFECYCLE state=running generation=2 tunBackend=packet-pump
1791168094.672 24006 14165 I XrayDeviceGate: XRAY_ANDROID_SAMPLE {"tunBackend":"packet-pump","probeOnly":true,"runtimeRunning":true,"runtimeGeneration":2,"residentMemoryBytes":148504576,"threadCount":38,"processCpuMillis":74530,"elapsedRealtimeMillis":8557501,"activeConnections":0,"tunInboundPackets":3,"tunOutboundPackets":0,"tunDroppedPackets":0,"udpRemoteOpenEvents":0,"udpRemoteWrittenBytes":0,"udpRemoteReadBytes":0,"fatalTunErrors":0,"unrecoveredTransitions":0}
1791168095.540 23960 23960 I XrayDeviceProbe: XRAY_ANDROID_PROBE state=counters-reset
1791168095.779 23960 23960 I XrayDeviceProbe: XRAY_ANDROID_PROBE state=started
1791168096.015 23960 14199 I XrayDeviceProbe: XRAY_ANDROID_PROBE kind=http result=passed sequence=1 elapsedSeconds=0
1791168099.079 23960 14199 I XrayDeviceProbe: XRAY_ANDROID_PROBE kind=udp result=passed sequence=1 elapsedSeconds=3
1791168099.796 23960 23960 I XrayDeviceProbe: XRAY_ANDROID_PROBE state=stopped
1791168101.348 24006 24006 I XrayDeviceGate: XRAY_ANDROID_LIFECYCLE state=stopped
1791168101.348 24006 24006 I XrayDeviceGate: XRAY_ANDROID_SAMPLE {"tunBackend":"packet-pump","probeOnly":true,"runtimeRunning":false,"runtimeGeneration":2,"residentMemoryBytes":149057536,"threadCount":30,"processCpuMillis":74702,"elapsedRealtimeMillis":8564177,"activeConnections":0,"tunInboundPackets":3,"tunOutboundPackets":0,"tunDroppedPackets":0,"udpRemoteOpenEvents":0,"udpRemoteWrittenBytes":0,"udpRemoteReadBytes":0,"fatalTunErrors":0,"unrecoveredTransitions":0}
1791168102.098 23960 23960 I XrayDeviceProbe: XRAY_ANDROID_PROBE state=stopped
1791168103.408 24006 14261 I XrayDeviceGate: XRAY_ANDROID_SAMPLE {"tunBackend":"file-descriptor","probeOnly":false,"runtimeRunning":false,"runtimeGeneration":2,"residentMemoryBytes":149303296,"threadCount":29,"processCpuMillis":74835,"elapsedRealtimeMillis":8566238,"activeConnections":0,"tunInboundPackets":0,"tunOutboundPackets":0,"tunDroppedPackets":0,"udpRemoteOpenEvents":0,"udpRemoteWrittenBytes":0,"udpRemoteReadBytes":0,"fatalTunErrors":0,"unrecoveredTransitions":0}
1791168103.408 24006 24006 I XrayDeviceGate: XRAY_ANDROID_LIFECYCLE state=stopped
1791168103.408 24006 24006 I XrayDeviceGate: XRAY_ANDROID_SAMPLE {"tunBackend":"file-descriptor","probeOnly":false,"runtimeRunning":false,"runtimeGeneration":2,"residentMemoryBytes":149303296,"threadCount":29,"processCpuMillis":74835,"elapsedRealtimeMillis":8566238,"activeConnections":0,"tunInboundPackets":0,"tunOutboundPackets":0,"tunDroppedPackets":0,"udpRemoteOpenEvents":0,"udpRemoteWrittenBytes":0,"udpRemoteReadBytes":0,"fatalTunErrors":0,"unrecoveredTransitions":0}
1791168105.370 23960 23960 I XrayDeviceProbe: XRAY_ANDROID_PROBE state=stopped
1791168106.665 24006 14288 I XrayDeviceGate: XRAY_ANDROID_SAMPLE {"tunBackend":"file-descriptor","probeOnly":false,"runtimeRunning":false,"runtimeGeneration":2,"residentMemoryBytes":149463040,"threadCount":29,"processCpuMillis":74962,"elapsedRealtimeMillis":8569495,"activeConnections":0,"tunInboundPackets":0,"tunOutboundPackets":0,"tunDroppedPackets":0,"udpRemoteOpenEvents":0,"udpRemoteWrittenBytes":0,"udpRemoteReadBytes":0,"fatalTunErrors":0,"unrecoveredTransitions":0}
1791168106.669 24006 24006 I XrayDeviceGate: XRAY_ANDROID_LIFECYCLE state=stopped
1791168106.669 24006 24006 I XrayDeviceGate: XRAY_ANDROID_SAMPLE {"tunBackend":"file-descriptor","probeOnly":false,"runtimeRunning":false,"runtimeGeneration":2,"residentMemoryBytes":149463040,"threadCount":29,"processCpuMillis":74966,"elapsedRealtimeMillis":8569498,"activeConnections":0,"tunInboundPackets":0,"tunOutboundPackets":0,"tunDroppedPackets":0,"udpRemoteOpenEvents":0,"udpRemoteWrittenBytes":0,"udpRemoteReadBytes":0,"fatalTunErrors":0,"unrecoveredTransitions":0}
1791168106.890 24006 24006 I XrayDeviceGate: XRAY_ANDROID_LIFECYCLE state=counters-reset
1791168106.892 24006 14298 I XrayDeviceGate: XRAY_ANDROID_SAMPLE {"tunBackend":"file-descriptor","probeOnly":false,"runtimeRunning":false,"runtimeGeneration":0,"residentMemoryBytes":149737472,"threadCount":29,"processCpuMillis":75012,"elapsedRealtimeMillis":8569722,"activeConnections":0,"tunInboundPackets":0,"tunOutboundPackets":0,"tunDroppedPackets":0,"udpRemoteOpenEvents":0,"udpRemoteWrittenBytes":0,"udpRemoteReadBytes":0,"fatalTunErrors":0,"unrecoveredTransitions":0}
1791168108.127 24006 14323 I XrayDeviceGate: XRAY_ANDROID_SAMPLE {"tunBackend":"file-descriptor","probeOnly":true,"runtimeRunning":false,"runtimeGeneration":0,"residentMemoryBytes":149757952,"threadCount":29,"processCpuMillis":75087,"elapsedRealtimeMillis":8570956,"activeConnections":0,"tunInboundPackets":0,"tunOutboundPackets":0,"tunDroppedPackets":0,"udpRemoteOpenEvents":0,"udpRemoteWrittenBytes":0,"udpRemoteReadBytes":0,"fatalTunErrors":0,"unrecoveredTransitions":0}
1791168108.180 24006 14326 I XrayDeviceGate: XRAY_ANDROID_LIFECYCLE state=running generation=1 tunBackend=file-descriptor
1791168108.184 24006 14326 I XrayDeviceGate: XRAY_ANDROID_SAMPLE {"tunBackend":"file-descriptor","probeOnly":true,"runtimeRunning":true,"runtimeGeneration":1,"residentMemoryBytes":151093248,"threadCount":36,"processCpuMillis":75138,"elapsedRealtimeMillis":8571013,"activeConnections":0,"tunInboundPackets":3,"tunOutboundPackets":0,"tunDroppedPackets":0,"udpRemoteOpenEvents":0,"udpRemoteWrittenBytes":0,"udpRemoteReadBytes":0,"fatalTunErrors":0,"unrecoveredTransitions":0}
1791168108.992 23960 23960 I XrayDeviceProbe: XRAY_ANDROID_PROBE state=stopped
1791168110.248 23960 23960 I XrayDeviceProbe: XRAY_ANDROID_PROBE state=counters-reset
1791168110.445 23960 23960 I XrayDeviceProbe: XRAY_ANDROID_PROBE state=started
1791168110.481 23960 14364 I XrayDeviceProbe: XRAY_ANDROID_PROBE kind=http result=passed sequence=1 elapsedSeconds=0
1791168113.513 23960 14364 I XrayDeviceProbe: XRAY_ANDROID_PROBE kind=udp result=passed sequence=1 elapsedSeconds=3
1791168113.900 23960 23960 I XrayDeviceProbe: XRAY_ANDROID_PROBE state=stopped
1791168115.115 23960 23960 I XrayDeviceProbe: XRAY_ANDROID_PROBE state=stopped
1791168116.335 23960 23960 I XrayDeviceProbe: XRAY_ANDROID_PROBE state=counters-reset
1791168116.532 23960 23960 I XrayDeviceProbe: XRAY_ANDROID_PROBE state=started
1791168116.574 23960 14415 I XrayDeviceProbe: XRAY_ANDROID_PROBE kind=http result=passed sequence=1 elapsedSeconds=0
1791168116.796 24006 24006 I XrayDeviceGate: XRAY_ANDROID_LIFECYCLE state=connections-close-requested accepted=2
1791168116.800 24006 24006 I XrayDeviceGate: XRAY_ANDROID_SAMPLE {"tunBackend":"file-descriptor","probeOnly":true,"runtimeRunning":true,"runtimeGeneration":1,"residentMemoryBytes":151121920,"threadCount":36,"processCpuMillis":75259,"elapsedRealtimeMillis":8579629,"activeConnections":1,"tunInboundPackets":23,"tunOutboundPackets":15,"tunDroppedPackets":0,"udpRemoteOpenEvents":2,"udpRemoteWrittenBytes":134,"udpRemoteReadBytes":83,"fatalTunErrors":0,"unrecoveredTransitions":0}
1791168118.130 24006 14323 I XrayDeviceGate: XRAY_ANDROID_SAMPLE {"tunBackend":"file-descriptor","probeOnly":true,"runtimeRunning":true,"runtimeGeneration":1,"residentMemoryBytes":151384064,"threadCount":36,"processCpuMillis":75313,"elapsedRealtimeMillis":8580960,"activeConnections":0,"tunInboundPackets":23,"tunOutboundPackets":15,"tunDroppedPackets":0,"udpRemoteOpenEvents":2,"udpRemoteWrittenBytes":134,"udpRemoteReadBytes":83,"fatalTunErrors":0,"unrecoveredTransitions":0}
1791168121.585 23960 14415 W XrayDeviceProbe: XRAY_ANDROID_UDP_FAILURE queryTag=d5c9901afd680c53 localPort=50052 errorCode=SocketTimeoutException
1791168121.588 23960 14415 I XrayDeviceProbe: XRAY_ANDROID_PROBE kind=udp result=failed errorCode=SocketTimeoutException elapsedSeconds=5
1791168124.727 24006 24006 I XrayDeviceGate: XRAY_ANDROID_LIFECYCLE state=connections-close-requested accepted=0
1791168124.730 24006 24006 I XrayDeviceGate: XRAY_ANDROID_SAMPLE {"tunBackend":"file-descriptor","probeOnly":true,"runtimeRunning":true,"runtimeGeneration":1,"residentMemoryBytes":147226624,"threadCount":36,"processCpuMillis":75477,"elapsedRealtimeMillis":8587559,"activeConnections":0,"tunInboundPackets":24,"tunOutboundPackets":15,"tunDroppedPackets":0,"udpRemoteOpenEvents":2,"udpRemoteWrittenBytes":134,"udpRemoteReadBytes":83,"fatalTunErrors":0,"unrecoveredTransitions":0}
1791168126.555 23960 23960 I XrayDeviceProbe: XRAY_ANDROID_PROBE state=stopped
1791168127.836 23960 23960 I XrayDeviceProbe: XRAY_ANDROID_PROBE state=counters-reset
1791168128.037 23960 23960 I XrayDeviceProbe: XRAY_ANDROID_PROBE state=started
1791168128.083 23960 14491 I XrayDeviceProbe: XRAY_ANDROID_PROBE kind=http result=passed sequence=1 elapsedSeconds=0
1791168128.134 24006 14323 I XrayDeviceGate: XRAY_ANDROID_SAMPLE {"tunBackend":"file-descriptor","probeOnly":true,"runtimeRunning":true,"runtimeGeneration":1,"residentMemoryBytes":146870272,"threadCount":36,"processCpuMillis":75551,"elapsedRealtimeMillis":8590964,"activeConnections":1,"tunInboundPackets":30,"tunOutboundPackets":20,"tunDroppedPackets":0,"udpRemoteOpenEvents":3,"udpRemoteWrittenBytes":201,"udpRemoteReadBytes":83,"fatalTunErrors":0,"unrecoveredTransitions":0}
1791168131.231 23960 14491 I XrayDeviceProbe: XRAY_ANDROID_PROBE kind=udp result=passed sequence=1 elapsedSeconds=3
1791168132.139 23960 23960 I XrayDeviceProbe: XRAY_ANDROID_PROBE state=stopped
1791168133.437 23960 23960 I XrayDeviceProbe: XRAY_ANDROID_PROBE state=stopped
1791168134.628 23960 23960 I XrayDeviceProbe: XRAY_ANDROID_PROBE state=counters-reset
1791168134.819 23960 23960 I XrayDeviceProbe: XRAY_ANDROID_PROBE state=started
1791168134.928 23960 14541 I XrayDeviceProbe: XRAY_ANDROID_PROBE kind=http result=passed sequence=1 elapsedSeconds=0
1791168135.171 24006 24006 I XrayDeviceGate: XRAY_ANDROID_LIFECYCLE state=stopped
1791168135.171 24006 24006 I XrayDeviceGate: XRAY_ANDROID_SAMPLE {"tunBackend":"file-descriptor","probeOnly":true,"runtimeRunning":false,"runtimeGeneration":1,"residentMemoryBytes":147406848,"threadCount":30,"processCpuMillis":75608,"elapsedRealtimeMillis":8598001,"activeConnections":0,"tunInboundPackets":30,"tunOutboundPackets":20,"tunDroppedPackets":0,"udpRemoteOpenEvents":3,"udpRemoteWrittenBytes":201,"udpRemoteReadBytes":83,"fatalTunErrors":0,"unrecoveredTransitions":0}
1791168139.938 23960 14541 W XrayDeviceProbe: XRAY_ANDROID_UDP_FAILURE queryTag=dd16bae0addd8aad localPort=43522 errorCode=SocketTimeoutException
1791168139.940 23960 14541 I XrayDeviceProbe: XRAY_ANDROID_PROBE kind=udp result=failed errorCode=SocketTimeoutException elapsedSeconds=5
1791168142.791 23960 23960 I XrayDeviceProbe: XRAY_ANDROID_PROBE state=stopped
1791168144.123 24006 14603 I XrayDeviceGate: XRAY_ANDROID_SAMPLE {"tunBackend":"file-descriptor","probeOnly":true,"runtimeRunning":false,"runtimeGeneration":1,"residentMemoryBytes":147836928,"threadCount":29,"processCpuMillis":75848,"elapsedRealtimeMillis":8606953,"activeConnections":0,"tunInboundPackets":0,"tunOutboundPackets":0,"tunDroppedPackets":0,"udpRemoteOpenEvents":0,"udpRemoteWrittenBytes":0,"udpRemoteReadBytes":0,"fatalTunErrors":0,"unrecoveredTransitions":0}
1791168144.188 24006 14605 I XrayDeviceGate: XRAY_ANDROID_LIFECYCLE state=running generation=2 tunBackend=file-descriptor
1791168144.191 24006 14605 I XrayDeviceGate: XRAY_ANDROID_SAMPLE {"tunBackend":"file-descriptor","probeOnly":true,"runtimeRunning":true,"runtimeGeneration":2,"residentMemoryBytes":149032960,"threadCount":36,"processCpuMillis":75905,"elapsedRealtimeMillis":8607020,"activeConnections":0,"tunInboundPackets":3,"tunOutboundPackets":0,"tunDroppedPackets":0,"udpRemoteOpenEvents":0,"udpRemoteWrittenBytes":0,"udpRemoteReadBytes":0,"fatalTunErrors":0,"unrecoveredTransitions":0}
1791168145.040 23960 23960 I XrayDeviceProbe: XRAY_ANDROID_PROBE state=counters-reset
1791168145.276 23960 23960 I XrayDeviceProbe: XRAY_ANDROID_PROBE state=started
1791168145.314 23960 14639 I XrayDeviceProbe: XRAY_ANDROID_PROBE kind=http result=passed sequence=1 elapsedSeconds=0
1791168148.436 23960 14639 I XrayDeviceProbe: XRAY_ANDROID_PROBE kind=udp result=passed sequence=1 elapsedSeconds=3
1791168148.726 23960 23960 I XrayDeviceProbe: XRAY_ANDROID_PROBE state=stopped
1791168150.110 24006 24006 I XrayDeviceGate: XRAY_ANDROID_LIFECYCLE state=stopped
1791168150.110 24006 24006 I XrayDeviceGate: XRAY_ANDROID_SAMPLE {"tunBackend":"file-descriptor","probeOnly":true,"runtimeRunning":false,"runtimeGeneration":2,"residentMemoryBytes":149102592,"threadCount":30,"processCpuMillis":76030,"elapsedRealtimeMillis":8612940,"activeConnections":0,"tunInboundPackets":3,"tunOutboundPackets":0,"tunDroppedPackets":0,"udpRemoteOpenEvents":0,"udpRemoteWrittenBytes":0,"udpRemoteReadBytes":0,"fatalTunErrors":0,"unrecoveredTransitions":0}
1791168150.390 23960 23960 I XrayDeviceProbe: XRAY_ANDROID_PROBE state=stopped
1791168151.713 24006 14695 I XrayDeviceGate: XRAY_ANDROID_SAMPLE {"tunBackend":"file-descriptor","probeOnly":false,"runtimeRunning":false,"runtimeGeneration":2,"residentMemoryBytes":149340160,"threadCount":29,"processCpuMillis":76168,"elapsedRealtimeMillis":8614542,"activeConnections":0,"tunInboundPackets":0,"tunOutboundPackets":0,"tunDroppedPackets":0,"udpRemoteOpenEvents":0,"udpRemoteWrittenBytes":0,"udpRemoteReadBytes":0,"fatalTunErrors":0,"unrecoveredTransitions":0}
1791168151.715 24006 24006 I XrayDeviceGate: XRAY_ANDROID_SAMPLE {"tunBackend":"file-descriptor","probeOnly":false,"runtimeRunning":false,"runtimeGeneration":2,"residentMemoryBytes":149340160,"threadCount":29,"processCpuMillis":76171,"elapsedRealtimeMillis":8614545,"activeConnections":0,"tunInboundPackets":0,"tunOutboundPackets":0,"tunDroppedPackets":0,"udpRemoteOpenEvents":0,"udpRemoteWrittenBytes":0,"udpRemoteReadBytes":0,"fatalTunErrors":0,"unrecoveredTransitions":0}
1791168151.716 24006 24006 I XrayDeviceGate: XRAY_ANDROID_LIFECYCLE state=stopped
1791168153.702 23960 23960 I XrayDeviceProbe: XRAY_ANDROID_PROBE state=stopped
1791168155.019 24006 14724 I XrayDeviceGate: XRAY_ANDROID_SAMPLE {"tunBackend":"file-descriptor","probeOnly":false,"runtimeRunning":false,"runtimeGeneration":2,"residentMemoryBytes":149532672,"threadCount":29,"processCpuMillis":76295,"elapsedRealtimeMillis":8617848,"activeConnections":0,"tunInboundPackets":0,"tunOutboundPackets":0,"tunDroppedPackets":0,"udpRemoteOpenEvents":0,"udpRemoteWrittenBytes":0,"udpRemoteReadBytes":0,"fatalTunErrors":0,"unrecoveredTransitions":0}
1791168155.021 24006 24006 I XrayDeviceGate: XRAY_ANDROID_SAMPLE {"tunBackend":"file-descriptor","probeOnly":false,"runtimeRunning":false,"runtimeGeneration":2,"residentMemoryBytes":149532672,"threadCount":29,"processCpuMillis":76299,"elapsedRealtimeMillis":8617851,"activeConnections":0,"tunInboundPackets":0,"tunOutboundPackets":0,"tunDroppedPackets":0,"udpRemoteOpenEvents":0,"udpRemoteWrittenBytes":0,"udpRemoteReadBytes":0,"fatalTunErrors":0,"unrecoveredTransitions":0}
1791168155.022 24006 24006 I XrayDeviceGate: XRAY_ANDROID_LIFECYCLE state=stopped
1791168155.250 24006 24006 I XrayDeviceGate: XRAY_ANDROID_LIFECYCLE state=counters-reset
1791168155.252 24006 14734 I XrayDeviceGate: XRAY_ANDROID_SAMPLE {"tunBackend":"file-descriptor","probeOnly":false,"runtimeRunning":false,"runtimeGeneration":0,"residentMemoryBytes":149811200,"threadCount":29,"processCpuMillis":76344,"elapsedRealtimeMillis":8618082,"activeConnections":0,"tunInboundPackets":0,"tunOutboundPackets":0,"tunDroppedPackets":0,"udpRemoteOpenEvents":0,"udpRemoteWrittenBytes":0,"udpRemoteReadBytes":0,"fatalTunErrors":0,"unrecoveredTransitions":0}
1791168156.486 24006 14760 I XrayDeviceGate: XRAY_ANDROID_SAMPLE {"tunBackend":"packet-pump","probeOnly":true,"runtimeRunning":false,"runtimeGeneration":0,"residentMemoryBytes":149843968,"threadCount":29,"processCpuMillis":76412,"elapsedRealtimeMillis":8619315,"activeConnections":0,"tunInboundPackets":0,"tunOutboundPackets":0,"tunDroppedPackets":0,"udpRemoteOpenEvents":0,"udpRemoteWrittenBytes":0,"udpRemoteReadBytes":0,"fatalTunErrors":0,"unrecoveredTransitions":0}
1791168156.540 24006 14762 I XrayDeviceGate: XRAY_ANDROID_LIFECYCLE state=running generation=1 tunBackend=packet-pump
1791168156.544 24006 14762 I XrayDeviceGate: XRAY_ANDROID_SAMPLE {"tunBackend":"packet-pump","probeOnly":true,"runtimeRunning":true,"runtimeGeneration":1,"residentMemoryBytes":151175168,"threadCount":38,"processCpuMillis":76459,"elapsedRealtimeMillis":8619373,"activeConnections":0,"tunInboundPackets":3,"tunOutboundPackets":0,"tunDroppedPackets":0,"udpRemoteOpenEvents":0,"udpRemoteWrittenBytes":0,"udpRemoteReadBytes":0,"fatalTunErrors":0,"unrecoveredTransitions":0}
1791168157.385 23960 23960 I XrayDeviceProbe: XRAY_ANDROID_PROBE state=stopped
1791168158.618 23960 23960 I XrayDeviceProbe: XRAY_ANDROID_PROBE state=counters-reset
1791168158.808 23960 23960 I XrayDeviceProbe: XRAY_ANDROID_PROBE state=started
1791168158.844 23960 14802 I XrayDeviceProbe: XRAY_ANDROID_PROBE kind=http result=passed sequence=1 elapsedSeconds=0
1791168161.954 23960 14802 I XrayDeviceProbe: XRAY_ANDROID_PROBE kind=udp result=passed sequence=1 elapsedSeconds=3
1791168162.301 23960 23960 I XrayDeviceProbe: XRAY_ANDROID_PROBE state=stopped
1791168163.509 23960 23960 I XrayDeviceProbe: XRAY_ANDROID_PROBE state=stopped
1791168164.716 23960 23960 I XrayDeviceProbe: XRAY_ANDROID_PROBE state=counters-reset
1791168164.912 23960 23960 I XrayDeviceProbe: XRAY_ANDROID_PROBE state=started
1791168164.944 23960 14849 I XrayDeviceProbe: XRAY_ANDROID_PROBE kind=http result=passed sequence=1 elapsedSeconds=0
1791168165.129 24006 24006 I XrayDeviceGate: XRAY_ANDROID_LIFECYCLE state=connections-close-requested accepted=2
1791168165.135 24006 24006 I XrayDeviceGate: XRAY_ANDROID_SAMPLE {"tunBackend":"packet-pump","probeOnly":true,"runtimeRunning":true,"runtimeGeneration":1,"residentMemoryBytes":151240704,"threadCount":38,"processCpuMillis":76623,"elapsedRealtimeMillis":8627964,"activeConnections":1,"tunInboundPackets":22,"tunOutboundPackets":15,"tunDroppedPackets":0,"udpRemoteOpenEvents":2,"udpRemoteWrittenBytes":134,"udpRemoteReadBytes":83,"fatalTunErrors":0,"unrecoveredTransitions":0}
1791168166.489 24006 14760 I XrayDeviceGate: XRAY_ANDROID_SAMPLE {"tunBackend":"packet-pump","probeOnly":true,"runtimeRunning":true,"runtimeGeneration":1,"residentMemoryBytes":147480576,"threadCount":38,"processCpuMillis":76730,"elapsedRealtimeMillis":8629319,"activeConnections":0,"tunInboundPackets":22,"tunOutboundPackets":15,"tunDroppedPackets":0,"udpRemoteOpenEvents":2,"udpRemoteWrittenBytes":134,"udpRemoteReadBytes":83,"fatalTunErrors":0,"unrecoveredTransitions":0}
1791168169.953 23960 14849 W XrayDeviceProbe: XRAY_ANDROID_UDP_FAILURE queryTag=d640a920d70d8e17 localPort=44252 errorCode=SocketTimeoutException
1791168169.957 23960 14849 I XrayDeviceProbe: XRAY_ANDROID_PROBE kind=udp result=failed errorCode=SocketTimeoutException elapsedSeconds=5
1791168172.865 24006 24006 I XrayDeviceGate: XRAY_ANDROID_LIFECYCLE state=connections-close-requested accepted=0
1791168172.868 24006 24006 I XrayDeviceGate: XRAY_ANDROID_SAMPLE {"tunBackend":"packet-pump","probeOnly":true,"runtimeRunning":true,"runtimeGeneration":1,"residentMemoryBytes":147415040,"threadCount":38,"processCpuMillis":76898,"elapsedRealtimeMillis":8635698,"activeConnections":0,"tunInboundPackets":23,"tunOutboundPackets":15,"tunDroppedPackets":0,"udpRemoteOpenEvents":2,"udpRemoteWrittenBytes":134,"udpRemoteReadBytes":83,"fatalTunErrors":0,"unrecoveredTransitions":0}
1791168174.712 23960 23960 I XrayDeviceProbe: XRAY_ANDROID_PROBE state=stopped
1791168175.980 23960 23960 I XrayDeviceProbe: XRAY_ANDROID_PROBE state=counters-reset
1791168176.172 23960 23960 I XrayDeviceProbe: XRAY_ANDROID_PROBE state=started
1791168176.212 23960 14920 I XrayDeviceProbe: XRAY_ANDROID_PROBE kind=http result=passed sequence=1 elapsedSeconds=0
1791168176.493 24006 14760 I XrayDeviceGate: XRAY_ANDROID_SAMPLE {"tunBackend":"packet-pump","probeOnly":true,"runtimeRunning":true,"runtimeGeneration":1,"residentMemoryBytes":147079168,"threadCount":38,"processCpuMillis":76988,"elapsedRealtimeMillis":8639323,"activeConnections":1,"tunInboundPackets":30,"tunOutboundPackets":20,"tunDroppedPackets":0,"udpRemoteOpenEvents":3,"udpRemoteWrittenBytes":201,"udpRemoteReadBytes":83,"fatalTunErrors":0,"unrecoveredTransitions":0}
1791168179.258 23960 14920 I XrayDeviceProbe: XRAY_ANDROID_PROBE kind=udp result=passed sequence=1 elapsedSeconds=3
1791168179.549 23960 23960 I XrayDeviceProbe: XRAY_ANDROID_PROBE state=stopped
1791168180.833 23960 23960 I XrayDeviceProbe: XRAY_ANDROID_PROBE state=stopped
1791168182.033 23960 23960 I XrayDeviceProbe: XRAY_ANDROID_PROBE state=counters-reset
1791168182.224 23960 23960 I XrayDeviceProbe: XRAY_ANDROID_PROBE state=started
1791168182.261 23960 14974 I XrayDeviceProbe: XRAY_ANDROID_PROBE kind=http result=passed sequence=1 elapsedSeconds=0
1791168182.530 24006 24006 I XrayDeviceGate: XRAY_ANDROID_LIFECYCLE state=stopped
1791168182.530 24006 24006 I XrayDeviceGate: XRAY_ANDROID_SAMPLE {"tunBackend":"packet-pump","probeOnly":true,"runtimeRunning":false,"runtimeGeneration":1,"residentMemoryBytes":147591168,"threadCount":30,"processCpuMillis":77068,"elapsedRealtimeMillis":8645359,"activeConnections":0,"tunInboundPackets":30,"tunOutboundPackets":20,"tunDroppedPackets":0,"udpRemoteOpenEvents":3,"udpRemoteWrittenBytes":201,"udpRemoteReadBytes":83,"fatalTunErrors":0,"unrecoveredTransitions":0}
1791168187.271 23960 14974 W XrayDeviceProbe: XRAY_ANDROID_UDP_FAILURE queryTag=763bc2b1983cbf45 localPort=46845 errorCode=SocketTimeoutException
1791168187.275 23960 14974 I XrayDeviceProbe: XRAY_ANDROID_PROBE kind=udp result=failed errorCode=SocketTimeoutException elapsedSeconds=5
1791168190.527 23960 23960 I XrayDeviceProbe: XRAY_ANDROID_PROBE state=stopped
1791168191.868 24006 15039 I XrayDeviceGate: XRAY_ANDROID_SAMPLE {"tunBackend":"packet-pump","probeOnly":true,"runtimeRunning":false,"runtimeGeneration":1,"residentMemoryBytes":148123648,"threadCount":29,"processCpuMillis":77331,"elapsedRealtimeMillis":8654697,"activeConnections":0,"tunInboundPackets":0,"tunOutboundPackets":0,"tunDroppedPackets":0,"udpRemoteOpenEvents":0,"udpRemoteWrittenBytes":0,"udpRemoteReadBytes":0,"fatalTunErrors":0,"unrecoveredTransitions":0}
1791168191.929 24006 15041 I XrayDeviceGate: XRAY_ANDROID_LIFECYCLE state=running generation=2 tunBackend=packet-pump
1791168191.933 24006 15041 I XrayDeviceGate: XRAY_ANDROID_SAMPLE {"tunBackend":"packet-pump","probeOnly":true,"runtimeRunning":true,"runtimeGeneration":2,"residentMemoryBytes":149446656,"threadCount":38,"processCpuMillis":77391,"elapsedRealtimeMillis":8654762,"activeConnections":0,"tunInboundPackets":3,"tunOutboundPackets":0,"tunDroppedPackets":0,"udpRemoteOpenEvents":0,"udpRemoteWrittenBytes":0,"udpRemoteReadBytes":0,"fatalTunErrors":0,"unrecoveredTransitions":0}
1791168192.806 23960 23960 I XrayDeviceProbe: XRAY_ANDROID_PROBE state=counters-reset
1791168193.048 23960 23960 I XrayDeviceProbe: XRAY_ANDROID_PROBE state=started
1791168193.080 23960 15075 I XrayDeviceProbe: XRAY_ANDROID_PROBE kind=http result=passed sequence=1 elapsedSeconds=0
1791168196.158 23960 15075 I XrayDeviceProbe: XRAY_ANDROID_PROBE kind=udp result=passed sequence=1 elapsedSeconds=3
1791168197.118 23960 23960 I XrayDeviceProbe: XRAY_ANDROID_PROBE state=stopped
1791168198.675 24006 24006 I XrayDeviceGate: XRAY_ANDROID_LIFECYCLE state=stopped
1791168198.675 24006 24006 I XrayDeviceGate: XRAY_ANDROID_SAMPLE {"tunBackend":"packet-pump","probeOnly":true,"runtimeRunning":false,"runtimeGeneration":2,"residentMemoryBytes":149364736,"threadCount":30,"processCpuMillis":77565,"elapsedRealtimeMillis":8661504,"activeConnections":0,"tunInboundPackets":3,"tunOutboundPackets":0,"tunDroppedPackets":0,"udpRemoteOpenEvents":0,"udpRemoteWrittenBytes":0,"udpRemoteReadBytes":0,"fatalTunErrors":0,"unrecoveredTransitions":0}
1791168199.424 23960 23960 I XrayDeviceProbe: XRAY_ANDROID_PROBE state=stopped
1791168200.740 24006 15138 I XrayDeviceGate: XRAY_ANDROID_SAMPLE {"tunBackend":"file-descriptor","probeOnly":false,"runtimeRunning":false,"runtimeGeneration":2,"residentMemoryBytes":149598208,"threadCount":29,"processCpuMillis":77678,"elapsedRealtimeMillis":8663569,"activeConnections":0,"tunInboundPackets":0,"tunOutboundPackets":0,"tunDroppedPackets":0,"udpRemoteOpenEvents":0,"udpRemoteWrittenBytes":0,"udpRemoteReadBytes":0,"fatalTunErrors":0,"unrecoveredTransitions":0}
1791168200.743 24006 24006 I XrayDeviceGate: XRAY_ANDROID_LIFECYCLE state=stopped
1791168200.743 24006 24006 I XrayDeviceGate: XRAY_ANDROID_SAMPLE {"tunBackend":"file-descriptor","probeOnly":false,"runtimeRunning":false,"runtimeGeneration":2,"residentMemoryBytes":149598208,"threadCount":29,"processCpuMillis":77683,"elapsedRealtimeMillis":8663573,"activeConnections":0,"tunInboundPackets":0,"tunOutboundPackets":0,"tunDroppedPackets":0,"udpRemoteOpenEvents":0,"udpRemoteWrittenBytes":0,"udpRemoteReadBytes":0,"fatalTunErrors":0,"unrecoveredTransitions":0}
1791168202.698 23960 23960 I XrayDeviceProbe: XRAY_ANDROID_PROBE state=stopped
1791168204.013 24006 15165 I XrayDeviceGate: XRAY_ANDROID_SAMPLE {"tunBackend":"file-descriptor","probeOnly":false,"runtimeRunning":false,"runtimeGeneration":2,"residentMemoryBytes":149725184,"threadCount":29,"processCpuMillis":77806,"elapsedRealtimeMillis":8666842,"activeConnections":0,"tunInboundPackets":0,"tunOutboundPackets":0,"tunDroppedPackets":0,"udpRemoteOpenEvents":0,"udpRemoteWrittenBytes":0,"udpRemoteReadBytes":0,"fatalTunErrors":0,"unrecoveredTransitions":0}
1791168204.013 24006 24006 I XrayDeviceGate: XRAY_ANDROID_LIFECYCLE state=stopped
1791168204.013 24006 24006 I XrayDeviceGate: XRAY_ANDROID_SAMPLE {"tunBackend":"file-descriptor","probeOnly":false,"runtimeRunning":false,"runtimeGeneration":2,"residentMemoryBytes":149725184,"threadCount":29,"processCpuMillis":77806,"elapsedRealtimeMillis":8666842,"activeConnections":0,"tunInboundPackets":0,"tunOutboundPackets":0,"tunDroppedPackets":0,"udpRemoteOpenEvents":0,"udpRemoteWrittenBytes":0,"udpRemoteReadBytes":0,"fatalTunErrors":0,"unrecoveredTransitions":0}
1791168208.430 23960 23960 I XrayDeviceProbe: XRAY_ANDROID_PROBE state=stopped
1791168209.769 24006 15191 I XrayDeviceGate: XRAY_ANDROID_SAMPLE {"tunBackend":"file-descriptor","probeOnly":false,"runtimeRunning":false,"runtimeGeneration":2,"residentMemoryBytes":149946368,"threadCount":29,"processCpuMillis":77996,"elapsedRealtimeMillis":8672598,"activeConnections":0,"tunInboundPackets":0,"tunOutboundPackets":0,"tunDroppedPackets":0,"udpRemoteOpenEvents":0,"udpRemoteWrittenBytes":0,"udpRemoteReadBytes":0,"fatalTunErrors":0,"unrecoveredTransitions":0}
1791168209.769 24006 24006 I XrayDeviceGate: XRAY_ANDROID_LIFECYCLE state=stopped
1791168209.769 24006 24006 I XrayDeviceGate: XRAY_ANDROID_SAMPLE {"tunBackend":"file-descriptor","probeOnly":false,"runtimeRunning":false,"runtimeGeneration":2,"residentMemoryBytes":149946368,"threadCount":29,"processCpuMillis":77996,"elapsedRealtimeMillis":8672598,"activeConnections":0,"tunInboundPackets":0,"tunOutboundPackets":0,"tunDroppedPackets":0,"udpRemoteOpenEvents":0,"udpRemoteWrittenBytes":0,"udpRemoteReadBytes":0,"fatalTunErrors":0,"unrecoveredTransitions":0}
1791168209.991 24006 24006 I XrayDeviceGate: XRAY_ANDROID_LIFECYCLE state=counters-reset
1791168209.994 24006 15201 I XrayDeviceGate: XRAY_ANDROID_SAMPLE {"tunBackend":"file-descriptor","probeOnly":false,"runtimeRunning":false,"runtimeGeneration":0,"residentMemoryBytes":150220800,"threadCount":29,"processCpuMillis":78044,"elapsedRealtimeMillis":8672823,"activeConnections":0,"tunInboundPackets":0,"tunOutboundPackets":0,"tunDroppedPackets":0,"udpRemoteOpenEvents":0,"udpRemoteWrittenBytes":0,"udpRemoteReadBytes":0,"fatalTunErrors":0,"unrecoveredTransitions":0}
1791168211.237 24006 15225 I XrayDeviceGate: XRAY_ANDROID_SAMPLE {"tunBackend":"file-descriptor","probeOnly":true,"runtimeRunning":false,"runtimeGeneration":0,"residentMemoryBytes":150241280,"threadCount":29,"processCpuMillis":78117,"elapsedRealtimeMillis":8674066,"activeConnections":0,"tunInboundPackets":0,"tunOutboundPackets":0,"tunDroppedPackets":0,"udpRemoteOpenEvents":0,"udpRemoteWrittenBytes":0,"udpRemoteReadBytes":0,"fatalTunErrors":0,"unrecoveredTransitions":0}
1791168211.286 24006 15228 I XrayDeviceGate: XRAY_ANDROID_LIFECYCLE state=running generation=1 tunBackend=file-descriptor
1791168211.290 24006 15228 I XrayDeviceGate: XRAY_ANDROID_SAMPLE {"tunBackend":"file-descriptor","probeOnly":true,"runtimeRunning":true,"runtimeGeneration":1,"residentMemoryBytes":151535616,"threadCount":36,"processCpuMillis":78159,"elapsedRealtimeMillis":8674119,"activeConnections":0,"tunInboundPackets":3,"tunOutboundPackets":0,"tunDroppedPackets":0,"udpRemoteOpenEvents":0,"udpRemoteWrittenBytes":0,"udpRemoteReadBytes":0,"fatalTunErrors":0,"unrecoveredTransitions":0}
1791168212.135 23960 23960 I XrayDeviceProbe: XRAY_ANDROID_PROBE state=counters-reset
1791168212.388 23960 23960 I XrayDeviceProbe: XRAY_ANDROID_PROBE state=started
1791168212.830 23960 15258 I XrayDeviceProbe: XRAY_ANDROID_PROBE kind=http result=failed errorCode=SocketException elapsedSeconds=0
1791168212.859 24006 24006 I XrayDeviceGate: XRAY_ANDROID_LIFECYCLE state=stopped
1791168212.859 24006 24006 I XrayDeviceGate: XRAY_ANDROID_SAMPLE {"tunBackend":"file-descriptor","probeOnly":true,"runtimeRunning":false,"runtimeGeneration":1,"residentMemoryBytes":147464192,"threadCount":30,"processCpuMillis":78311,"elapsedRealtimeMillis":8675688,"activeConnections":0,"tunInboundPackets":3,"tunOutboundPackets":0,"tunDroppedPackets":0,"udpRemoteOpenEvents":0,"udpRemoteWrittenBytes":0,"udpRemoteReadBytes":0,"fatalTunErrors":0,"unrecoveredTransitions":0}
1791168214.802 23960 23960 I XrayDeviceProbe: XRAY_ANDROID_PROBE state=stopped
1791168217.841 23960 15258 W XrayDeviceProbe: XRAY_ANDROID_UDP_FAILURE queryTag=2e9e9fa9f96c31e4 localPort=55123 errorCode=SocketTimeoutException
1791168217.844 23960 15258 I XrayDeviceProbe: XRAY_ANDROID_PROBE kind=udp result=failed errorCode=SocketTimeoutException elapsedSeconds=5
1791168221.428 24006 15299 I XrayDeviceGate: XRAY_ANDROID_SAMPLE {"tunBackend":"file-descriptor","probeOnly":true,"runtimeRunning":false,"runtimeGeneration":1,"residentMemoryBytes":147832832,"threadCount":29,"processCpuMillis":78457,"elapsedRealtimeMillis":8684258,"activeConnections":0,"tunInboundPackets":0,"tunOutboundPackets":0,"tunDroppedPackets":0,"udpRemoteOpenEvents":0,"udpRemoteWrittenBytes":0,"udpRemoteReadBytes":0,"fatalTunErrors":0,"unrecoveredTransitions":0}
1791168221.491 24006 15300 I XrayDeviceGate: XRAY_ANDROID_LIFECYCLE state=running generation=2 tunBackend=file-descriptor
1791168221.495 24006 15300 I XrayDeviceGate: XRAY_ANDROID_SAMPLE {"tunBackend":"file-descriptor","probeOnly":true,"runtimeRunning":true,"runtimeGeneration":2,"residentMemoryBytes":149028864,"threadCount":36,"processCpuMillis":78515,"elapsedRealtimeMillis":8684324,"activeConnections":0,"tunInboundPackets":3,"tunOutboundPackets":0,"tunDroppedPackets":0,"udpRemoteOpenEvents":0,"udpRemoteWrittenBytes":0,"udpRemoteReadBytes":0,"fatalTunErrors":0,"unrecoveredTransitions":0}
1791168222.361 23960 23960 I XrayDeviceProbe: XRAY_ANDROID_PROBE state=counters-reset
1791168222.612 23960 23960 I XrayDeviceProbe: XRAY_ANDROID_PROBE state=started
1791168222.801 23960 15333 I XrayDeviceProbe: XRAY_ANDROID_PROBE kind=http result=passed sequence=1 elapsedSeconds=0
1791168222.821 23960 15333 I XrayDeviceProbe: XRAY_ANDROID_PROBE kind=udp result=passed sequence=1 elapsedSeconds=0
1791168223.846 23960 15333 I XrayDeviceProbe: XRAY_ANDROID_PROBE kind=http result=passed sequence=2 elapsedSeconds=1
1791168223.858 23960 15333 I XrayDeviceProbe: XRAY_ANDROID_PROBE kind=udp result=passed sequence=2 elapsedSeconds=1
1791168224.623 23960 23960 I XrayDeviceProbe: XRAY_ANDROID_PROBE state=stopped
1791168225.999 24006 24006 I XrayDeviceGate: XRAY_ANDROID_LIFECYCLE state=stopped
1791168225.999 24006 24006 I XrayDeviceGate: XRAY_ANDROID_SAMPLE {"tunBackend":"file-descriptor","probeOnly":true,"runtimeRunning":false,"runtimeGeneration":2,"residentMemoryBytes":149151744,"threadCount":30,"processCpuMillis":78660,"elapsedRealtimeMillis":8688828,"activeConnections":0,"tunInboundPackets":3,"tunOutboundPackets":0,"tunDroppedPackets":0,"udpRemoteOpenEvents":0,"udpRemoteWrittenBytes":0,"udpRemoteReadBytes":0,"fatalTunErrors":0,"unrecoveredTransitions":0}
1791168235.121 23960 23960 I XrayDeviceProbe: XRAY_ANDROID_PROBE state=stopped
1791168236.432 24006 15399 I XrayDeviceGate: XRAY_ANDROID_SAMPLE {"tunBackend":"file-descriptor","probeOnly":false,"runtimeRunning":false,"runtimeGeneration":2,"residentMemoryBytes":149573632,"threadCount":29,"processCpuMillis":78929,"elapsedRealtimeMillis":8699262,"activeConnections":0,"tunInboundPackets":0,"tunOutboundPackets":0,"tunDroppedPackets":0,"udpRemoteOpenEvents":0,"udpRemoteWrittenBytes":0,"udpRemoteReadBytes":0,"fatalTunErrors":0,"unrecoveredTransitions":0}
1791168236.432 24006 24006 I XrayDeviceGate: XRAY_ANDROID_SAMPLE {"tunBackend":"file-descriptor","probeOnly":false,"runtimeRunning":false,"runtimeGeneration":2,"residentMemoryBytes":149573632,"threadCount":29,"processCpuMillis":78929,"elapsedRealtimeMillis":8699262,"activeConnections":0,"tunInboundPackets":0,"tunOutboundPackets":0,"tunDroppedPackets":0,"udpRemoteOpenEvents":0,"udpRemoteWrittenBytes":0,"udpRemoteReadBytes":0,"fatalTunErrors":0,"unrecoveredTransitions":0}
1791168236.433 24006 24006 I XrayDeviceGate: XRAY_ANDROID_LIFECYCLE state=stopped
1791168236.670 24006 24006 I XrayDeviceGate: XRAY_ANDROID_LIFECYCLE state=counters-reset
1791168236.671 24006 15409 I XrayDeviceGate: XRAY_ANDROID_SAMPLE {"tunBackend":"file-descriptor","probeOnly":false,"runtimeRunning":false,"runtimeGeneration":2,"residentMemoryBytes":150036480,"threadCount":29,"processCpuMillis":78982,"elapsedRealtimeMillis":8699500,"activeConnections":0,"tunInboundPackets":0,"tunOutboundPackets":0,"tunDroppedPackets":0,"udpRemoteOpenEvents":0,"udpRemoteWrittenBytes":0,"udpRemoteReadBytes":0,"fatalTunErrors":0,"unrecoveredTransitions":0}
1791168237.919 24006 15433 I XrayDeviceGate: XRAY_ANDROID_SAMPLE {"tunBackend":"file-descriptor","probeOnly":true,"runtimeRunning":false,"runtimeGeneration":0,"residentMemoryBytes":150061056,"threadCount":29,"processCpuMillis":79042,"elapsedRealtimeMillis":8700749,"activeConnections":0,"tunInboundPackets":0,"tunOutboundPackets":0,"tunDroppedPackets":0,"udpRemoteOpenEvents":0,"udpRemoteWrittenBytes":0,"udpRemoteReadBytes":0,"fatalTunErrors":0,"unrecoveredTransitions":0}
1791168237.977 24006 15434 I XrayDeviceGate: XRAY_ANDROID_LIFECYCLE state=running generation=1 tunBackend=file-descriptor
1791168237.980 24006 15434 I XrayDeviceGate: XRAY_ANDROID_SAMPLE {"tunBackend":"file-descriptor","probeOnly":true,"runtimeRunning":true,"runtimeGeneration":1,"residentMemoryBytes":151396352,"threadCount":36,"processCpuMillis":79093,"elapsedRealtimeMillis":8700810,"activeConnections":0,"tunInboundPackets":3,"tunOutboundPackets":0,"tunDroppedPackets":0,"udpRemoteOpenEvents":0,"udpRemoteWrittenBytes":0,"udpRemoteReadBytes":0,"fatalTunErrors":0,"unrecoveredTransitions":0}
1791168238.801 23960 23960 I XrayDeviceProbe: XRAY_ANDROID_PROBE state=counters-reset
1791168239.070 23960 23960 I XrayDeviceProbe: XRAY_ANDROID_PROBE state=started
1791168239.266 24006 24006 I XrayDeviceGate: XRAY_ANDROID_LIFECYCLE state=connections-close-requested accepted=1
1791168239.268 23960 15471 I XrayDeviceProbe: XRAY_ANDROID_PROBE kind=http result=failed errorCode=SocketException elapsedSeconds=0
1791168239.270 24006 24006 I XrayDeviceGate: XRAY_ANDROID_SAMPLE {"tunBackend":"file-descriptor","probeOnly":true,"runtimeRunning":true,"runtimeGeneration":1,"residentMemoryBytes":151465984,"threadCount":36,"processCpuMillis":79149,"elapsedRealtimeMillis":8702099,"activeConnections":0,"tunInboundPackets":16,"tunOutboundPackets":9,"tunDroppedPackets":0,"udpRemoteOpenEvents":0,"udpRemoteWrittenBytes":0,"udpRemoteReadBytes":0,"fatalTunErrors":0,"unrecoveredTransitions":0}
1791168239.279 23960 15471 I XrayDeviceProbe: XRAY_ANDROID_PROBE kind=udp result=passed sequence=1 elapsedSeconds=0
1791168239.448 24006 24006 I XrayDeviceGate: XRAY_ANDROID_LIFECYCLE state=stopped
1791168239.448 24006 24006 I XrayDeviceGate: XRAY_ANDROID_SAMPLE {"tunBackend":"file-descriptor","probeOnly":true,"runtimeRunning":false,"runtimeGeneration":1,"residentMemoryBytes":151572480,"threadCount":30,"processCpuMillis":79212,"elapsedRealtimeMillis":8702277,"activeConnections":0,"tunInboundPackets":16,"tunOutboundPackets":9,"tunDroppedPackets":0,"udpRemoteOpenEvents":0,"udpRemoteWrittenBytes":0,"udpRemoteReadBytes":0,"fatalTunErrors":0,"unrecoveredTransitions":0}
1791168241.399 23960 23960 I XrayDeviceProbe: XRAY_ANDROID_PROBE state=stopped
1791168248.059 24006 15524 I XrayDeviceGate: XRAY_ANDROID_SAMPLE {"tunBackend":"file-descriptor","probeOnly":true,"runtimeRunning":false,"runtimeGeneration":1,"residentMemoryBytes":149450752,"threadCount":29,"processCpuMillis":79408,"elapsedRealtimeMillis":8710888,"activeConnections":0,"tunInboundPackets":0,"tunOutboundPackets":0,"tunDroppedPackets":0,"udpRemoteOpenEvents":0,"udpRemoteWrittenBytes":0,"udpRemoteReadBytes":0,"fatalTunErrors":0,"unrecoveredTransitions":0}
1791168248.124 24006 15525 I XrayDeviceGate: XRAY_ANDROID_LIFECYCLE state=running generation=2 tunBackend=file-descriptor
1791168248.129 24006 15525 I XrayDeviceGate: XRAY_ANDROID_SAMPLE {"tunBackend":"file-descriptor","probeOnly":true,"runtimeRunning":true,"runtimeGeneration":2,"residentMemoryBytes":150839296,"threadCount":36,"processCpuMillis":79486,"elapsedRealtimeMillis":8710958,"activeConnections":0,"tunInboundPackets":3,"tunOutboundPackets":0,"tunDroppedPackets":0,"udpRemoteOpenEvents":0,"udpRemoteWrittenBytes":0,"udpRemoteReadBytes":0,"fatalTunErrors":0,"unrecoveredTransitions":0}
1791168248.979 23960 23960 I XrayDeviceProbe: XRAY_ANDROID_PROBE state=counters-reset
1791168249.211 23960 23960 I XrayDeviceProbe: XRAY_ANDROID_PROBE state=started
1791168249.245 23960 15558 I XrayDeviceProbe: XRAY_ANDROID_PROBE kind=http result=passed sequence=1 elapsedSeconds=0
1791168249.254 23960 15558 I XrayDeviceProbe: XRAY_ANDROID_PROBE kind=udp result=passed sequence=1 elapsedSeconds=0
1791168250.276 23960 15558 I XrayDeviceProbe: XRAY_ANDROID_PROBE kind=http result=passed sequence=2 elapsedSeconds=1
1791168250.287 23960 15558 I XrayDeviceProbe: XRAY_ANDROID_PROBE kind=udp result=passed sequence=2 elapsedSeconds=1
1791168250.621 23960 23960 I XrayDeviceProbe: XRAY_ANDROID_PROBE state=stopped
1791168252.019 24006 24006 I XrayDeviceGate: XRAY_ANDROID_LIFECYCLE state=stopped
1791168252.019 24006 24006 I XrayDeviceGate: XRAY_ANDROID_SAMPLE {"tunBackend":"file-descriptor","probeOnly":true,"runtimeRunning":false,"runtimeGeneration":2,"residentMemoryBytes":150798336,"threadCount":30,"processCpuMillis":79611,"elapsedRealtimeMillis":8714849,"activeConnections":0,"tunInboundPackets":3,"tunOutboundPackets":0,"tunDroppedPackets":0,"udpRemoteOpenEvents":0,"udpRemoteWrittenBytes":0,"udpRemoteReadBytes":0,"fatalTunErrors":0,"unrecoveredTransitions":0}
1791168254.039 23960 23960 I XrayDeviceProbe: XRAY_ANDROID_PROBE state=stopped
1791168255.357 24006 15612 I XrayDeviceGate: XRAY_ANDROID_SAMPLE {"tunBackend":"file-descriptor","probeOnly":false,"runtimeRunning":false,"runtimeGeneration":2,"residentMemoryBytes":151134208,"threadCount":29,"processCpuMillis":79763,"elapsedRealtimeMillis":8718187,"activeConnections":0,"tunInboundPackets":0,"tunOutboundPackets":0,"tunDroppedPackets":0,"udpRemoteOpenEvents":0,"udpRemoteWrittenBytes":0,"udpRemoteReadBytes":0,"fatalTunErrors":0,"unrecoveredTransitions":0}
1791168255.357 24006 24006 I XrayDeviceGate: XRAY_ANDROID_LIFECYCLE state=stopped
1791168255.357 24006 24006 I XrayDeviceGate: XRAY_ANDROID_SAMPLE {"tunBackend":"file-descriptor","probeOnly":false,"runtimeRunning":false,"runtimeGeneration":2,"residentMemoryBytes":151134208,"threadCount":29,"processCpuMillis":79763,"elapsedRealtimeMillis":8718187,"activeConnections":0,"tunInboundPackets":0,"tunOutboundPackets":0,"tunDroppedPackets":0,"udpRemoteOpenEvents":0,"udpRemoteWrittenBytes":0,"udpRemoteReadBytes":0,"fatalTunErrors":0,"unrecoveredTransitions":0}
1791168255.573 24006 24006 I XrayDeviceGate: XRAY_ANDROID_LIFECYCLE state=counters-reset
1791168255.575 24006 15622 I XrayDeviceGate: XRAY_ANDROID_SAMPLE {"tunBackend":"file-descriptor","probeOnly":false,"runtimeRunning":false,"runtimeGeneration":0,"residentMemoryBytes":151408640,"threadCount":29,"processCpuMillis":79812,"elapsedRealtimeMillis":8718405,"activeConnections":0,"tunInboundPackets":0,"tunOutboundPackets":0,"tunDroppedPackets":0,"udpRemoteOpenEvents":0,"udpRemoteWrittenBytes":0,"udpRemoteReadBytes":0,"fatalTunErrors":0,"unrecoveredTransitions":0}
1791168256.827 24006 15645 I XrayDeviceGate: XRAY_ANDROID_SAMPLE {"tunBackend":"packet-pump","probeOnly":true,"runtimeRunning":false,"runtimeGeneration":0,"residentMemoryBytes":151416832,"threadCount":29,"processCpuMillis":79884,"elapsedRealtimeMillis":8719656,"activeConnections":0,"tunInboundPackets":0,"tunOutboundPackets":0,"tunDroppedPackets":0,"udpRemoteOpenEvents":0,"udpRemoteWrittenBytes":0,"udpRemoteReadBytes":0,"fatalTunErrors":0,"unrecoveredTransitions":0}
1791168256.881 24006 15648 I XrayDeviceGate: XRAY_ANDROID_LIFECYCLE state=running generation=1 tunBackend=packet-pump
1791168256.885 24006 15648 I XrayDeviceGate: XRAY_ANDROID_SAMPLE {"tunBackend":"packet-pump","probeOnly":true,"runtimeRunning":true,"runtimeGeneration":1,"residentMemoryBytes":152743936,"threadCount":38,"processCpuMillis":79935,"elapsedRealtimeMillis":8719714,"activeConnections":0,"tunInboundPackets":3,"tunOutboundPackets":0,"tunDroppedPackets":0,"udpRemoteOpenEvents":0,"udpRemoteWrittenBytes":0,"udpRemoteReadBytes":0,"fatalTunErrors":0,"unrecoveredTransitions":0}
1791168257.709 23960 23960 I XrayDeviceProbe: XRAY_ANDROID_PROBE state=counters-reset
1791168257.973 23960 23960 I XrayDeviceProbe: XRAY_ANDROID_PROBE state=started
1791168258.156 23960 15679 I XrayDeviceProbe: XRAY_ANDROID_PROBE kind=http result=failed errorCode=SocketException elapsedSeconds=0
1791168258.257 24006 24006 I XrayDeviceGate: XRAY_ANDROID_LIFECYCLE state=stopped
1791168258.257 24006 24006 I XrayDeviceGate: XRAY_ANDROID_SAMPLE {"tunBackend":"packet-pump","probeOnly":true,"runtimeRunning":false,"runtimeGeneration":1,"residentMemoryBytes":152530944,"threadCount":30,"processCpuMillis":80017,"elapsedRealtimeMillis":8721086,"activeConnections":0,"tunInboundPackets":3,"tunOutboundPackets":0,"tunDroppedPackets":0,"udpRemoteOpenEvents":0,"udpRemoteWrittenBytes":0,"udpRemoteReadBytes":0,"fatalTunErrors":0,"unrecoveredTransitions":0}
1791168260.240 23960 23960 I XrayDeviceProbe: XRAY_ANDROID_PROBE state=stopped
1791168263.168 23960 15679 W XrayDeviceProbe: XRAY_ANDROID_UDP_FAILURE queryTag=f433fd8b8d7b0cab localPort=45614 errorCode=SocketTimeoutException
1791168263.170 23960 15679 I XrayDeviceProbe: XRAY_ANDROID_PROBE kind=udp result=failed errorCode=SocketTimeoutException elapsedSeconds=5
1791168266.896 24006 15718 I XrayDeviceGate: XRAY_ANDROID_SAMPLE {"tunBackend":"packet-pump","probeOnly":true,"runtimeRunning":false,"runtimeGeneration":1,"residentMemoryBytes":149639168,"threadCount":29,"processCpuMillis":80211,"elapsedRealtimeMillis":8729725,"activeConnections":0,"tunInboundPackets":0,"tunOutboundPackets":0,"tunDroppedPackets":0,"udpRemoteOpenEvents":0,"udpRemoteWrittenBytes":0,"udpRemoteReadBytes":0,"fatalTunErrors":0,"unrecoveredTransitions":0}
1791168267.011 24006 15719 I XrayDeviceGate: XRAY_ANDROID_LIFECYCLE state=running generation=2 tunBackend=packet-pump
1791168267.017 24006 15719 I XrayDeviceGate: XRAY_ANDROID_SAMPLE {"tunBackend":"packet-pump","probeOnly":true,"runtimeRunning":true,"runtimeGeneration":2,"residentMemoryBytes":150999040,"threadCount":38,"processCpuMillis":80291,"elapsedRealtimeMillis":8729846,"activeConnections":0,"tunInboundPackets":4,"tunOutboundPackets":0,"tunDroppedPackets":0,"udpRemoteOpenEvents":0,"udpRemoteWrittenBytes":0,"udpRemoteReadBytes":0,"fatalTunErrors":0,"unrecoveredTransitions":0}
1791168267.864 23960 23960 I XrayDeviceProbe: XRAY_ANDROID_PROBE state=counters-reset
1791168268.164 23960 23960 I XrayDeviceProbe: XRAY_ANDROID_PROBE state=started
1791168268.212 23960 15754 I XrayDeviceProbe: XRAY_ANDROID_PROBE kind=http result=passed sequence=1 elapsedSeconds=0
1791168268.225 23960 15754 I XrayDeviceProbe: XRAY_ANDROID_PROBE kind=udp result=passed sequence=1 elapsedSeconds=0
1791168269.255 23960 15754 I XrayDeviceProbe: XRAY_ANDROID_PROBE kind=http result=passed sequence=2 elapsedSeconds=1
1791168269.266 23960 15754 I XrayDeviceProbe: XRAY_ANDROID_PROBE kind=udp result=passed sequence=2 elapsedSeconds=1
1791168269.559 23960 23960 I XrayDeviceProbe: XRAY_ANDROID_PROBE state=stopped
1791168271.033 24006 24006 I XrayDeviceGate: XRAY_ANDROID_LIFECYCLE state=stopped
1791168271.033 24006 24006 I XrayDeviceGate: XRAY_ANDROID_SAMPLE {"tunBackend":"packet-pump","probeOnly":true,"runtimeRunning":false,"runtimeGeneration":2,"residentMemoryBytes":150925312,"threadCount":30,"processCpuMillis":80453,"elapsedRealtimeMillis":8733862,"activeConnections":0,"tunInboundPackets":4,"tunOutboundPackets":0,"tunDroppedPackets":0,"udpRemoteOpenEvents":0,"udpRemoteWrittenBytes":0,"udpRemoteReadBytes":0,"fatalTunErrors":0,"unrecoveredTransitions":0}
1791168271.218 23960 23960 I XrayDeviceProbe: XRAY_ANDROID_PROBE state=stopped
1791168272.536 24006 15801 I XrayDeviceGate: XRAY_ANDROID_SAMPLE {"tunBackend":"file-descriptor","probeOnly":false,"runtimeRunning":false,"runtimeGeneration":2,"residentMemoryBytes":151220224,"threadCount":29,"processCpuMillis":80583,"elapsedRealtimeMillis":8735366,"activeConnections":0,"tunInboundPackets":0,"tunOutboundPackets":0,"tunDroppedPackets":0,"udpRemoteOpenEvents":0,"udpRemoteWrittenBytes":0,"udpRemoteReadBytes":0,"fatalTunErrors":0,"unrecoveredTransitions":0}
1791168272.536 24006 24006 I XrayDeviceGate: XRAY_ANDROID_SAMPLE {"tunBackend":"file-descriptor","probeOnly":false,"runtimeRunning":false,"runtimeGeneration":2,"residentMemoryBytes":151220224,"threadCount":29,"processCpuMillis":80583,"elapsedRealtimeMillis":8735366,"activeConnections":0,"tunInboundPackets":0,"tunOutboundPackets":0,"tunDroppedPackets":0,"udpRemoteOpenEvents":0,"udpRemoteWrittenBytes":0,"udpRemoteReadBytes":0,"fatalTunErrors":0,"unrecoveredTransitions":0}
1791168272.537 24006 24006 I XrayDeviceGate: XRAY_ANDROID_LIFECYCLE state=stopped
1791168352.045 23960 23960 I XrayDeviceProbe: XRAY_ANDROID_PROBE state=stopped
1791168353.359 24006 15849 I XrayDeviceGate: XRAY_ANDROID_SAMPLE {"tunBackend":"file-descriptor","probeOnly":false,"runtimeRunning":false,"runtimeGeneration":2,"residentMemoryBytes":152383488,"threadCount":29,"processCpuMillis":82346,"elapsedRealtimeMillis":8816188,"activeConnections":0,"tunInboundPackets":0,"tunOutboundPackets":0,"tunDroppedPackets":0,"udpRemoteOpenEvents":0,"udpRemoteWrittenBytes":0,"udpRemoteReadBytes":0,"fatalTunErrors":0,"unrecoveredTransitions":0}
1791168353.360 24006 24006 I XrayDeviceGate: XRAY_ANDROID_LIFECYCLE state=stopped
1791168353.360 24006 24006 I XrayDeviceGate: XRAY_ANDROID_SAMPLE {"tunBackend":"file-descriptor","probeOnly":false,"runtimeRunning":false,"runtimeGeneration":2,"residentMemoryBytes":152383488,"threadCount":29,"processCpuMillis":82349,"elapsedRealtimeMillis":8816190,"activeConnections":0,"tunInboundPackets":0,"tunOutboundPackets":0,"tunDroppedPackets":0,"udpRemoteOpenEvents":0,"udpRemoteWrittenBytes":0,"udpRemoteReadBytes":0,"fatalTunErrors":0,"unrecoveredTransitions":0}
1791168353.595 24006 15859 I XrayDeviceGate: XRAY_ANDROID_SAMPLE {"tunBackend":"file-descriptor","probeOnly":false,"runtimeRunning":false,"runtimeGeneration":2,"residentMemoryBytes":152662016,"threadCount":29,"processCpuMillis":82397,"elapsedRealtimeMillis":8816424,"activeConnections":0,"tunInboundPackets":0,"tunOutboundPackets":0,"tunDroppedPackets":0,"udpRemoteOpenEvents":0,"udpRemoteWrittenBytes":0,"udpRemoteReadBytes":0,"fatalTunErrors":0,"unrecoveredTransitions":0}
1791168353.595 24006 24006 I XrayDeviceGate: XRAY_ANDROID_LIFECYCLE state=counters-reset
1791168354.817 24006 15883 I XrayDeviceGate: XRAY_ANDROID_SAMPLE {"tunBackend":"packet-pump","probeOnly":true,"runtimeRunning":false,"runtimeGeneration":0,"residentMemoryBytes":152580096,"threadCount":29,"processCpuMillis":82464,"elapsedRealtimeMillis":8817647,"activeConnections":0,"tunInboundPackets":0,"tunOutboundPackets":0,"tunDroppedPackets":0,"udpRemoteOpenEvents":0,"udpRemoteWrittenBytes":0,"udpRemoteReadBytes":0,"fatalTunErrors":0,"unrecoveredTransitions":0}
1791168354.872 24006 15885 I XrayDeviceGate: XRAY_ANDROID_LIFECYCLE state=running generation=1 tunBackend=packet-pump
1791168354.876 24006 15885 I XrayDeviceGate: XRAY_ANDROID_SAMPLE {"tunBackend":"packet-pump","probeOnly":true,"runtimeRunning":true,"runtimeGeneration":1,"residentMemoryBytes":153923584,"threadCount":38,"processCpuMillis":82519,"elapsedRealtimeMillis":8817705,"activeConnections":0,"tunInboundPackets":3,"tunOutboundPackets":0,"tunDroppedPackets":0,"udpRemoteOpenEvents":0,"udpRemoteWrittenBytes":0,"udpRemoteReadBytes":0,"fatalTunErrors":0,"unrecoveredTransitions":0}
1791168355.676 23960 23960 I XrayDeviceProbe: XRAY_ANDROID_PROBE state=counters-reset
1791168355.948 23960 23960 I XrayDeviceProbe: XRAY_ANDROID_PROBE state=started
1791168356.169 23960 15923 I XrayDeviceProbe: XRAY_ANDROID_PROBE kind=http result=failed errorCode=SocketException elapsedSeconds=0
1791168356.232 24006 24006 I XrayDeviceGate: XRAY_ANDROID_SAMPLE {"tunBackend":"packet-pump","probeOnly":true,"runtimeRunning":false,"runtimeGeneration":1,"residentMemoryBytes":154189824,"threadCount":30,"processCpuMillis":82595,"elapsedRealtimeMillis":8819061,"activeConnections":0,"tunInboundPackets":3,"tunOutboundPackets":0,"tunDroppedPackets":0,"udpRemoteOpenEvents":0,"udpRemoteWrittenBytes":0,"udpRemoteReadBytes":0,"fatalTunErrors":0,"unrecoveredTransitions":0}
1791168356.233 24006 24006 I XrayDeviceGate: XRAY_ANDROID_LIFECYCLE state=stopped
1791168358.220 23960 23960 I XrayDeviceProbe: XRAY_ANDROID_PROBE state=stopped
1791168361.186 23960 15923 W XrayDeviceProbe: XRAY_ANDROID_UDP_FAILURE queryTag=fa18230eb5845c2b localPort=58058 errorCode=SocketTimeoutException
1791168361.189 23960 15923 I XrayDeviceProbe: XRAY_ANDROID_PROBE kind=udp result=failed errorCode=SocketTimeoutException elapsedSeconds=5
1791168364.873 24006 15965 I XrayDeviceGate: XRAY_ANDROID_SAMPLE {"tunBackend":"packet-pump","probeOnly":true,"runtimeRunning":false,"runtimeGeneration":1,"residentMemoryBytes":149745664,"threadCount":29,"processCpuMillis":82806,"elapsedRealtimeMillis":8827702,"activeConnections":0,"tunInboundPackets":0,"tunOutboundPackets":0,"tunDroppedPackets":0,"udpRemoteOpenEvents":0,"udpRemoteWrittenBytes":0,"udpRemoteReadBytes":0,"fatalTunErrors":0,"unrecoveredTransitions":0}
1791168364.937 24006 15966 I XrayDeviceGate: XRAY_ANDROID_LIFECYCLE state=running generation=2 tunBackend=packet-pump
1791168364.941 24006 15966 I XrayDeviceGate: XRAY_ANDROID_SAMPLE {"tunBackend":"packet-pump","probeOnly":true,"runtimeRunning":true,"runtimeGeneration":2,"residentMemoryBytes":151248896,"threadCount":38,"processCpuMillis":82871,"elapsedRealtimeMillis":8827770,"activeConnections":0,"tunInboundPackets":3,"tunOutboundPackets":0,"tunDroppedPackets":0,"udpRemoteOpenEvents":0,"udpRemoteWrittenBytes":0,"udpRemoteReadBytes":0,"fatalTunErrors":0,"unrecoveredTransitions":0}
1791168365.793 23960 23960 I XrayDeviceProbe: XRAY_ANDROID_PROBE state=counters-reset
1791168366.112 23960 23960 I XrayDeviceProbe: XRAY_ANDROID_PROBE state=started
1791168366.166 23960 16002 I XrayDeviceProbe: XRAY_ANDROID_PROBE kind=http result=passed sequence=1 elapsedSeconds=0
1791168366.178 23960 16002 I XrayDeviceProbe: XRAY_ANDROID_PROBE kind=udp result=passed sequence=1 elapsedSeconds=0
1791168367.205 23960 16002 I XrayDeviceProbe: XRAY_ANDROID_PROBE kind=http result=passed sequence=2 elapsedSeconds=1
1791168367.216 23960 16002 I XrayDeviceProbe: XRAY_ANDROID_PROBE kind=udp result=passed sequence=2 elapsedSeconds=1
1791168367.530 23960 23960 I XrayDeviceProbe: XRAY_ANDROID_PROBE state=stopped
1791168368.984 24006 24006 I XrayDeviceGate: XRAY_ANDROID_LIFECYCLE state=stopped
1791168368.984 24006 24006 I XrayDeviceGate: XRAY_ANDROID_SAMPLE {"tunBackend":"packet-pump","probeOnly":true,"runtimeRunning":false,"runtimeGeneration":2,"residentMemoryBytes":151482368,"threadCount":30,"processCpuMillis":83052,"elapsedRealtimeMillis":8831813,"activeConnections":0,"tunInboundPackets":3,"tunOutboundPackets":0,"tunDroppedPackets":0,"udpRemoteOpenEvents":0,"udpRemoteWrittenBytes":0,"udpRemoteReadBytes":0,"fatalTunErrors":0,"unrecoveredTransitions":0}
1791168378.192 23960 23960 I XrayDeviceProbe: XRAY_ANDROID_PROBE state=stopped
1791168379.505 24006 16061 I XrayDeviceGate: XRAY_ANDROID_SAMPLE {"tunBackend":"file-descriptor","probeOnly":false,"runtimeRunning":false,"runtimeGeneration":2,"residentMemoryBytes":151068672,"threadCount":29,"processCpuMillis":83350,"elapsedRealtimeMillis":8842334,"activeConnections":0,"tunInboundPackets":0,"tunOutboundPackets":0,"tunDroppedPackets":0,"udpRemoteOpenEvents":0,"udpRemoteWrittenBytes":0,"udpRemoteReadBytes":0,"fatalTunErrors":0,"unrecoveredTransitions":0}
1791168379.509 24006 24006 I XrayDeviceGate: XRAY_ANDROID_LIFECYCLE state=stopped
1791168379.509 24006 24006 I XrayDeviceGate: XRAY_ANDROID_SAMPLE {"tunBackend":"file-descriptor","probeOnly":false,"runtimeRunning":false,"runtimeGeneration":2,"residentMemoryBytes":151068672,"threadCount":29,"processCpuMillis":83355,"elapsedRealtimeMillis":8842339,"activeConnections":0,"tunInboundPackets":0,"tunOutboundPackets":0,"tunDroppedPackets":0,"udpRemoteOpenEvents":0,"udpRemoteWrittenBytes":0,"udpRemoteReadBytes":0,"fatalTunErrors":0,"unrecoveredTransitions":0}
1791168379.736 24006 24006 I XrayDeviceGate: XRAY_ANDROID_LIFECYCLE state=counters-reset
1791168379.739 24006 16071 I XrayDeviceGate: XRAY_ANDROID_SAMPLE {"tunBackend":"file-descriptor","probeOnly":false,"runtimeRunning":false,"runtimeGeneration":0,"residentMemoryBytes":151351296,"threadCount":29,"processCpuMillis":83403,"elapsedRealtimeMillis":8842568,"activeConnections":0,"tunInboundPackets":0,"tunOutboundPackets":0,"tunDroppedPackets":0,"udpRemoteOpenEvents":0,"udpRemoteWrittenBytes":0,"udpRemoteReadBytes":0,"fatalTunErrors":0,"unrecoveredTransitions":0}
1791168380.935 24006 16096 I XrayDeviceGate: XRAY_ANDROID_SAMPLE {"tunBackend":"packet-pump","probeOnly":true,"runtimeRunning":false,"runtimeGeneration":0,"residentMemoryBytes":151375872,"threadCount":29,"processCpuMillis":83473,"elapsedRealtimeMillis":8843765,"activeConnections":0,"tunInboundPackets":0,"tunOutboundPackets":0,"tunDroppedPackets":0,"udpRemoteOpenEvents":0,"udpRemoteWrittenBytes":0,"udpRemoteReadBytes":0,"fatalTunErrors":0,"unrecoveredTransitions":0}
1791168380.988 24006 16099 I XrayDeviceGate: XRAY_ANDROID_LIFECYCLE state=running generation=1 tunBackend=packet-pump
1791168380.992 24006 16099 I XrayDeviceGate: XRAY_ANDROID_SAMPLE {"tunBackend":"packet-pump","probeOnly":true,"runtimeRunning":true,"runtimeGeneration":1,"residentMemoryBytes":152707072,"threadCount":38,"processCpuMillis":83521,"elapsedRealtimeMillis":8843821,"activeConnections":0,"tunInboundPackets":3,"tunOutboundPackets":0,"tunDroppedPackets":0,"udpRemoteOpenEvents":0,"udpRemoteWrittenBytes":0,"udpRemoteReadBytes":0,"fatalTunErrors":0,"unrecoveredTransitions":0}
1791168381.795 23960 23960 I XrayDeviceProbe: XRAY_ANDROID_PROBE state=counters-reset
1791168382.011 23960 23960 I XrayDeviceProbe: XRAY_ANDROID_PROBE state=started
1791168382.199 24006 24006 I XrayDeviceGate: XRAY_ANDROID_LIFECYCLE state=connections-close-requested accepted=1
1791168382.202 23960 16131 I XrayDeviceProbe: XRAY_ANDROID_PROBE kind=http result=failed errorCode=SocketException elapsedSeconds=0
1791168382.204 24006 24006 I XrayDeviceGate: XRAY_ANDROID_SAMPLE {"tunBackend":"packet-pump","probeOnly":true,"runtimeRunning":true,"runtimeGeneration":1,"residentMemoryBytes":152911872,"threadCount":38,"processCpuMillis":83596,"elapsedRealtimeMillis":8845033,"activeConnections":0,"tunInboundPackets":16,"tunOutboundPackets":9,"tunDroppedPackets":0,"udpRemoteOpenEvents":0,"udpRemoteWrittenBytes":0,"udpRemoteReadBytes":0,"fatalTunErrors":0,"unrecoveredTransitions":0}
1791168382.221 23960 16131 I XrayDeviceProbe: XRAY_ANDROID_PROBE kind=udp result=passed sequence=1 elapsedSeconds=0
1791168382.475 24006 24006 I XrayDeviceGate: XRAY_ANDROID_SAMPLE {"tunBackend":"packet-pump","probeOnly":true,"runtimeRunning":false,"runtimeGeneration":1,"residentMemoryBytes":153268224,"threadCount":30,"processCpuMillis":83697,"elapsedRealtimeMillis":8845305,"activeConnections":0,"tunInboundPackets":16,"tunOutboundPackets":9,"tunDroppedPackets":0,"udpRemoteOpenEvents":0,"udpRemoteWrittenBytes":0,"udpRemoteReadBytes":0,"fatalTunErrors":0,"unrecoveredTransitions":0}
1791168382.476 24006 24006 I XrayDeviceGate: XRAY_ANDROID_LIFECYCLE state=stopped
1791168385.069 23960 23960 I XrayDeviceProbe: XRAY_ANDROID_PROBE state=stopped
1791168391.699 24006 16184 I XrayDeviceGate: XRAY_ANDROID_SAMPLE {"tunBackend":"packet-pump","probeOnly":true,"runtimeRunning":false,"runtimeGeneration":1,"residentMemoryBytes":148643840,"threadCount":29,"processCpuMillis":83896,"elapsedRealtimeMillis":8854529,"activeConnections":0,"tunInboundPackets":0,"tunOutboundPackets":0,"tunDroppedPackets":0,"udpRemoteOpenEvents":0,"udpRemoteWrittenBytes":0,"udpRemoteReadBytes":0,"fatalTunErrors":0,"unrecoveredTransitions":0}
1791168391.762 24006 16186 I XrayDeviceGate: XRAY_ANDROID_LIFECYCLE state=running generation=2 tunBackend=packet-pump
1791168391.766 24006 16186 I XrayDeviceGate: XRAY_ANDROID_SAMPLE {"tunBackend":"packet-pump","probeOnly":true,"runtimeRunning":true,"runtimeGeneration":2,"residentMemoryBytes":149819392,"threadCount":38,"processCpuMillis":83967,"elapsedRealtimeMillis":8854595,"activeConnections":0,"tunInboundPackets":3,"tunOutboundPackets":0,"tunDroppedPackets":0,"udpRemoteOpenEvents":0,"udpRemoteWrittenBytes":0,"udpRemoteReadBytes":0,"fatalTunErrors":0,"unrecoveredTransitions":0}
1791168392.595 23960 23960 I XrayDeviceProbe: XRAY_ANDROID_PROBE state=counters-reset
1791168392.857 23960 23960 I XrayDeviceProbe: XRAY_ANDROID_PROBE state=started
1791168392.911 23960 16234 I XrayDeviceProbe: XRAY_ANDROID_PROBE kind=http result=passed sequence=1 elapsedSeconds=0
1791168392.923 23960 16234 I XrayDeviceProbe: XRAY_ANDROID_PROBE kind=udp result=passed sequence=1 elapsedSeconds=0
1791168393.944 23960 16234 I XrayDeviceProbe: XRAY_ANDROID_PROBE kind=http result=passed sequence=2 elapsedSeconds=1
1791168393.956 23960 16234 I XrayDeviceProbe: XRAY_ANDROID_PROBE kind=udp result=passed sequence=2 elapsedSeconds=1
1791168394.269 23960 23960 I XrayDeviceProbe: XRAY_ANDROID_PROBE state=stopped
1791168395.720 24006 24006 I XrayDeviceGate: XRAY_ANDROID_LIFECYCLE state=stopped
1791168395.720 24006 24006 I XrayDeviceGate: XRAY_ANDROID_SAMPLE {"tunBackend":"packet-pump","probeOnly":true,"runtimeRunning":false,"runtimeGeneration":2,"residentMemoryBytes":150409216,"threadCount":30,"processCpuMillis":84145,"elapsedRealtimeMillis":8858550,"activeConnections":0,"tunInboundPackets":3,"tunOutboundPackets":0,"tunDroppedPackets":0,"udpRemoteOpenEvents":0,"udpRemoteWrittenBytes":0,"udpRemoteReadBytes":0,"fatalTunErrors":0,"unrecoveredTransitions":0}
1791168397.630 23960 23960 I XrayDeviceProbe: XRAY_ANDROID_PROBE state=stopped
1791168398.946 24006 16287 I XrayDeviceGate: XRAY_ANDROID_SAMPLE {"tunBackend":"file-descriptor","probeOnly":false,"runtimeRunning":false,"runtimeGeneration":2,"residentMemoryBytes":150257664,"threadCount":29,"processCpuMillis":84288,"elapsedRealtimeMillis":8861775,"activeConnections":0,"tunInboundPackets":0,"tunOutboundPackets":0,"tunDroppedPackets":0,"udpRemoteOpenEvents":0,"udpRemoteWrittenBytes":0,"udpRemoteReadBytes":0,"fatalTunErrors":0,"unrecoveredTransitions":0}
1791168398.946 24006 24006 I XrayDeviceGate: XRAY_ANDROID_LIFECYCLE state=stopped
1791168398.946 24006 24006 I XrayDeviceGate: XRAY_ANDROID_SAMPLE {"tunBackend":"file-descriptor","probeOnly":false,"runtimeRunning":false,"runtimeGeneration":2,"residentMemoryBytes":150257664,"threadCount":29,"processCpuMillis":84288,"elapsedRealtimeMillis":8861775,"activeConnections":0,"tunInboundPackets":0,"tunOutboundPackets":0,"tunDroppedPackets":0,"udpRemoteOpenEvents":0,"udpRemoteWrittenBytes":0,"udpRemoteReadBytes":0,"fatalTunErrors":0,"unrecoveredTransitions":0}
1791168464.700 23960 23960 I XrayDeviceProbe: XRAY_ANDROID_PROBE state=stopped
1791168466.018 24006 16329 I XrayDeviceGate: XRAY_ANDROID_SAMPLE {"tunBackend":"file-descriptor","probeOnly":false,"runtimeRunning":false,"runtimeGeneration":2,"residentMemoryBytes":151592960,"threadCount":29,"processCpuMillis":85745,"elapsedRealtimeMillis":8928847,"activeConnections":0,"tunInboundPackets":0,"tunOutboundPackets":0,"tunDroppedPackets":0,"udpRemoteOpenEvents":0,"udpRemoteWrittenBytes":0,"udpRemoteReadBytes":0,"fatalTunErrors":0,"unrecoveredTransitions":0}
1791168466.018 24006 24006 I XrayDeviceGate: XRAY_ANDROID_LIFECYCLE state=stopped
1791168466.018 24006 24006 I XrayDeviceGate: XRAY_ANDROID_SAMPLE {"tunBackend":"file-descriptor","probeOnly":false,"runtimeRunning":false,"runtimeGeneration":2,"residentMemoryBytes":151592960,"threadCount":29,"processCpuMillis":85745,"elapsedRealtimeMillis":8928847,"activeConnections":0,"tunInboundPackets":0,"tunOutboundPackets":0,"tunDroppedPackets":0,"udpRemoteOpenEvents":0,"udpRemoteWrittenBytes":0,"udpRemoteReadBytes":0,"fatalTunErrors":0,"unrecoveredTransitions":0}
1791168466.233 24006 16340 I XrayDeviceGate: XRAY_ANDROID_SAMPLE {"tunBackend":"file-descriptor","probeOnly":false,"runtimeRunning":false,"runtimeGeneration":2,"residentMemoryBytes":151879680,"threadCount":29,"processCpuMillis":85792,"elapsedRealtimeMillis":8929063,"activeConnections":0,"tunInboundPackets":0,"tunOutboundPackets":0,"tunDroppedPackets":0,"udpRemoteOpenEvents":0,"udpRemoteWrittenBytes":0,"udpRemoteReadBytes":0,"fatalTunErrors":0,"unrecoveredTransitions":0}
1791168466.233 24006 24006 I XrayDeviceGate: XRAY_ANDROID_LIFECYCLE state=counters-reset
1791168467.472 24006 16365 I XrayDeviceGate: XRAY_ANDROID_SAMPLE {"tunBackend":"file-descriptor","probeOnly":true,"runtimeRunning":false,"runtimeGeneration":0,"residentMemoryBytes":151916544,"threadCount":29,"processCpuMillis":85859,"elapsedRealtimeMillis":8930301,"activeConnections":0,"tunInboundPackets":0,"tunOutboundPackets":0,"tunDroppedPackets":0,"udpRemoteOpenEvents":0,"udpRemoteWrittenBytes":0,"udpRemoteReadBytes":0,"fatalTunErrors":0,"unrecoveredTransitions":0}
1791168467.523 24006 16366 I XrayDeviceGate: XRAY_ANDROID_LIFECYCLE state=running generation=1 tunBackend=file-descriptor
1791168467.527 24006 16366 I XrayDeviceGate: XRAY_ANDROID_SAMPLE {"tunBackend":"file-descriptor","probeOnly":true,"runtimeRunning":true,"runtimeGeneration":1,"residentMemoryBytes":153300992,"threadCount":36,"processCpuMillis":85906,"elapsedRealtimeMillis":8930357,"activeConnections":0,"tunInboundPackets":3,"tunOutboundPackets":0,"tunDroppedPackets":0,"udpRemoteOpenEvents":0,"udpRemoteWrittenBytes":0,"udpRemoteReadBytes":0,"fatalTunErrors":0,"unrecoveredTransitions":0}
1791168468.371 23960 23960 I XrayDeviceProbe: XRAY_ANDROID_PROBE state=counters-reset
1791168468.657 23960 23960 I XrayDeviceProbe: XRAY_ANDROID_PROBE state=started
1791168468.837 24006 24006 I XrayDeviceGate: XRAY_ANDROID_LIFECYCLE state=connections-close-requested accepted=1
1791168468.839 23960 16400 I XrayDeviceProbe: XRAY_ANDROID_PROBE kind=http result=failed errorCode=SocketException elapsedSeconds=0
1791168468.841 24006 24006 I XrayDeviceGate: XRAY_ANDROID_SAMPLE {"tunBackend":"file-descriptor","probeOnly":true,"runtimeRunning":true,"runtimeGeneration":1,"residentMemoryBytes":152715264,"threadCount":36,"processCpuMillis":85967,"elapsedRealtimeMillis":8931671,"activeConnections":0,"tunInboundPackets":12,"tunOutboundPackets":6,"tunDroppedPackets":0,"udpRemoteOpenEvents":0,"udpRemoteWrittenBytes":0,"udpRemoteReadBytes":0,"fatalTunErrors":0,"unrecoveredTransitions":0}
1791168468.873 23960 16400 I XrayDeviceProbe: XRAY_ANDROID_PROBE kind=udp result=passed sequence=1 elapsedSeconds=0
1791168470.844 23960 23960 I XrayDeviceProbe: XRAY_ANDROID_PROBE state=stopped
1791168477.385 23960 23960 I XrayDeviceProbe: XRAY_ANDROID_PROBE state=counters-reset
1791168477.476 24006 16365 I XrayDeviceGate: XRAY_ANDROID_SAMPLE {"tunBackend":"file-descriptor","probeOnly":true,"runtimeRunning":true,"runtimeGeneration":1,"residentMemoryBytes":152371200,"threadCount":36,"processCpuMillis":86074,"elapsedRealtimeMillis":8940305,"activeConnections":1,"tunInboundPackets":14,"tunOutboundPackets":8,"tunDroppedPackets":0,"udpRemoteOpenEvents":1,"udpRemoteWrittenBytes":67,"udpRemoteReadBytes":83,"fatalTunErrors":0,"unrecoveredTransitions":0}
1791168477.588 23960 23960 I XrayDeviceProbe: XRAY_ANDROID_PROBE state=started
1791168477.624 23960 16444 I XrayDeviceProbe: XRAY_ANDROID_PROBE kind=http result=passed sequence=1 elapsedSeconds=0
1791168477.635 23960 16444 I XrayDeviceProbe: XRAY_ANDROID_PROBE kind=udp result=passed sequence=1 elapsedSeconds=0
1791168478.710 23960 16444 I XrayDeviceProbe: XRAY_ANDROID_PROBE kind=http result=passed sequence=2 elapsedSeconds=1
1791168478.722 23960 16444 I XrayDeviceProbe: XRAY_ANDROID_PROBE kind=udp result=passed sequence=2 elapsedSeconds=1
1791168478.996 23960 23960 I XrayDeviceProbe: XRAY_ANDROID_PROBE state=stopped
1791168480.382 24006 24006 I XrayDeviceGate: XRAY_ANDROID_SAMPLE {"tunBackend":"file-descriptor","probeOnly":true,"runtimeRunning":false,"runtimeGeneration":1,"residentMemoryBytes":148946944,"threadCount":30,"processCpuMillis":86163,"elapsedRealtimeMillis":8943212,"activeConnections":0,"tunInboundPackets":14,"tunOutboundPackets":8,"tunDroppedPackets":0,"udpRemoteOpenEvents":1,"udpRemoteWrittenBytes":67,"udpRemoteReadBytes":83,"fatalTunErrors":0,"unrecoveredTransitions":0}
1791168480.383 24006 24006 I XrayDeviceGate: XRAY_ANDROID_LIFECYCLE state=stopped
1791168491.312 23960 23960 I XrayDeviceProbe: XRAY_ANDROID_PROBE state=stopped
1791168492.629 24006 16505 I XrayDeviceGate: XRAY_ANDROID_SAMPLE {"tunBackend":"file-descriptor","probeOnly":false,"runtimeRunning":false,"runtimeGeneration":1,"residentMemoryBytes":149581824,"threadCount":29,"processCpuMillis":86488,"elapsedRealtimeMillis":8955458,"activeConnections":0,"tunInboundPackets":0,"tunOutboundPackets":0,"tunDroppedPackets":0,"udpRemoteOpenEvents":0,"udpRemoteWrittenBytes":0,"udpRemoteReadBytes":0,"fatalTunErrors":0,"unrecoveredTransitions":0}
1791168492.629 24006 24006 I XrayDeviceGate: XRAY_ANDROID_LIFECYCLE state=stopped
1791168492.629 24006 24006 I XrayDeviceGate: XRAY_ANDROID_SAMPLE {"tunBackend":"file-descriptor","probeOnly":false,"runtimeRunning":false,"runtimeGeneration":1,"residentMemoryBytes":149581824,"threadCount":29,"processCpuMillis":86488,"elapsedRealtimeMillis":8955458,"activeConnections":0,"tunInboundPackets":0,"tunOutboundPackets":0,"tunDroppedPackets":0,"udpRemoteOpenEvents":0,"udpRemoteWrittenBytes":0,"udpRemoteReadBytes":0,"fatalTunErrors":0,"unrecoveredTransitions":0}
1791168492.857 24006 16515 I XrayDeviceGate: XRAY_ANDROID_SAMPLE {"tunBackend":"file-descriptor","probeOnly":false,"runtimeRunning":false,"runtimeGeneration":1,"residentMemoryBytes":149864448,"threadCount":29,"processCpuMillis":86536,"elapsedRealtimeMillis":8955687,"activeConnections":0,"tunInboundPackets":0,"tunOutboundPackets":0,"tunDroppedPackets":0,"udpRemoteOpenEvents":0,"udpRemoteWrittenBytes":0,"udpRemoteReadBytes":0,"fatalTunErrors":0,"unrecoveredTransitions":0}
1791168492.857 24006 24006 I XrayDeviceGate: XRAY_ANDROID_LIFECYCLE state=counters-reset
1791168494.101 24006 16539 I XrayDeviceGate: XRAY_ANDROID_SAMPLE {"tunBackend":"file-descriptor","probeOnly":true,"runtimeRunning":false,"runtimeGeneration":0,"residentMemoryBytes":149889024,"threadCount":29,"processCpuMillis":86604,"elapsedRealtimeMillis":8956930,"activeConnections":0,"tunInboundPackets":0,"tunOutboundPackets":0,"tunDroppedPackets":0,"udpRemoteOpenEvents":0,"udpRemoteWrittenBytes":0,"udpRemoteReadBytes":0,"fatalTunErrors":0,"unrecoveredTransitions":0}
1791168494.157 24006 16541 I XrayDeviceGate: XRAY_ANDROID_LIFECYCLE state=running generation=1 tunBackend=file-descriptor
1791168494.160 24006 16541 I XrayDeviceGate: XRAY_ANDROID_SAMPLE {"tunBackend":"file-descriptor","probeOnly":true,"runtimeRunning":true,"runtimeGeneration":1,"residentMemoryBytes":151228416,"threadCount":36,"processCpuMillis":86656,"elapsedRealtimeMillis":8956990,"activeConnections":0,"tunInboundPackets":3,"tunOutboundPackets":0,"tunDroppedPackets":0,"udpRemoteOpenEvents":0,"udpRemoteWrittenBytes":0,"udpRemoteReadBytes":0,"fatalTunErrors":0,"unrecoveredTransitions":0}
1791168494.991 23960 23960 I XrayDeviceProbe: XRAY_ANDROID_PROBE state=counters-reset
1791168495.243 23960 23960 I XrayDeviceProbe: XRAY_ANDROID_PROBE state=started
1791168495.428 23960 16573 I XrayDeviceProbe: XRAY_ANDROID_PROBE kind=http result=failed errorCode=SocketException elapsedSeconds=0
1791168495.463 24006 24006 I XrayDeviceGate: XRAY_ANDROID_LIFECYCLE state=stopped
1791168495.463 24006 24006 I XrayDeviceGate: XRAY_ANDROID_SAMPLE {"tunBackend":"file-descriptor","probeOnly":true,"runtimeRunning":false,"runtimeGeneration":1,"residentMemoryBytes":151187456,"threadCount":30,"processCpuMillis":86712,"elapsedRealtimeMillis":8958292,"activeConnections":0,"tunInboundPackets":3,"tunOutboundPackets":0,"tunDroppedPackets":0,"udpRemoteOpenEvents":0,"udpRemoteWrittenBytes":0,"udpRemoteReadBytes":0,"fatalTunErrors":0,"unrecoveredTransitions":0}
1791168497.483 23960 23960 I XrayDeviceProbe: XRAY_ANDROID_PROBE state=stopped
1791168500.439 23960 16573 W XrayDeviceProbe: XRAY_ANDROID_UDP_FAILURE queryTag=a78e5220760a788a localPort=39050 errorCode=SocketTimeoutException
1791168500.443 23960 16573 I XrayDeviceProbe: XRAY_ANDROID_PROBE kind=udp result=failed errorCode=SocketTimeoutException elapsedSeconds=5
1791168504.116 24006 16611 I XrayDeviceGate: XRAY_ANDROID_SAMPLE {"tunBackend":"file-descriptor","probeOnly":false,"runtimeRunning":false,"runtimeGeneration":1,"residentMemoryBytes":148119552,"threadCount":29,"processCpuMillis":86916,"elapsedRealtimeMillis":8966946,"activeConnections":0,"tunInboundPackets":0,"tunOutboundPackets":0,"tunDroppedPackets":0,"udpRemoteOpenEvents":0,"udpRemoteWrittenBytes":0,"udpRemoteReadBytes":0,"fatalTunErrors":0,"unrecoveredTransitions":0}
1791168504.187 24006 16612 I XrayDeviceGate: XRAY_ANDROID_LIFECYCLE state=running generation=2 tunBackend=file-descriptor
1791168504.192 24006 16612 I XrayDeviceGate: XRAY_ANDROID_SAMPLE {"tunBackend":"file-descriptor","probeOnly":true,"runtimeRunning":true,"runtimeGeneration":2,"residentMemoryBytes":149405696,"threadCount":36,"processCpuMillis":86982,"elapsedRealtimeMillis":8967021,"activeConnections":0,"tunInboundPackets":3,"tunOutboundPackets":0,"tunDroppedPackets":0,"udpRemoteOpenEvents":0,"udpRemoteWrittenBytes":0,"udpRemoteReadBytes":0,"fatalTunErrors":0,"unrecoveredTransitions":0}
1791168505.012 23960 23960 I XrayDeviceProbe: XRAY_ANDROID_PROBE state=counters-reset
1791168505.266 23960 23960 I XrayDeviceProbe: XRAY_ANDROID_PROBE state=started
1791168505.311 23960 16644 I XrayDeviceProbe: XRAY_ANDROID_PROBE kind=http result=passed sequence=1 elapsedSeconds=0
1791168505.326 23960 16644 I XrayDeviceProbe: XRAY_ANDROID_PROBE kind=udp result=passed sequence=1 elapsedSeconds=0
1791168506.365 23960 16644 I XrayDeviceProbe: XRAY_ANDROID_PROBE kind=http result=passed sequence=2 elapsedSeconds=1
1791168506.376 23960 16644 I XrayDeviceProbe: XRAY_ANDROID_PROBE kind=udp result=passed sequence=2 elapsedSeconds=1
1791168506.694 23960 23960 I XrayDeviceProbe: XRAY_ANDROID_PROBE state=stopped
1791168508.067 24006 24006 I XrayDeviceGate: XRAY_ANDROID_LIFECYCLE state=stopped
1791168508.067 24006 24006 I XrayDeviceGate: XRAY_ANDROID_SAMPLE {"tunBackend":"file-descriptor","probeOnly":true,"runtimeRunning":false,"runtimeGeneration":2,"residentMemoryBytes":149630976,"threadCount":30,"processCpuMillis":87098,"elapsedRealtimeMillis":8970896,"activeConnections":0,"tunInboundPackets":3,"tunOutboundPackets":0,"tunDroppedPackets":0,"udpRemoteOpenEvents":0,"udpRemoteWrittenBytes":0,"udpRemoteReadBytes":0,"fatalTunErrors":0,"unrecoveredTransitions":0}
1791168517.475 23960 23960 I XrayDeviceProbe: XRAY_ANDROID_PROBE state=stopped
1791168518.819 24006 16700 I XrayDeviceGate: XRAY_ANDROID_SAMPLE {"tunBackend":"file-descriptor","probeOnly":false,"runtimeRunning":false,"runtimeGeneration":2,"residentMemoryBytes":149692416,"threadCount":29,"processCpuMillis":87387,"elapsedRealtimeMillis":8981648,"activeConnections":0,"tunInboundPackets":0,"tunOutboundPackets":0,"tunDroppedPackets":0,"udpRemoteOpenEvents":0,"udpRemoteWrittenBytes":0,"udpRemoteReadBytes":0,"fatalTunErrors":0,"unrecoveredTransitions":0}
1791168518.819 24006 24006 I XrayDeviceGate: XRAY_ANDROID_LIFECYCLE state=stopped
1791168518.819 24006 24006 I XrayDeviceGate: XRAY_ANDROID_SAMPLE {"tunBackend":"file-descriptor","probeOnly":false,"runtimeRunning":false,"runtimeGeneration":2,"residentMemoryBytes":149692416,"threadCount":29,"processCpuMillis":87387,"elapsedRealtimeMillis":8981648,"activeConnections":0,"tunInboundPackets":0,"tunOutboundPackets":0,"tunDroppedPackets":0,"udpRemoteOpenEvents":0,"udpRemoteWrittenBytes":0,"udpRemoteReadBytes":0,"fatalTunErrors":0,"unrecoveredTransitions":0}
1791168519.056 24006 16710 I XrayDeviceGate: XRAY_ANDROID_SAMPLE {"tunBackend":"file-descriptor","probeOnly":false,"runtimeRunning":false,"runtimeGeneration":2,"residentMemoryBytes":149970944,"threadCount":29,"processCpuMillis":87435,"elapsedRealtimeMillis":8981885,"activeConnections":0,"tunInboundPackets":0,"tunOutboundPackets":0,"tunDroppedPackets":0,"udpRemoteOpenEvents":0,"udpRemoteWrittenBytes":0,"udpRemoteReadBytes":0,"fatalTunErrors":0,"unrecoveredTransitions":0}
1791168519.056 24006 24006 I XrayDeviceGate: XRAY_ANDROID_LIFECYCLE state=counters-reset
1791168520.338 24006 16734 I XrayDeviceGate: XRAY_ANDROID_SAMPLE {"tunBackend":"packet-pump","probeOnly":true,"runtimeRunning":false,"runtimeGeneration":0,"residentMemoryBytes":149995520,"threadCount":29,"processCpuMillis":87500,"elapsedRealtimeMillis":8983167,"activeConnections":0,"tunInboundPackets":0,"tunOutboundPackets":0,"tunDroppedPackets":0,"udpRemoteOpenEvents":0,"udpRemoteWrittenBytes":0,"udpRemoteReadBytes":0,"fatalTunErrors":0,"unrecoveredTransitions":0}
1791168520.394 24006 16736 I XrayDeviceGate: XRAY_ANDROID_LIFECYCLE state=running generation=1 tunBackend=packet-pump
1791168520.398 24006 16736 I XrayDeviceGate: XRAY_ANDROID_SAMPLE {"tunBackend":"packet-pump","probeOnly":true,"runtimeRunning":true,"runtimeGeneration":1,"residentMemoryBytes":151326720,"threadCount":38,"processCpuMillis":87553,"elapsedRealtimeMillis":8983227,"activeConnections":0,"tunInboundPackets":3,"tunOutboundPackets":0,"tunDroppedPackets":0,"udpRemoteOpenEvents":0,"udpRemoteWrittenBytes":0,"udpRemoteReadBytes":0,"fatalTunErrors":0,"unrecoveredTransitions":0}
1791168521.230 23960 23960 I XrayDeviceProbe: XRAY_ANDROID_PROBE state=counters-reset
1791168521.471 23960 23960 I XrayDeviceProbe: XRAY_ANDROID_PROBE state=started
1791168521.636 24006 24006 I XrayDeviceGate: XRAY_ANDROID_LIFECYCLE state=connections-close-requested accepted=1
1791168521.638 23960 16769 I XrayDeviceProbe: XRAY_ANDROID_PROBE kind=http result=failed errorCode=SocketException elapsedSeconds=0
1791168521.639 24006 24006 I XrayDeviceGate: XRAY_ANDROID_SAMPLE {"tunBackend":"packet-pump","probeOnly":true,"runtimeRunning":true,"runtimeGeneration":1,"residentMemoryBytes":151449600,"threadCount":38,"processCpuMillis":87614,"elapsedRealtimeMillis":8984469,"activeConnections":0,"tunInboundPackets":12,"tunOutboundPackets":6,"tunDroppedPackets":0,"udpRemoteOpenEvents":0,"udpRemoteWrittenBytes":0,"udpRemoteReadBytes":0,"fatalTunErrors":0,"unrecoveredTransitions":0}
1791168521.657 23960 16769 I XrayDeviceProbe: XRAY_ANDROID_PROBE kind=udp result=passed sequence=1 elapsedSeconds=0
1791168523.749 23960 23960 I XrayDeviceProbe: XRAY_ANDROID_PROBE state=stopped
1791168530.303 23960 23960 I XrayDeviceProbe: XRAY_ANDROID_PROBE state=counters-reset
1791168530.342 24006 16734 I XrayDeviceGate: XRAY_ANDROID_SAMPLE {"tunBackend":"packet-pump","probeOnly":true,"runtimeRunning":true,"runtimeGeneration":1,"residentMemoryBytes":150740992,"threadCount":38,"processCpuMillis":87782,"elapsedRealtimeMillis":8993171,"activeConnections":1,"tunInboundPackets":14,"tunOutboundPackets":8,"tunDroppedPackets":0,"udpRemoteOpenEvents":1,"udpRemoteWrittenBytes":67,"udpRemoteReadBytes":83,"fatalTunErrors":0,"unrecoveredTransitions":0}
1791168530.513 23960 23960 I XrayDeviceProbe: XRAY_ANDROID_PROBE state=started
1791168530.708 23960 16817 I XrayDeviceProbe: XRAY_ANDROID_PROBE kind=http result=passed sequence=1 elapsedSeconds=0
1791168530.723 23960 16817 I XrayDeviceProbe: XRAY_ANDROID_PROBE kind=udp result=passed sequence=1 elapsedSeconds=0
1791168531.781 23960 16817 I XrayDeviceProbe: XRAY_ANDROID_PROBE kind=http result=passed sequence=2 elapsedSeconds=1
1791168531.792 23960 16817 I XrayDeviceProbe: XRAY_ANDROID_PROBE kind=udp result=passed sequence=2 elapsedSeconds=1
1791168532.523 23960 23960 I XrayDeviceProbe: XRAY_ANDROID_PROBE state=stopped
1791168534.057 24006 24006 I XrayDeviceGate: XRAY_ANDROID_LIFECYCLE state=stopped
1791168534.057 24006 24006 I XrayDeviceGate: XRAY_ANDROID_SAMPLE {"tunBackend":"packet-pump","probeOnly":true,"runtimeRunning":false,"runtimeGeneration":1,"residentMemoryBytes":151519232,"threadCount":30,"processCpuMillis":87859,"elapsedRealtimeMillis":8996886,"activeConnections":0,"tunInboundPackets":14,"tunOutboundPackets":8,"tunDroppedPackets":0,"udpRemoteOpenEvents":1,"udpRemoteWrittenBytes":67,"udpRemoteReadBytes":83,"fatalTunErrors":0,"unrecoveredTransitions":0}
1791168543.648 23960 23960 I XrayDeviceProbe: XRAY_ANDROID_PROBE state=stopped
1791168544.961 24006 16890 I XrayDeviceGate: XRAY_ANDROID_SAMPLE {"tunBackend":"file-descriptor","probeOnly":false,"runtimeRunning":false,"runtimeGeneration":1,"residentMemoryBytes":151588864,"threadCount":29,"processCpuMillis":88161,"elapsedRealtimeMillis":9007790,"activeConnections":0,"tunInboundPackets":0,"tunOutboundPackets":0,"tunDroppedPackets":0,"udpRemoteOpenEvents":0,"udpRemoteWrittenBytes":0,"udpRemoteReadBytes":0,"fatalTunErrors":0,"unrecoveredTransitions":0}
1791168544.964 24006 24006 I XrayDeviceGate: XRAY_ANDROID_LIFECYCLE state=stopped
1791168544.964 24006 24006 I XrayDeviceGate: XRAY_ANDROID_SAMPLE {"tunBackend":"file-descriptor","probeOnly":false,"runtimeRunning":false,"runtimeGeneration":1,"residentMemoryBytes":151588864,"threadCount":29,"processCpuMillis":88167,"elapsedRealtimeMillis":9007793,"activeConnections":0,"tunInboundPackets":0,"tunOutboundPackets":0,"tunDroppedPackets":0,"udpRemoteOpenEvents":0,"udpRemoteWrittenBytes":0,"udpRemoteReadBytes":0,"fatalTunErrors":0,"unrecoveredTransitions":0}
1791168545.189 24006 16900 I XrayDeviceGate: XRAY_ANDROID_SAMPLE {"tunBackend":"file-descriptor","probeOnly":false,"runtimeRunning":false,"runtimeGeneration":1,"residentMemoryBytes":151867392,"threadCount":29,"processCpuMillis":88213,"elapsedRealtimeMillis":9008018,"activeConnections":0,"tunInboundPackets":0,"tunOutboundPackets":0,"tunDroppedPackets":0,"udpRemoteOpenEvents":0,"udpRemoteWrittenBytes":0,"udpRemoteReadBytes":0,"fatalTunErrors":0,"unrecoveredTransitions":0}
1791168545.189 24006 24006 I XrayDeviceGate: XRAY_ANDROID_LIFECYCLE state=counters-reset
1791168546.414 24006 16924 I XrayDeviceGate: XRAY_ANDROID_SAMPLE {"tunBackend":"packet-pump","probeOnly":true,"runtimeRunning":false,"runtimeGeneration":0,"residentMemoryBytes":147767296,"threadCount":29,"processCpuMillis":88310,"elapsedRealtimeMillis":9009243,"activeConnections":0,"tunInboundPackets":0,"tunOutboundPackets":0,"tunDroppedPackets":0,"udpRemoteOpenEvents":0,"udpRemoteWrittenBytes":0,"udpRemoteReadBytes":0,"fatalTunErrors":0,"unrecoveredTransitions":0}
1791168546.471 24006 16926 I XrayDeviceGate: XRAY_ANDROID_LIFECYCLE state=running generation=1 tunBackend=packet-pump
1791168546.474 24006 16926 I XrayDeviceGate: XRAY_ANDROID_SAMPLE {"tunBackend":"packet-pump","probeOnly":true,"runtimeRunning":true,"runtimeGeneration":1,"residentMemoryBytes":149114880,"threadCount":38,"processCpuMillis":88365,"elapsedRealtimeMillis":9009304,"activeConnections":0,"tunInboundPackets":3,"tunOutboundPackets":0,"tunDroppedPackets":0,"udpRemoteOpenEvents":0,"udpRemoteWrittenBytes":0,"udpRemoteReadBytes":0,"fatalTunErrors":0,"unrecoveredTransitions":0}
1791168547.301 23960 23960 I XrayDeviceProbe: XRAY_ANDROID_PROBE state=counters-reset
1791168547.577 23960 23960 I XrayDeviceProbe: XRAY_ANDROID_PROBE state=started
1791168547.762 23960 16959 I XrayDeviceProbe: XRAY_ANDROID_PROBE kind=http result=failed errorCode=SocketException elapsedSeconds=0
1791168547.860 24006 24006 I XrayDeviceGate: XRAY_ANDROID_LIFECYCLE state=stopped
1791168547.860 24006 24006 I XrayDeviceGate: XRAY_ANDROID_SAMPLE {"tunBackend":"packet-pump","probeOnly":true,"runtimeRunning":false,"runtimeGeneration":1,"residentMemoryBytes":149159936,"threadCount":30,"processCpuMillis":88435,"elapsedRealtimeMillis":9010690,"activeConnections":0,"tunInboundPackets":3,"tunOutboundPackets":0,"tunDroppedPackets":0,"udpRemoteOpenEvents":0,"udpRemoteWrittenBytes":0,"udpRemoteReadBytes":0,"fatalTunErrors":0,"unrecoveredTransitions":0}
1791168549.783 23960 23960 I XrayDeviceProbe: XRAY_ANDROID_PROBE state=stopped
1791168552.774 23960 16959 W XrayDeviceProbe: XRAY_ANDROID_UDP_FAILURE queryTag=3d1287ccb20ba410 localPort=42632 errorCode=SocketTimeoutException
1791168552.777 23960 16959 I XrayDeviceProbe: XRAY_ANDROID_PROBE kind=udp result=failed errorCode=SocketTimeoutException elapsedSeconds=5
1791168556.437 24006 17002 I XrayDeviceGate: XRAY_ANDROID_SAMPLE {"tunBackend":"packet-pump","probeOnly":true,"runtimeRunning":false,"runtimeGeneration":1,"residentMemoryBytes":148357120,"threadCount":29,"processCpuMillis":88634,"elapsedRealtimeMillis":9019266,"activeConnections":0,"tunInboundPackets":0,"tunOutboundPackets":0,"tunDroppedPackets":0,"udpRemoteOpenEvents":0,"udpRemoteWrittenBytes":0,"udpRemoteReadBytes":0,"fatalTunErrors":0,"unrecoveredTransitions":0}
1791168556.499 24006 17003 I XrayDeviceGate: XRAY_ANDROID_LIFECYCLE state=running generation=2 tunBackend=packet-pump
1791168556.504 24006 17003 I XrayDeviceGate: XRAY_ANDROID_SAMPLE {"tunBackend":"packet-pump","probeOnly":true,"runtimeRunning":true,"runtimeGeneration":2,"residentMemoryBytes":149520384,"threadCount":38,"processCpuMillis":88700,"elapsedRealtimeMillis":9019333,"activeConnections":0,"tunInboundPackets":3,"tunOutboundPackets":0,"tunDroppedPackets":0,"udpRemoteOpenEvents":0,"udpRemoteWrittenBytes":0,"udpRemoteReadBytes":0,"fatalTunErrors":0,"unrecoveredTransitions":0}
1791168557.355 23960 23960 I XrayDeviceProbe: XRAY_ANDROID_PROBE state=counters-reset
1791168557.627 23960 23960 I XrayDeviceProbe: XRAY_ANDROID_PROBE state=started
1791168557.666 23960 17038 I XrayDeviceProbe: XRAY_ANDROID_PROBE kind=http result=passed sequence=1 elapsedSeconds=0
1791168557.684 23960 17038 I XrayDeviceProbe: XRAY_ANDROID_PROBE kind=udp result=passed sequence=1 elapsedSeconds=0
1791168558.716 23960 17038 I XrayDeviceProbe: XRAY_ANDROID_PROBE kind=http result=passed sequence=2 elapsedSeconds=1
1791168558.726 23960 17038 I XrayDeviceProbe: XRAY_ANDROID_PROBE kind=udp result=passed sequence=2 elapsedSeconds=1
1791168559.038 23960 23960 I XrayDeviceProbe: XRAY_ANDROID_PROBE state=stopped
1791168560.497 24006 24006 I XrayDeviceGate: XRAY_ANDROID_LIFECYCLE state=stopped
1791168560.497 24006 24006 I XrayDeviceGate: XRAY_ANDROID_SAMPLE {"tunBackend":"packet-pump","probeOnly":true,"runtimeRunning":false,"runtimeGeneration":2,"residentMemoryBytes":149786624,"threadCount":30,"processCpuMillis":88852,"elapsedRealtimeMillis":9023327,"activeConnections":0,"tunInboundPackets":3,"tunOutboundPackets":0,"tunDroppedPackets":0,"udpRemoteOpenEvents":0,"udpRemoteWrittenBytes":0,"udpRemoteReadBytes":0,"fatalTunErrors":0,"unrecoveredTransitions":0}
1791168571.070 23960 23960 I XrayDeviceProbe: XRAY_ANDROID_PROBE state=stopped
1791168572.391 24006 17092 I XrayDeviceGate: XRAY_ANDROID_SAMPLE {"tunBackend":"file-descriptor","probeOnly":false,"runtimeRunning":false,"runtimeGeneration":2,"residentMemoryBytes":149884928,"threadCount":29,"processCpuMillis":89160,"elapsedRealtimeMillis":9035220,"activeConnections":0,"tunInboundPackets":0,"tunOutboundPackets":0,"tunDroppedPackets":0,"udpRemoteOpenEvents":0,"udpRemoteWrittenBytes":0,"udpRemoteReadBytes":0,"fatalTunErrors":0,"unrecoveredTransitions":0}
1791168572.391 24006 24006 I XrayDeviceGate: XRAY_ANDROID_LIFECYCLE state=stopped
1791168572.391 24006 24006 I XrayDeviceGate: XRAY_ANDROID_SAMPLE {"tunBackend":"file-descriptor","probeOnly":false,"runtimeRunning":false,"runtimeGeneration":2,"residentMemoryBytes":149884928,"threadCount":29,"processCpuMillis":89160,"elapsedRealtimeMillis":9035220,"activeConnections":0,"tunInboundPackets":0,"tunOutboundPackets":0,"tunDroppedPackets":0,"udpRemoteOpenEvents":0,"udpRemoteWrittenBytes":0,"udpRemoteReadBytes":0,"fatalTunErrors":0,"unrecoveredTransitions":0}
1791168572.618 24006 17102 I XrayDeviceGate: XRAY_ANDROID_SAMPLE {"tunBackend":"file-descriptor","probeOnly":false,"runtimeRunning":false,"runtimeGeneration":2,"residentMemoryBytes":150163456,"threadCount":29,"processCpuMillis":89208,"elapsedRealtimeMillis":9035448,"activeConnections":0,"tunInboundPackets":0,"tunOutboundPackets":0,"tunDroppedPackets":0,"udpRemoteOpenEvents":0,"udpRemoteWrittenBytes":0,"udpRemoteReadBytes":0,"fatalTunErrors":0,"unrecoveredTransitions":0}
1791168572.618 24006 24006 I XrayDeviceGate: XRAY_ANDROID_LIFECYCLE state=counters-reset
1791168573.830 24006 17126 I XrayDeviceGate: XRAY_ANDROID_SAMPLE {"tunBackend":"file-descriptor","probeOnly":true,"runtimeRunning":false,"runtimeGeneration":0,"residentMemoryBytes":150192128,"threadCount":29,"processCpuMillis":89271,"elapsedRealtimeMillis":9036660,"activeConnections":0,"tunInboundPackets":0,"tunOutboundPackets":0,"tunDroppedPackets":0,"udpRemoteOpenEvents":0,"udpRemoteWrittenBytes":0,"udpRemoteReadBytes":0,"fatalTunErrors":0,"unrecoveredTransitions":0}
1791168573.884 24006 17129 I XrayDeviceGate: XRAY_ANDROID_LIFECYCLE state=running generation=1 tunBackend=file-descriptor
1791168573.887 24006 17129 I XrayDeviceGate: XRAY_ANDROID_SAMPLE {"tunBackend":"file-descriptor","probeOnly":true,"runtimeRunning":true,"runtimeGeneration":1,"residentMemoryBytes":151531520,"threadCount":36,"processCpuMillis":89314,"elapsedRealtimeMillis":9036716,"activeConnections":0,"tunInboundPackets":3,"tunOutboundPackets":0,"tunDroppedPackets":0,"udpRemoteOpenEvents":0,"udpRemoteWrittenBytes":0,"udpRemoteReadBytes":0,"fatalTunErrors":0,"unrecoveredTransitions":0}
1791168574.726 23960 23960 I XrayDeviceProbe: XRAY_ANDROID_PROBE state=counters-reset
1791168574.972 23960 23960 I XrayDeviceProbe: XRAY_ANDROID_PROBE state=started
1791168575.119 24006 24006 I XrayDeviceGate: XRAY_ANDROID_LIFECYCLE state=connections-close-requested accepted=1
1791168575.121 23960 17160 I XrayDeviceProbe: XRAY_ANDROID_PROBE kind=http result=failed errorCode=SocketException elapsedSeconds=0
1791168575.122 24006 24006 I XrayDeviceGate: XRAY_ANDROID_SAMPLE {"tunBackend":"file-descriptor","probeOnly":true,"runtimeRunning":true,"runtimeGeneration":1,"residentMemoryBytes":151564288,"threadCount":36,"processCpuMillis":89373,"elapsedRealtimeMillis":9037951,"activeConnections":0,"tunInboundPackets":12,"tunOutboundPackets":7,"tunDroppedPackets":0,"udpRemoteOpenEvents":0,"udpRemoteWrittenBytes":0,"udpRemoteReadBytes":0,"fatalTunErrors":0,"unrecoveredTransitions":0}
1791168575.139 23960 17160 I XrayDeviceProbe: XRAY_ANDROID_PROBE kind=udp result=passed sequence=1 elapsedSeconds=0
1791168577.156 23960 23960 I XrayDeviceProbe: XRAY_ANDROID_PROBE state=stopped
1791168583.707 23960 23960 I XrayDeviceProbe: XRAY_ANDROID_PROBE state=counters-reset
1791168583.834 24006 17126 I XrayDeviceGate: XRAY_ANDROID_SAMPLE {"tunBackend":"file-descriptor","probeOnly":true,"runtimeRunning":true,"runtimeGeneration":1,"residentMemoryBytes":151314432,"threadCount":36,"processCpuMillis":89477,"elapsedRealtimeMillis":9046663,"activeConnections":1,"tunInboundPackets":14,"tunOutboundPackets":8,"tunDroppedPackets":0,"udpRemoteOpenEvents":1,"udpRemoteWrittenBytes":67,"udpRemoteReadBytes":83,"fatalTunErrors":0,"unrecoveredTransitions":0}
1791168583.909 23960 23960 I XrayDeviceProbe: XRAY_ANDROID_PROBE state=started
1791168584.054 23960 17203 I XrayDeviceProbe: XRAY_ANDROID_PROBE kind=http result=passed sequence=1 elapsedSeconds=0
1791168584.068 23960 17203 I XrayDeviceProbe: XRAY_ANDROID_PROBE kind=udp result=passed sequence=1 elapsedSeconds=0
1791168585.131 23960 17203 I XrayDeviceProbe: XRAY_ANDROID_PROBE kind=http result=passed sequence=2 elapsedSeconds=1
1791168585.141 23960 17203 I XrayDeviceProbe: XRAY_ANDROID_PROBE kind=udp result=passed sequence=2 elapsedSeconds=1
1791168585.934 23960 23960 I XrayDeviceProbe: XRAY_ANDROID_PROBE state=stopped
1791168587.319 24006 24006 I XrayDeviceGate: XRAY_ANDROID_LIFECYCLE state=stopped
1791168587.319 24006 24006 I XrayDeviceGate: XRAY_ANDROID_SAMPLE {"tunBackend":"file-descriptor","probeOnly":true,"runtimeRunning":false,"runtimeGeneration":1,"residentMemoryBytes":152150016,"threadCount":30,"processCpuMillis":89537,"elapsedRealtimeMillis":9050149,"activeConnections":0,"tunInboundPackets":14,"tunOutboundPackets":8,"tunDroppedPackets":0,"udpRemoteOpenEvents":1,"udpRemoteWrittenBytes":67,"udpRemoteReadBytes":83,"fatalTunErrors":0,"unrecoveredTransitions":0}
1791168597.557 23960 23960 I XrayDeviceProbe: XRAY_ANDROID_PROBE state=stopped
1791168598.858 24006 24006 I XrayDeviceGate: XRAY_ANDROID_LIFECYCLE state=stopped
1791168598.858 24006 24006 I XrayDeviceGate: XRAY_ANDROID_SAMPLE {"tunBackend":"file-descriptor","probeOnly":false,"runtimeRunning":false,"runtimeGeneration":1,"residentMemoryBytes":152018944,"threadCount":29,"processCpuMillis":89859,"elapsedRealtimeMillis":9061688,"activeConnections":0,"tunInboundPackets":0,"tunOutboundPackets":0,"tunDroppedPackets":0,"udpRemoteOpenEvents":0,"udpRemoteWrittenBytes":0,"udpRemoteReadBytes":0,"fatalTunErrors":0,"unrecoveredTransitions":0}
1791168598.859 24006 17264 I XrayDeviceGate: XRAY_ANDROID_SAMPLE {"tunBackend":"file-descriptor","probeOnly":false,"runtimeRunning":false,"runtimeGeneration":1,"residentMemoryBytes":152018944,"threadCount":29,"processCpuMillis":89860,"elapsedRealtimeMillis":9061688,"activeConnections":0,"tunInboundPackets":0,"tunOutboundPackets":0,"tunDroppedPackets":0,"udpRemoteOpenEvents":0,"udpRemoteWrittenBytes":0,"udpRemoteReadBytes":0,"fatalTunErrors":0,"unrecoveredTransitions":0}
1791168599.088 24006 24006 I XrayDeviceGate: XRAY_ANDROID_LIFECYCLE state=counters-reset
1791168599.090 24006 17274 I XrayDeviceGate: XRAY_ANDROID_SAMPLE {"tunBackend":"file-descriptor","probeOnly":false,"runtimeRunning":false,"runtimeGeneration":0,"residentMemoryBytes":152481792,"threadCount":29,"processCpuMillis":89924,"elapsedRealtimeMillis":9061919,"activeConnections":0,"tunInboundPackets":0,"tunOutboundPackets":0,"tunDroppedPackets":0,"udpRemoteOpenEvents":0,"udpRemoteWrittenBytes":0,"udpRemoteReadBytes":0,"fatalTunErrors":0,"unrecoveredTransitions":0}
1791168600.313 24006 17298 I XrayDeviceGate: XRAY_ANDROID_SAMPLE {"tunBackend":"file-descriptor","probeOnly":true,"runtimeRunning":false,"runtimeGeneration":0,"residentMemoryBytes":148840448,"threadCount":29,"processCpuMillis":90006,"elapsedRealtimeMillis":9063142,"activeConnections":0,"tunInboundPackets":0,"tunOutboundPackets":0,"tunDroppedPackets":0,"udpRemoteOpenEvents":0,"udpRemoteWrittenBytes":0,"udpRemoteReadBytes":0,"fatalTunErrors":0,"unrecoveredTransitions":0}
1791168600.369 24006 17301 I XrayDeviceGate: XRAY_ANDROID_LIFECYCLE state=running generation=1 tunBackend=file-descriptor
1791168600.372 24006 17301 I XrayDeviceGate: XRAY_ANDROID_SAMPLE {"tunBackend":"file-descriptor","probeOnly":true,"runtimeRunning":true,"runtimeGeneration":1,"residentMemoryBytes":150171648,"threadCount":36,"processCpuMillis":90057,"elapsedRealtimeMillis":9063202,"activeConnections":0,"tunInboundPackets":3,"tunOutboundPackets":0,"tunDroppedPackets":0,"udpRemoteOpenEvents":0,"udpRemoteWrittenBytes":0,"udpRemoteReadBytes":0,"fatalTunErrors":0,"unrecoveredTransitions":0}
1791168601.201 23960 23960 I XrayDeviceProbe: XRAY_ANDROID_PROBE state=counters-reset
1791168601.444 23960 23960 I XrayDeviceProbe: XRAY_ANDROID_PROBE state=started
1791168601.716 23960 17330 I XrayDeviceProbe: XRAY_ANDROID_PROBE kind=http result=failed errorCode=SocketException elapsedSeconds=0
1791168601.754 24006 24006 I XrayDeviceGate: XRAY_ANDROID_SAMPLE {"tunBackend":"file-descriptor","probeOnly":true,"runtimeRunning":false,"runtimeGeneration":1,"residentMemoryBytes":150290432,"threadCount":30,"processCpuMillis":90119,"elapsedRealtimeMillis":9064584,"activeConnections":0,"tunInboundPackets":3,"tunOutboundPackets":0,"tunDroppedPackets":0,"udpRemoteOpenEvents":0,"udpRemoteWrittenBytes":0,"udpRemoteReadBytes":0,"fatalTunErrors":0,"unrecoveredTransitions":0}
1791168601.755 24006 24006 I XrayDeviceGate: XRAY_ANDROID_LIFECYCLE state=stopped
1791168603.825 23960 23960 I XrayDeviceProbe: XRAY_ANDROID_PROBE state=stopped
1791168606.729 23960 17330 W XrayDeviceProbe: XRAY_ANDROID_UDP_FAILURE queryTag=fdfa30a04a12cf8d localPort=52813 errorCode=SocketTimeoutException
1791168606.731 23960 17330 I XrayDeviceProbe: XRAY_ANDROID_PROBE kind=udp result=failed errorCode=SocketTimeoutException elapsedSeconds=5
1791168610.470 24006 17375 I XrayDeviceGate: XRAY_ANDROID_SAMPLE {"tunBackend":"file-descriptor","probeOnly":true,"runtimeRunning":false,"runtimeGeneration":1,"residentMemoryBytes":150745088,"threadCount":29,"processCpuMillis":90295,"elapsedRealtimeMillis":9073300,"activeConnections":0,"tunInboundPackets":0,"tunOutboundPackets":0,"tunDroppedPackets":0,"udpRemoteOpenEvents":0,"udpRemoteWrittenBytes":0,"udpRemoteReadBytes":0,"fatalTunErrors":0,"unrecoveredTransitions":0}
1791168610.543 24006 17376 I XrayDeviceGate: XRAY_ANDROID_LIFECYCLE state=running generation=2 tunBackend=file-descriptor
1791168610.548 24006 17376 I XrayDeviceGate: XRAY_ANDROID_SAMPLE {"tunBackend":"file-descriptor","probeOnly":true,"runtimeRunning":true,"runtimeGeneration":2,"residentMemoryBytes":152068096,"threadCount":36,"processCpuMillis":90363,"elapsedRealtimeMillis":9073378,"activeConnections":0,"tunInboundPackets":3,"tunOutboundPackets":0,"tunDroppedPackets":0,"udpRemoteOpenEvents":0,"udpRemoteWrittenBytes":0,"udpRemoteReadBytes":0,"fatalTunErrors":0,"unrecoveredTransitions":0}
1791168611.403 23960 23960 I XrayDeviceProbe: XRAY_ANDROID_PROBE state=counters-reset
1791168611.610 23960 23960 I XrayDeviceProbe: XRAY_ANDROID_PROBE state=started
1791168611.643 23960 17408 I XrayDeviceProbe: XRAY_ANDROID_PROBE kind=http result=passed sequence=1 elapsedSeconds=0
1791168611.656 23960 17408 I XrayDeviceProbe: XRAY_ANDROID_PROBE kind=udp result=passed sequence=1 elapsedSeconds=0
1791168612.685 23960 17408 I XrayDeviceProbe: XRAY_ANDROID_PROBE kind=http result=passed sequence=2 elapsedSeconds=1
1791168612.697 23960 17408 I XrayDeviceProbe: XRAY_ANDROID_PROBE kind=udp result=passed sequence=2 elapsedSeconds=1
1791168613.019 23960 23960 I XrayDeviceProbe: XRAY_ANDROID_PROBE state=stopped
1791168614.407 24006 24006 I XrayDeviceGate: XRAY_ANDROID_LIFECYCLE state=stopped
1791168614.407 24006 24006 I XrayDeviceGate: XRAY_ANDROID_SAMPLE {"tunBackend":"file-descriptor","probeOnly":true,"runtimeRunning":false,"runtimeGeneration":2,"residentMemoryBytes":152076288,"threadCount":30,"processCpuMillis":90496,"elapsedRealtimeMillis":9077236,"activeConnections":0,"tunInboundPackets":3,"tunOutboundPackets":0,"tunDroppedPackets":0,"udpRemoteOpenEvents":0,"udpRemoteWrittenBytes":0,"udpRemoteReadBytes":0,"fatalTunErrors":0,"unrecoveredTransitions":0}
1791168623.958 23960 23960 I XrayDeviceProbe: XRAY_ANDROID_PROBE state=stopped
1791168625.281 24006 17466 I XrayDeviceGate: XRAY_ANDROID_SAMPLE {"tunBackend":"file-descriptor","probeOnly":false,"runtimeRunning":false,"runtimeGeneration":2,"residentMemoryBytes":152473600,"threadCount":29,"processCpuMillis":90806,"elapsedRealtimeMillis":9088110,"activeConnections":0,"tunInboundPackets":0,"tunOutboundPackets":0,"tunDroppedPackets":0,"udpRemoteOpenEvents":0,"udpRemoteWrittenBytes":0,"udpRemoteReadBytes":0,"fatalTunErrors":0,"unrecoveredTransitions":0}
1791168625.284 24006 24006 I XrayDeviceGate: XRAY_ANDROID_LIFECYCLE state=stopped
1791168625.284 24006 24006 I XrayDeviceGate: XRAY_ANDROID_SAMPLE {"tunBackend":"file-descriptor","probeOnly":false,"runtimeRunning":false,"runtimeGeneration":2,"residentMemoryBytes":152473600,"threadCount":29,"processCpuMillis":90813,"elapsedRealtimeMillis":9088113,"activeConnections":0,"tunInboundPackets":0,"tunOutboundPackets":0,"tunDroppedPackets":0,"udpRemoteOpenEvents":0,"udpRemoteWrittenBytes":0,"udpRemoteReadBytes":0,"fatalTunErrors":0,"unrecoveredTransitions":0}
1791168625.514 24006 17476 I XrayDeviceGate: XRAY_ANDROID_SAMPLE {"tunBackend":"file-descriptor","probeOnly":false,"runtimeRunning":false,"runtimeGeneration":2,"residentMemoryBytes":152752128,"threadCount":29,"processCpuMillis":90855,"elapsedRealtimeMillis":9088343,"activeConnections":0,"tunInboundPackets":0,"tunOutboundPackets":0,"tunDroppedPackets":0,"udpRemoteOpenEvents":0,"udpRemoteWrittenBytes":0,"udpRemoteReadBytes":0,"fatalTunErrors":0,"unrecoveredTransitions":0}
1791168625.514 24006 24006 I XrayDeviceGate: XRAY_ANDROID_LIFECYCLE state=counters-reset
1791168626.720 24006 17500 I XrayDeviceGate: XRAY_ANDROID_SAMPLE {"tunBackend":"packet-pump","probeOnly":true,"runtimeRunning":false,"runtimeGeneration":0,"residentMemoryBytes":152535040,"threadCount":29,"processCpuMillis":90922,"elapsedRealtimeMillis":9089549,"activeConnections":0,"tunInboundPackets":0,"tunOutboundPackets":0,"tunDroppedPackets":0,"udpRemoteOpenEvents":0,"udpRemoteWrittenBytes":0,"udpRemoteReadBytes":0,"fatalTunErrors":0,"unrecoveredTransitions":0}
1791168626.785 24006 17503 I XrayDeviceGate: XRAY_ANDROID_LIFECYCLE state=running generation=1 tunBackend=packet-pump
1791168626.789 24006 17503 I XrayDeviceGate: XRAY_ANDROID_SAMPLE {"tunBackend":"packet-pump","probeOnly":true,"runtimeRunning":true,"runtimeGeneration":1,"residentMemoryBytes":149737472,"threadCount":38,"processCpuMillis":91010,"elapsedRealtimeMillis":9089618,"activeConnections":0,"tunInboundPackets":3,"tunOutboundPackets":0,"tunDroppedPackets":0,"udpRemoteOpenEvents":0,"udpRemoteWrittenBytes":0,"udpRemoteReadBytes":0,"fatalTunErrors":0,"unrecoveredTransitions":0}
1791168627.609 23960 23960 I XrayDeviceProbe: XRAY_ANDROID_PROBE state=counters-reset
1791168627.854 23960 23960 I XrayDeviceProbe: XRAY_ANDROID_PROBE state=started
1791168628.210 24006 24006 I XrayDeviceGate: XRAY_ANDROID_LIFECYCLE state=connections-close-requested accepted=1
1791168628.213 23960 17534 I XrayDeviceProbe: XRAY_ANDROID_PROBE kind=http result=failed errorCode=SocketException elapsedSeconds=0
1791168628.214 24006 24006 I XrayDeviceGate: XRAY_ANDROID_SAMPLE {"tunBackend":"packet-pump","probeOnly":true,"runtimeRunning":true,"runtimeGeneration":1,"residentMemoryBytes":149970944,"threadCount":38,"processCpuMillis":91125,"elapsedRealtimeMillis":9091043,"activeConnections":0,"tunInboundPackets":12,"tunOutboundPackets":6,"tunDroppedPackets":0,"udpRemoteOpenEvents":0,"udpRemoteWrittenBytes":0,"udpRemoteReadBytes":0,"fatalTunErrors":0,"unrecoveredTransitions":0}
1791168628.386 23960 17534 I XrayDeviceProbe: XRAY_ANDROID_PROBE kind=udp result=passed sequence=1 elapsedSeconds=0
1791168630.264 23960 23960 I XrayDeviceProbe: XRAY_ANDROID_PROBE state=stopped
1791168636.728 24006 17500 I XrayDeviceGate: XRAY_ANDROID_SAMPLE {"tunBackend":"packet-pump","probeOnly":true,"runtimeRunning":true,"runtimeGeneration":1,"residentMemoryBytes":149463040,"threadCount":38,"processCpuMillis":91292,"elapsedRealtimeMillis":9099557,"activeConnections":1,"tunInboundPackets":14,"tunOutboundPackets":8,"tunDroppedPackets":0,"udpRemoteOpenEvents":1,"udpRemoteWrittenBytes":67,"udpRemoteReadBytes":83,"fatalTunErrors":0,"unrecoveredTransitions":0}
1791168636.842 23960 23960 I XrayDeviceProbe: XRAY_ANDROID_PROBE state=counters-reset
1791168637.055 23960 23960 I XrayDeviceProbe: XRAY_ANDROID_PROBE state=started
1791168637.204 23960 17581 I XrayDeviceProbe: XRAY_ANDROID_PROBE kind=http result=passed sequence=1 elapsedSeconds=0
1791168637.218 23960 17581 I XrayDeviceProbe: XRAY_ANDROID_PROBE kind=udp result=passed sequence=1 elapsedSeconds=0
1791168638.326 23960 17581 I XrayDeviceProbe: XRAY_ANDROID_PROBE kind=http result=passed sequence=2 elapsedSeconds=1
1791168638.337 23960 17581 I XrayDeviceProbe: XRAY_ANDROID_PROBE kind=udp result=passed sequence=2 elapsedSeconds=1
1791168639.065 23960 23960 I XrayDeviceProbe: XRAY_ANDROID_PROBE state=stopped
1791168640.604 24006 24006 I XrayDeviceGate: XRAY_ANDROID_LIFECYCLE state=stopped
1791168640.604 24006 24006 I XrayDeviceGate: XRAY_ANDROID_SAMPLE {"tunBackend":"packet-pump","probeOnly":true,"runtimeRunning":false,"runtimeGeneration":1,"residentMemoryBytes":150241280,"threadCount":30,"processCpuMillis":91376,"elapsedRealtimeMillis":9103433,"activeConnections":0,"tunInboundPackets":14,"tunOutboundPackets":8,"tunDroppedPackets":0,"udpRemoteOpenEvents":1,"udpRemoteWrittenBytes":67,"udpRemoteReadBytes":83,"fatalTunErrors":0,"unrecoveredTransitions":0}
1791168650.512 23960 23960 I XrayDeviceProbe: XRAY_ANDROID_PROBE state=stopped
1791168651.838 24006 17642 I XrayDeviceGate: XRAY_ANDROID_SAMPLE {"tunBackend":"file-descriptor","probeOnly":false,"runtimeRunning":false,"runtimeGeneration":1,"residentMemoryBytes":150745088,"threadCount":29,"processCpuMillis":91692,"elapsedRealtimeMillis":9114667,"activeConnections":0,"tunInboundPackets":0,"tunOutboundPackets":0,"tunDroppedPackets":0,"udpRemoteOpenEvents":0,"udpRemoteWrittenBytes":0,"udpRemoteReadBytes":0,"fatalTunErrors":0,"unrecoveredTransitions":0}
1791168651.838 24006 24006 I XrayDeviceGate: XRAY_ANDROID_LIFECYCLE state=stopped
1791168651.838 24006 24006 I XrayDeviceGate: XRAY_ANDROID_SAMPLE {"tunBackend":"file-descriptor","probeOnly":false,"runtimeRunning":false,"runtimeGeneration":1,"residentMemoryBytes":150745088,"threadCount":29,"processCpuMillis":91692,"elapsedRealtimeMillis":9114667,"activeConnections":0,"tunInboundPackets":0,"tunOutboundPackets":0,"tunDroppedPackets":0,"udpRemoteOpenEvents":0,"udpRemoteWrittenBytes":0,"udpRemoteReadBytes":0,"fatalTunErrors":0,"unrecoveredTransitions":0}
1791168652.070 24006 24006 I XrayDeviceGate: XRAY_ANDROID_LIFECYCLE state=counters-reset
1791168652.072 24006 17652 I XrayDeviceGate: XRAY_ANDROID_SAMPLE {"tunBackend":"file-descriptor","probeOnly":false,"runtimeRunning":false,"runtimeGeneration":0,"residentMemoryBytes":151019520,"threadCount":29,"processCpuMillis":91742,"elapsedRealtimeMillis":9114901,"activeConnections":0,"tunInboundPackets":0,"tunOutboundPackets":0,"tunDroppedPackets":0,"udpRemoteOpenEvents":0,"udpRemoteWrittenBytes":0,"udpRemoteReadBytes":0,"fatalTunErrors":0,"unrecoveredTransitions":0}
1791168653.287 24006 17676 I XrayDeviceGate: XRAY_ANDROID_SAMPLE {"tunBackend":"packet-pump","probeOnly":true,"runtimeRunning":false,"runtimeGeneration":0,"residentMemoryBytes":151093248,"threadCount":29,"processCpuMillis":91804,"elapsedRealtimeMillis":9116117,"activeConnections":0,"tunInboundPackets":0,"tunOutboundPackets":0,"tunDroppedPackets":0,"udpRemoteOpenEvents":0,"udpRemoteWrittenBytes":0,"udpRemoteReadBytes":0,"fatalTunErrors":0,"unrecoveredTransitions":0}
1791168653.343 24006 17679 I XrayDeviceGate: XRAY_ANDROID_LIFECYCLE state=running generation=1 tunBackend=packet-pump
1791168653.346 24006 17679 I XrayDeviceGate: XRAY_ANDROID_SAMPLE {"tunBackend":"packet-pump","probeOnly":true,"runtimeRunning":true,"runtimeGeneration":1,"residentMemoryBytes":152444928,"threadCount":38,"processCpuMillis":91858,"elapsedRealtimeMillis":9116175,"activeConnections":0,"tunInboundPackets":3,"tunOutboundPackets":0,"tunDroppedPackets":0,"udpRemoteOpenEvents":0,"udpRemoteWrittenBytes":0,"udpRemoteReadBytes":0,"fatalTunErrors":0,"unrecoveredTransitions":0}
1791168654.170 23960 23960 I XrayDeviceProbe: XRAY_ANDROID_PROBE state=counters-reset
1791168654.409 23960 23960 I XrayDeviceProbe: XRAY_ANDROID_PROBE state=started
1791168654.582 23960 17712 I XrayDeviceProbe: XRAY_ANDROID_PROBE kind=http result=failed errorCode=SocketException elapsedSeconds=0
1791168654.690 24006 24006 I XrayDeviceGate: XRAY_ANDROID_SAMPLE {"tunBackend":"packet-pump","probeOnly":true,"runtimeRunning":false,"runtimeGeneration":1,"residentMemoryBytes":152375296,"threadCount":30,"processCpuMillis":91927,"elapsedRealtimeMillis":9117520,"activeConnections":0,"tunInboundPackets":3,"tunOutboundPackets":0,"tunDroppedPackets":0,"udpRemoteOpenEvents":0,"udpRemoteWrittenBytes":0,"udpRemoteReadBytes":0,"fatalTunErrors":0,"unrecoveredTransitions":0}
1791168654.692 24006 24006 I XrayDeviceGate: XRAY_ANDROID_LIFECYCLE state=stopped
1791168656.599 23960 23960 I XrayDeviceProbe: XRAY_ANDROID_PROBE state=stopped
1791168659.593 23960 17712 W XrayDeviceProbe: XRAY_ANDROID_UDP_FAILURE queryTag=b4eab0ef05f5121b localPort=59368 errorCode=SocketTimeoutException
1791168659.596 23960 17712 I XrayDeviceProbe: XRAY_ANDROID_PROBE kind=udp result=failed errorCode=SocketTimeoutException elapsedSeconds=5
1791168663.255 24006 17750 I XrayDeviceGate: XRAY_ANDROID_SAMPLE {"tunBackend":"packet-pump","probeOnly":true,"runtimeRunning":false,"runtimeGeneration":1,"residentMemoryBytes":148733952,"threadCount":29,"processCpuMillis":92120,"elapsedRealtimeMillis":9126085,"activeConnections":0,"tunInboundPackets":0,"tunOutboundPackets":0,"tunDroppedPackets":0,"udpRemoteOpenEvents":0,"udpRemoteWrittenBytes":0,"udpRemoteReadBytes":0,"fatalTunErrors":0,"unrecoveredTransitions":0}
1791168663.317 24006 17751 I XrayDeviceGate: XRAY_ANDROID_LIFECYCLE state=running generation=2 tunBackend=packet-pump
1791168663.321 24006 17751 I XrayDeviceGate: XRAY_ANDROID_SAMPLE {"tunBackend":"packet-pump","probeOnly":true,"runtimeRunning":true,"runtimeGeneration":2,"residentMemoryBytes":150056960,"threadCount":38,"processCpuMillis":92185,"elapsedRealtimeMillis":9126150,"activeConnections":0,"tunInboundPackets":3,"tunOutboundPackets":0,"tunDroppedPackets":0,"udpRemoteOpenEvents":0,"udpRemoteWrittenBytes":0,"udpRemoteReadBytes":0,"fatalTunErrors":0,"unrecoveredTransitions":0}
1791168664.184 23960 23960 I XrayDeviceProbe: XRAY_ANDROID_PROBE state=counters-reset
1791168664.466 23960 23960 I XrayDeviceProbe: XRAY_ANDROID_PROBE state=started
1791168664.505 23960 17785 I XrayDeviceProbe: XRAY_ANDROID_PROBE kind=http result=passed sequence=1 elapsedSeconds=0
1791168664.519 23960 17785 I XrayDeviceProbe: XRAY_ANDROID_PROBE kind=udp result=passed sequence=1 elapsedSeconds=0
1791168665.550 23960 17785 I XrayDeviceProbe: XRAY_ANDROID_PROBE kind=http result=passed sequence=2 elapsedSeconds=1
1791168665.563 23960 17785 I XrayDeviceProbe: XRAY_ANDROID_PROBE kind=udp result=passed sequence=2 elapsedSeconds=1
1791168665.865 23960 23960 I XrayDeviceProbe: XRAY_ANDROID_PROBE state=stopped
1791168667.326 24006 24006 I XrayDeviceGate: XRAY_ANDROID_LIFECYCLE state=stopped
1791168667.326 24006 24006 I XrayDeviceGate: XRAY_ANDROID_SAMPLE {"tunBackend":"packet-pump","probeOnly":true,"runtimeRunning":false,"runtimeGeneration":2,"residentMemoryBytes":150171648,"threadCount":30,"processCpuMillis":92345,"elapsedRealtimeMillis":9130155,"activeConnections":0,"tunInboundPackets":3,"tunOutboundPackets":0,"tunDroppedPackets":0,"udpRemoteOpenEvents":0,"udpRemoteWrittenBytes":0,"udpRemoteReadBytes":0,"fatalTunErrors":0,"unrecoveredTransitions":0}
1791168676.710 23960 23960 I XrayDeviceProbe: XRAY_ANDROID_PROBE state=stopped
1791168678.018 24006 17860 I XrayDeviceGate: XRAY_ANDROID_SAMPLE {"tunBackend":"file-descriptor","probeOnly":false,"runtimeRunning":false,"runtimeGeneration":2,"residentMemoryBytes":150790144,"threadCount":29,"processCpuMillis":92619,"elapsedRealtimeMillis":9140847,"activeConnections":0,"tunInboundPackets":0,"tunOutboundPackets":0,"tunDroppedPackets":0,"udpRemoteOpenEvents":0,"udpRemoteWrittenBytes":0,"udpRemoteReadBytes":0,"fatalTunErrors":0,"unrecoveredTransitions":0}
1791168678.023 24006 24006 I XrayDeviceGate: XRAY_ANDROID_SAMPLE {"tunBackend":"file-descriptor","probeOnly":false,"runtimeRunning":false,"runtimeGeneration":2,"residentMemoryBytes":150790144,"threadCount":29,"processCpuMillis":92626,"elapsedRealtimeMillis":9140853,"activeConnections":0,"tunInboundPackets":0,"tunOutboundPackets":0,"tunDroppedPackets":0,"udpRemoteOpenEvents":0,"udpRemoteWrittenBytes":0,"udpRemoteReadBytes":0,"fatalTunErrors":0,"unrecoveredTransitions":0}
1791168678.024 24006 24006 I XrayDeviceGate: XRAY_ANDROID_LIFECYCLE state=stopped
1791168678.244 24006 17871 I XrayDeviceGate: XRAY_ANDROID_SAMPLE {"tunBackend":"file-descriptor","probeOnly":false,"runtimeRunning":false,"runtimeGeneration":2,"residentMemoryBytes":150773760,"threadCount":29,"processCpuMillis":92671,"elapsedRealtimeMillis":9141074,"activeConnections":0,"tunInboundPackets":0,"tunOutboundPackets":0,"tunDroppedPackets":0,"udpRemoteOpenEvents":0,"udpRemoteWrittenBytes":0,"udpRemoteReadBytes":0,"fatalTunErrors":0,"unrecoveredTransitions":0}
1791168678.244 24006 24006 I XrayDeviceGate: XRAY_ANDROID_LIFECYCLE state=counters-reset
1791168679.400 24006 17895 I XrayDeviceGate: XRAY_ANDROID_SAMPLE {"tunBackend":"file-descriptor","probeOnly":false,"runtimeRunning":false,"runtimeGeneration":0,"residentMemoryBytes":150568960,"threadCount":29,"processCpuMillis":92740,"elapsedRealtimeMillis":9142229,"activeConnections":0,"tunInboundPackets":0,"tunOutboundPackets":0,"tunDroppedPackets":0,"udpRemoteOpenEvents":0,"udpRemoteWrittenBytes":0,"udpRemoteReadBytes":0,"fatalTunErrors":0,"unrecoveredTransitions":0}
1791168679.457 24006 17898 I XrayDeviceGate: XRAY_ANDROID_LIFECYCLE state=running generation=1 tunBackend=file-descriptor
1791168679.460 24006 17898 I XrayDeviceGate: XRAY_ANDROID_SAMPLE {"tunBackend":"file-descriptor","probeOnly":true,"runtimeRunning":true,"runtimeGeneration":1,"residentMemoryBytes":152162304,"threadCount":36,"processCpuMillis":92778,"elapsedRealtimeMillis":9142289,"activeConnections":0,"tunInboundPackets":3,"tunOutboundPackets":0,"tunDroppedPackets":0,"udpRemoteOpenEvents":0,"udpRemoteWrittenBytes":0,"udpRemoteReadBytes":0,"fatalTunErrors":0,"unrecoveredTransitions":0}
1791168680.282 23960 23960 I XrayDeviceProbe: XRAY_ANDROID_PROBE state=counters-reset
1791168680.541 23960 23960 I XrayDeviceProbe: XRAY_ANDROID_PROBE state=started
1791168680.717 24006 24006 I XrayDeviceGate: XRAY_ANDROID_LIFECYCLE state=connections-close-requested accepted=1
1791168680.719 23960 17927 I XrayDeviceProbe: XRAY_ANDROID_PROBE kind=http result=failed errorCode=SocketException elapsedSeconds=0
1791168680.721 24006 24006 I XrayDeviceGate: XRAY_ANDROID_SAMPLE {"tunBackend":"file-descriptor","probeOnly":true,"runtimeRunning":true,"runtimeGeneration":1,"residentMemoryBytes":152080384,"threadCount":36,"processCpuMillis":92825,"elapsedRealtimeMillis":9143550,"activeConnections":0,"tunInboundPackets":12,"tunOutboundPackets":6,"tunDroppedPackets":0,"udpRemoteOpenEvents":0,"udpRemoteWrittenBytes":0,"udpRemoteReadBytes":0,"fatalTunErrors":0,"unrecoveredTransitions":0}
1791168680.736 23960 17927 I XrayDeviceProbe: XRAY_ANDROID_PROBE kind=udp result=passed sequence=1 elapsedSeconds=0
1791168682.688 23960 23960 I XrayDeviceProbe: XRAY_ANDROID_PROBE state=stopped
1791168689.243 23960 23960 I XrayDeviceProbe: XRAY_ANDROID_PROBE state=counters-reset
1791168689.404 24006 17895 I XrayDeviceGate: XRAY_ANDROID_SAMPLE {"tunBackend":"file-descriptor","probeOnly":true,"runtimeRunning":true,"runtimeGeneration":1,"residentMemoryBytes":151834624,"threadCount":36,"processCpuMillis":92936,"elapsedRealtimeMillis":9152233,"activeConnections":1,"tunInboundPackets":14,"tunOutboundPackets":8,"tunDroppedPackets":0,"udpRemoteOpenEvents":1,"udpRemoteWrittenBytes":67,"udpRemoteReadBytes":83,"fatalTunErrors":0,"unrecoveredTransitions":0}
1791168689.447 23960 23960 I XrayDeviceProbe: XRAY_ANDROID_PROBE state=started
1791168689.485 23960 17971 I XrayDeviceProbe: XRAY_ANDROID_PROBE kind=http result=passed sequence=1 elapsedSeconds=0
1791168689.495 23960 17971 I XrayDeviceProbe: XRAY_ANDROID_PROBE kind=udp result=passed sequence=1 elapsedSeconds=0
1791168690.523 23960 17971 I XrayDeviceProbe: XRAY_ANDROID_PROBE kind=http result=passed sequence=2 elapsedSeconds=1
1791168690.532 23960 17971 I XrayDeviceProbe: XRAY_ANDROID_PROBE kind=udp result=passed sequence=2 elapsedSeconds=1
1791168690.830 23960 23960 I XrayDeviceProbe: XRAY_ANDROID_PROBE state=stopped
1791168692.221 24006 24006 I XrayDeviceGate: XRAY_ANDROID_LIFECYCLE state=stopped
1791168692.221 24006 24006 I XrayDeviceGate: XRAY_ANDROID_SAMPLE {"tunBackend":"file-descriptor","probeOnly":true,"runtimeRunning":false,"runtimeGeneration":1,"residentMemoryBytes":152719360,"threadCount":30,"processCpuMillis":92995,"elapsedRealtimeMillis":9155051,"activeConnections":0,"tunInboundPackets":14,"tunOutboundPackets":8,"tunDroppedPackets":0,"udpRemoteOpenEvents":1,"udpRemoteWrittenBytes":67,"udpRemoteReadBytes":83,"fatalTunErrors":0,"unrecoveredTransitions":0}
1791168703.521 23960 23960 I XrayDeviceProbe: XRAY_ANDROID_PROBE state=stopped
1791168704.837 24006 18030 I XrayDeviceGate: XRAY_ANDROID_SAMPLE {"tunBackend":"file-descriptor","probeOnly":false,"runtimeRunning":false,"runtimeGeneration":1,"residentMemoryBytes":153157632,"threadCount":29,"processCpuMillis":93339,"elapsedRealtimeMillis":9167667,"activeConnections":0,"tunInboundPackets":0,"tunOutboundPackets":0,"tunDroppedPackets":0,"udpRemoteOpenEvents":0,"udpRemoteWrittenBytes":0,"udpRemoteReadBytes":0,"fatalTunErrors":0,"unrecoveredTransitions":0}
1791168704.837 24006 24006 I XrayDeviceGate: XRAY_ANDROID_LIFECYCLE state=stopped
1791168704.837 24006 24006 I XrayDeviceGate: XRAY_ANDROID_SAMPLE {"tunBackend":"file-descriptor","probeOnly":false,"runtimeRunning":false,"runtimeGeneration":1,"residentMemoryBytes":153157632,"threadCount":29,"processCpuMillis":93338,"elapsedRealtimeMillis":9167666,"activeConnections":0,"tunInboundPackets":0,"tunOutboundPackets":0,"tunDroppedPackets":0,"udpRemoteOpenEvents":0,"udpRemoteWrittenBytes":0,"udpRemoteReadBytes":0,"fatalTunErrors":0,"unrecoveredTransitions":0}
1791168705.074 24006 24006 I XrayDeviceGate: XRAY_ANDROID_LIFECYCLE state=counters-reset
1791168705.077 24006 18040 I XrayDeviceGate: XRAY_ANDROID_SAMPLE {"tunBackend":"file-descriptor","probeOnly":false,"runtimeRunning":false,"runtimeGeneration":0,"residentMemoryBytes":153432064,"threadCount":29,"processCpuMillis":93392,"elapsedRealtimeMillis":9167907,"activeConnections":0,"tunInboundPackets":0,"tunOutboundPackets":0,"tunDroppedPackets":0,"udpRemoteOpenEvents":0,"udpRemoteWrittenBytes":0,"udpRemoteReadBytes":0,"fatalTunErrors":0,"unrecoveredTransitions":0}
1791168706.325 24006 18064 I XrayDeviceGate: XRAY_ANDROID_SAMPLE {"tunBackend":"file-descriptor","probeOnly":false,"runtimeRunning":false,"runtimeGeneration":0,"residentMemoryBytes":149266432,"threadCount":29,"processCpuMillis":93494,"elapsedRealtimeMillis":9169154,"activeConnections":0,"tunInboundPackets":0,"tunOutboundPackets":0,"tunDroppedPackets":0,"udpRemoteOpenEvents":0,"udpRemoteWrittenBytes":0,"udpRemoteReadBytes":0,"fatalTunErrors":0,"unrecoveredTransitions":0}
1791168706.380 24006 18067 I XrayDeviceGate: XRAY_ANDROID_LIFECYCLE state=running generation=1 tunBackend=file-descriptor
1791168706.384 24006 18067 I XrayDeviceGate: XRAY_ANDROID_SAMPLE {"tunBackend":"file-descriptor","probeOnly":true,"runtimeRunning":true,"runtimeGeneration":1,"residentMemoryBytes":150540288,"threadCount":36,"processCpuMillis":93531,"elapsedRealtimeMillis":9169213,"activeConnections":0,"tunInboundPackets":3,"tunOutboundPackets":0,"tunDroppedPackets":0,"udpRemoteOpenEvents":0,"udpRemoteWrittenBytes":0,"udpRemoteReadBytes":0,"fatalTunErrors":0,"unrecoveredTransitions":0}
1791168707.204 23960 23960 I XrayDeviceProbe: XRAY_ANDROID_PROBE state=counters-reset
1791168707.440 23960 23960 I XrayDeviceProbe: XRAY_ANDROID_PROBE state=started
1791168707.621 23960 18096 I XrayDeviceProbe: XRAY_ANDROID_PROBE kind=http result=failed errorCode=SocketException elapsedSeconds=0
1791168707.652 24006 24006 I XrayDeviceGate: XRAY_ANDROID_LIFECYCLE state=stopped
1791168707.652 24006 24006 I XrayDeviceGate: XRAY_ANDROID_SAMPLE {"tunBackend":"file-descriptor","probeOnly":true,"runtimeRunning":false,"runtimeGeneration":1,"residentMemoryBytes":150728704,"threadCount":30,"processCpuMillis":93587,"elapsedRealtimeMillis":9170481,"activeConnections":0,"tunInboundPackets":3,"tunOutboundPackets":0,"tunDroppedPackets":0,"udpRemoteOpenEvents":0,"udpRemoteWrittenBytes":0,"udpRemoteReadBytes":0,"fatalTunErrors":0,"unrecoveredTransitions":0}
1791168709.634 23960 23960 I XrayDeviceProbe: XRAY_ANDROID_PROBE state=stopped
1791168712.633 23960 18096 W XrayDeviceProbe: XRAY_ANDROID_UDP_FAILURE queryTag=f524b4e8cc0aafe8 localPort=47764 errorCode=SocketTimeoutException
1791168712.636 23960 18096 I XrayDeviceProbe: XRAY_ANDROID_PROBE kind=udp result=failed errorCode=SocketTimeoutException elapsedSeconds=5
1791168716.274 24006 18136 I XrayDeviceGate: XRAY_ANDROID_SAMPLE {"tunBackend":"file-descriptor","probeOnly":false,"runtimeRunning":false,"runtimeGeneration":1,"residentMemoryBytes":149397504,"threadCount":29,"processCpuMillis":93810,"elapsedRealtimeMillis":9179104,"activeConnections":0,"tunInboundPackets":0,"tunOutboundPackets":0,"tunDroppedPackets":0,"udpRemoteOpenEvents":0,"udpRemoteWrittenBytes":0,"udpRemoteReadBytes":0,"fatalTunErrors":0,"unrecoveredTransitions":0}
1791168716.356 24006 18137 I XrayDeviceGate: XRAY_ANDROID_LIFECYCLE state=running generation=2 tunBackend=file-descriptor
1791168716.359 24006 18137 I XrayDeviceGate: XRAY_ANDROID_SAMPLE {"tunBackend":"file-descriptor","probeOnly":true,"runtimeRunning":true,"runtimeGeneration":2,"residentMemoryBytes":150671360,"threadCount":36,"processCpuMillis":93875,"elapsedRealtimeMillis":9179189,"activeConnections":0,"tunInboundPackets":3,"tunOutboundPackets":0,"tunDroppedPackets":0,"udpRemoteOpenEvents":0,"udpRemoteWrittenBytes":0,"udpRemoteReadBytes":0,"fatalTunErrors":0,"unrecoveredTransitions":0}
1791168717.201 23960 23960 I XrayDeviceProbe: XRAY_ANDROID_PROBE state=counters-reset
1791168717.528 23960 23960 I XrayDeviceProbe: XRAY_ANDROID_PROBE state=started
1791168717.566 23960 18168 I XrayDeviceProbe: XRAY_ANDROID_PROBE kind=http result=passed sequence=1 elapsedSeconds=0
1791168717.582 23960 18168 I XrayDeviceProbe: XRAY_ANDROID_PROBE kind=udp result=passed sequence=1 elapsedSeconds=0
1791168718.617 23960 18168 I XrayDeviceProbe: XRAY_ANDROID_PROBE kind=http result=passed sequence=2 elapsedSeconds=1
1791168718.629 23960 18168 I XrayDeviceProbe: XRAY_ANDROID_PROBE kind=udp result=passed sequence=2 elapsedSeconds=1
1791168718.921 23960 23960 I XrayDeviceProbe: XRAY_ANDROID_PROBE state=stopped
1791168720.318 24006 24006 I XrayDeviceGate: XRAY_ANDROID_LIFECYCLE state=stopped
1791168720.318 24006 24006 I XrayDeviceGate: XRAY_ANDROID_SAMPLE {"tunBackend":"file-descriptor","probeOnly":true,"runtimeRunning":false,"runtimeGeneration":2,"residentMemoryBytes":150126592,"threadCount":30,"processCpuMillis":93999,"elapsedRealtimeMillis":9183147,"activeConnections":0,"tunInboundPackets":3,"tunOutboundPackets":0,"tunDroppedPackets":0,"udpRemoteOpenEvents":0,"udpRemoteWrittenBytes":0,"udpRemoteReadBytes":0,"fatalTunErrors":0,"unrecoveredTransitions":0}
1791168729.735 23960 23960 I XrayDeviceProbe: XRAY_ANDROID_PROBE state=stopped
1791168731.048 24006 18247 I XrayDeviceGate: XRAY_ANDROID_SAMPLE {"tunBackend":"file-descriptor","probeOnly":false,"runtimeRunning":false,"runtimeGeneration":2,"residentMemoryBytes":150474752,"threadCount":29,"processCpuMillis":94288,"elapsedRealtimeMillis":9193877,"activeConnections":0,"tunInboundPackets":0,"tunOutboundPackets":0,"tunDroppedPackets":0,"udpRemoteOpenEvents":0,"udpRemoteWrittenBytes":0,"udpRemoteReadBytes":0,"fatalTunErrors":0,"unrecoveredTransitions":0}
1791168731.048 24006 24006 I XrayDeviceGate: XRAY_ANDROID_LIFECYCLE state=stopped
1791168731.048 24006 24006 I XrayDeviceGate: XRAY_ANDROID_SAMPLE {"tunBackend":"file-descriptor","probeOnly":false,"runtimeRunning":false,"runtimeGeneration":2,"residentMemoryBytes":150474752,"threadCount":29,"processCpuMillis":94288,"elapsedRealtimeMillis":9193877,"activeConnections":0,"tunInboundPackets":0,"tunOutboundPackets":0,"tunDroppedPackets":0,"udpRemoteOpenEvents":0,"udpRemoteWrittenBytes":0,"udpRemoteReadBytes":0,"fatalTunErrors":0,"unrecoveredTransitions":0}
1791168731.277 24006 24006 I XrayDeviceGate: XRAY_ANDROID_LIFECYCLE state=counters-reset
1791168731.278 24006 18257 I XrayDeviceGate: XRAY_ANDROID_SAMPLE {"tunBackend":"file-descriptor","probeOnly":false,"runtimeRunning":false,"runtimeGeneration":2,"residentMemoryBytes":150908928,"threadCount":29,"processCpuMillis":94333,"elapsedRealtimeMillis":9194107,"activeConnections":0,"tunInboundPackets":0,"tunOutboundPackets":0,"tunDroppedPackets":0,"udpRemoteOpenEvents":0,"udpRemoteWrittenBytes":0,"udpRemoteReadBytes":0,"fatalTunErrors":0,"unrecoveredTransitions":0}
1791168732.516 24006 18281 I XrayDeviceGate: XRAY_ANDROID_SAMPLE {"tunBackend":"file-descriptor","probeOnly":false,"runtimeRunning":false,"runtimeGeneration":0,"residentMemoryBytes":150908928,"threadCount":29,"processCpuMillis":94397,"elapsedRealtimeMillis":9195346,"activeConnections":0,"tunInboundPackets":0,"tunOutboundPackets":0,"tunDroppedPackets":0,"udpRemoteOpenEvents":0,"udpRemoteWrittenBytes":0,"udpRemoteReadBytes":0,"fatalTunErrors":0,"unrecoveredTransitions":0}
1791168732.573 24006 18283 I XrayDeviceGate: XRAY_ANDROID_LIFECYCLE state=running generation=1 tunBackend=packet-pump
1791168732.577 24006 18283 I XrayDeviceGate: XRAY_ANDROID_SAMPLE {"tunBackend":"packet-pump","probeOnly":true,"runtimeRunning":true,"runtimeGeneration":1,"residentMemoryBytes":152244224,"threadCount":38,"processCpuMillis":94437,"elapsedRealtimeMillis":9195406,"activeConnections":0,"tunInboundPackets":3,"tunOutboundPackets":0,"tunDroppedPackets":0,"udpRemoteOpenEvents":0,"udpRemoteWrittenBytes":0,"udpRemoteReadBytes":0,"fatalTunErrors":0,"unrecoveredTransitions":0}
1791168733.406 23960 23960 I XrayDeviceProbe: XRAY_ANDROID_PROBE state=counters-reset
1791168733.677 23960 23960 I XrayDeviceProbe: XRAY_ANDROID_PROBE state=started
1791168734.057 24006 24006 I XrayDeviceGate: XRAY_ANDROID_LIFECYCLE state=connections-close-requested accepted=1
1791168734.061 23960 18368 I XrayDeviceProbe: XRAY_ANDROID_PROBE kind=http result=failed errorCode=SocketException elapsedSeconds=0
1791168734.061 24006 24006 I XrayDeviceGate: XRAY_ANDROID_SAMPLE {"tunBackend":"packet-pump","probeOnly":true,"runtimeRunning":true,"runtimeGeneration":1,"residentMemoryBytes":152264704,"threadCount":38,"processCpuMillis":94550,"elapsedRealtimeMillis":9196891,"activeConnections":0,"tunInboundPackets":13,"tunOutboundPackets":6,"tunDroppedPackets":0,"udpRemoteOpenEvents":0,"udpRemoteWrittenBytes":0,"udpRemoteReadBytes":0,"fatalTunErrors":0,"unrecoveredTransitions":0}
1791168734.167 23960 18368 I XrayDeviceProbe: XRAY_ANDROID_PROBE kind=udp result=passed sequence=1 elapsedSeconds=0
1791168736.036 23960 23960 I XrayDeviceProbe: XRAY_ANDROID_PROBE state=stopped
1791168742.522 24006 18281 I XrayDeviceGate: XRAY_ANDROID_SAMPLE {"tunBackend":"packet-pump","probeOnly":true,"runtimeRunning":true,"runtimeGeneration":1,"residentMemoryBytes":151752704,"threadCount":38,"processCpuMillis":94704,"elapsedRealtimeMillis":9205351,"activeConnections":1,"tunInboundPackets":15,"tunOutboundPackets":8,"tunDroppedPackets":0,"udpRemoteOpenEvents":1,"udpRemoteWrittenBytes":67,"udpRemoteReadBytes":83,"fatalTunErrors":0,"unrecoveredTransitions":0}
1791168742.590 23960 23960 I XrayDeviceProbe: XRAY_ANDROID_PROBE state=counters-reset
1791168742.787 23960 23960 I XrayDeviceProbe: XRAY_ANDROID_PROBE state=started
1791168742.821 23960 18422 I XrayDeviceProbe: XRAY_ANDROID_PROBE kind=http result=passed sequence=1 elapsedSeconds=0
1791168742.832 23960 18422 I XrayDeviceProbe: XRAY_ANDROID_PROBE kind=udp result=passed sequence=1 elapsedSeconds=0
1791168743.861 23960 18422 I XrayDeviceProbe: XRAY_ANDROID_PROBE kind=http result=passed sequence=2 elapsedSeconds=1
1791168743.873 23960 18422 I XrayDeviceProbe: XRAY_ANDROID_PROBE kind=udp result=passed sequence=2 elapsedSeconds=1
1791168744.189 23960 23960 I XrayDeviceProbe: XRAY_ANDROID_PROBE state=stopped
1791168745.636 24006 24006 I XrayDeviceGate: XRAY_ANDROID_LIFECYCLE state=stopped
1791168745.636 24006 24006 I XrayDeviceGate: XRAY_ANDROID_SAMPLE {"tunBackend":"packet-pump","probeOnly":true,"runtimeRunning":false,"runtimeGeneration":1,"residentMemoryBytes":152498176,"threadCount":30,"processCpuMillis":94783,"elapsedRealtimeMillis":9208465,"activeConnections":0,"tunInboundPackets":15,"tunOutboundPackets":8,"tunDroppedPackets":0,"udpRemoteOpenEvents":1,"udpRemoteWrittenBytes":67,"udpRemoteReadBytes":83,"fatalTunErrors":0,"unrecoveredTransitions":0}
1791168756.260 23960 23960 I XrayDeviceProbe: XRAY_ANDROID_PROBE state=stopped
1791168757.568 24006 18552 I XrayDeviceGate: XRAY_ANDROID_SAMPLE {"tunBackend":"file-descriptor","probeOnly":false,"runtimeRunning":false,"runtimeGeneration":1,"residentMemoryBytes":152993792,"threadCount":29,"processCpuMillis":95094,"elapsedRealtimeMillis":9220397,"activeConnections":0,"tunInboundPackets":0,"tunOutboundPackets":0,"tunDroppedPackets":0,"udpRemoteOpenEvents":0,"udpRemoteWrittenBytes":0,"udpRemoteReadBytes":0,"fatalTunErrors":0,"unrecoveredTransitions":0}
1791168757.571 24006 24006 I XrayDeviceGate: XRAY_ANDROID_LIFECYCLE state=stopped
1791168757.571 24006 24006 I XrayDeviceGate: XRAY_ANDROID_SAMPLE {"tunBackend":"file-descriptor","probeOnly":false,"runtimeRunning":false,"runtimeGeneration":1,"residentMemoryBytes":152993792,"threadCount":29,"processCpuMillis":95098,"elapsedRealtimeMillis":9220400,"activeConnections":0,"tunInboundPackets":0,"tunOutboundPackets":0,"tunDroppedPackets":0,"udpRemoteOpenEvents":0,"udpRemoteWrittenBytes":0,"udpRemoteReadBytes":0,"fatalTunErrors":0,"unrecoveredTransitions":0}
1791168757.801 24006 18564 I XrayDeviceGate: XRAY_ANDROID_SAMPLE {"tunBackend":"file-descriptor","probeOnly":false,"runtimeRunning":false,"runtimeGeneration":1,"residentMemoryBytes":153272320,"threadCount":29,"processCpuMillis":95142,"elapsedRealtimeMillis":9220631,"activeConnections":0,"tunInboundPackets":0,"tunOutboundPackets":0,"tunDroppedPackets":0,"udpRemoteOpenEvents":0,"udpRemoteWrittenBytes":0,"udpRemoteReadBytes":0,"fatalTunErrors":0,"unrecoveredTransitions":0}
1791168757.801 24006 24006 I XrayDeviceGate: XRAY_ANDROID_LIFECYCLE state=counters-reset
1791168759.037 24006 18590 I XrayDeviceGate: XRAY_ANDROID_SAMPLE {"tunBackend":"packet-pump","probeOnly":true,"runtimeRunning":false,"runtimeGeneration":0,"residentMemoryBytes":148553728,"threadCount":29,"processCpuMillis":95234,"elapsedRealtimeMillis":9221866,"activeConnections":0,"tunInboundPackets":0,"tunOutboundPackets":0,"tunDroppedPackets":0,"udpRemoteOpenEvents":0,"udpRemoteWrittenBytes":0,"udpRemoteReadBytes":0,"fatalTunErrors":0,"unrecoveredTransitions":0}
1791168759.088 24006 18592 I XrayDeviceGate: XRAY_ANDROID_LIFECYCLE state=running generation=1 tunBackend=packet-pump
1791168759.091 24006 18592 I XrayDeviceGate: XRAY_ANDROID_SAMPLE {"tunBackend":"packet-pump","probeOnly":true,"runtimeRunning":true,"runtimeGeneration":1,"residentMemoryBytes":149893120,"threadCount":38,"processCpuMillis":95279,"elapsedRealtimeMillis":9221921,"activeConnections":0,"tunInboundPackets":3,"tunOutboundPackets":0,"tunDroppedPackets":0,"udpRemoteOpenEvents":0,"udpRemoteWrittenBytes":0,"udpRemoteReadBytes":0,"fatalTunErrors":0,"unrecoveredTransitions":0}
1791168759.921 23960 23960 I XrayDeviceProbe: XRAY_ANDROID_PROBE state=counters-reset
1791168760.176 23960 23960 I XrayDeviceProbe: XRAY_ANDROID_PROBE state=started
1791168760.538 23960 18625 I XrayDeviceProbe: XRAY_ANDROID_PROBE kind=http result=failed errorCode=SocketException elapsedSeconds=0
1791168760.707 24006 24006 I XrayDeviceGate: XRAY_ANDROID_LIFECYCLE state=stopped
1791168760.707 24006 24006 I XrayDeviceGate: XRAY_ANDROID_SAMPLE {"tunBackend":"packet-pump","probeOnly":true,"runtimeRunning":false,"runtimeGeneration":1,"residentMemoryBytes":149958656,"threadCount":30,"processCpuMillis":95417,"elapsedRealtimeMillis":9223536,"activeConnections":0,"tunInboundPackets":3,"tunOutboundPackets":0,"tunDroppedPackets":0,"udpRemoteOpenEvents":0,"udpRemoteWrittenBytes":0,"udpRemoteReadBytes":0,"fatalTunErrors":0,"unrecoveredTransitions":0}
1791168763.234 23960 23960 I XrayDeviceProbe: XRAY_ANDROID_PROBE state=stopped
1791168765.549 23960 18625 W XrayDeviceProbe: XRAY_ANDROID_UDP_FAILURE queryTag=1ee148bf6eded8bf localPort=53320 errorCode=SocketTimeoutException
1791168765.552 23960 18625 I XrayDeviceProbe: XRAY_ANDROID_PROBE kind=udp result=failed errorCode=SocketTimeoutException elapsedSeconds=5
1791168769.871 24006 18672 I XrayDeviceGate: XRAY_ANDROID_SAMPLE {"tunBackend":"file-descriptor","probeOnly":false,"runtimeRunning":false,"runtimeGeneration":1,"residentMemoryBytes":150269952,"threadCount":29,"processCpuMillis":95586,"elapsedRealtimeMillis":9232700,"activeConnections":0,"tunInboundPackets":0,"tunOutboundPackets":0,"tunDroppedPackets":0,"udpRemoteOpenEvents":0,"udpRemoteWrittenBytes":0,"udpRemoteReadBytes":0,"fatalTunErrors":0,"unrecoveredTransitions":0}
1791168769.941 24006 18674 I XrayDeviceGate: XRAY_ANDROID_LIFECYCLE state=running generation=2 tunBackend=packet-pump
1791168769.946 24006 18674 I XrayDeviceGate: XRAY_ANDROID_SAMPLE {"tunBackend":"packet-pump","probeOnly":true,"runtimeRunning":true,"runtimeGeneration":2,"residentMemoryBytes":151592960,"threadCount":38,"processCpuMillis":95655,"elapsedRealtimeMillis":9232775,"activeConnections":0,"tunInboundPackets":3,"tunOutboundPackets":0,"tunDroppedPackets":0,"udpRemoteOpenEvents":0,"udpRemoteWrittenBytes":0,"udpRemoteReadBytes":0,"fatalTunErrors":0,"unrecoveredTransitions":0}
1791168770.787 23960 23960 I XrayDeviceProbe: XRAY_ANDROID_PROBE state=counters-reset
1791168771.059 23960 23960 I XrayDeviceProbe: XRAY_ANDROID_PROBE state=started
1791168771.225 23960 18711 I XrayDeviceProbe: XRAY_ANDROID_PROBE kind=http result=passed sequence=1 elapsedSeconds=0
1791168771.239 23960 18711 I XrayDeviceProbe: XRAY_ANDROID_PROBE kind=udp result=passed sequence=1 elapsedSeconds=0
1791168772.273 23960 18711 I XrayDeviceProbe: XRAY_ANDROID_PROBE kind=http result=passed sequence=2 elapsedSeconds=1
1791168772.286 23960 18711 I XrayDeviceProbe: XRAY_ANDROID_PROBE kind=udp result=passed sequence=2 elapsedSeconds=1
1791168773.094 23960 23960 I XrayDeviceProbe: XRAY_ANDROID_PROBE state=stopped
1791168774.555 24006 24006 I XrayDeviceGate: XRAY_ANDROID_LIFECYCLE state=stopped
1791168774.555 24006 24006 I XrayDeviceGate: XRAY_ANDROID_SAMPLE {"tunBackend":"packet-pump","probeOnly":true,"runtimeRunning":false,"runtimeGeneration":2,"residentMemoryBytes":152317952,"threadCount":30,"processCpuMillis":95817,"elapsedRealtimeMillis":9237384,"activeConnections":0,"tunInboundPackets":3,"tunOutboundPackets":0,"tunDroppedPackets":0,"udpRemoteOpenEvents":0,"udpRemoteWrittenBytes":0,"udpRemoteReadBytes":0,"fatalTunErrors":0,"unrecoveredTransitions":0}
1791168782.458 23960 23960 I XrayDeviceProbe: XRAY_ANDROID_PROBE state=stopped
1791168783.785 24006 18770 I XrayDeviceGate: XRAY_ANDROID_SAMPLE {"tunBackend":"file-descriptor","probeOnly":false,"runtimeRunning":false,"runtimeGeneration":2,"residentMemoryBytes":152711168,"threadCount":29,"processCpuMillis":96062,"elapsedRealtimeMillis":9246614,"activeConnections":0,"tunInboundPackets":0,"tunOutboundPackets":0,"tunDroppedPackets":0,"udpRemoteOpenEvents":0,"udpRemoteWrittenBytes":0,"udpRemoteReadBytes":0,"fatalTunErrors":0,"unrecoveredTransitions":0}
1791168783.785 24006 24006 I XrayDeviceGate: XRAY_ANDROID_LIFECYCLE state=stopped
1791168783.785 24006 24006 I XrayDeviceGate: XRAY_ANDROID_SAMPLE {"tunBackend":"file-descriptor","probeOnly":false,"runtimeRunning":false,"runtimeGeneration":2,"residentMemoryBytes":152711168,"threadCount":29,"processCpuMillis":96061,"elapsedRealtimeMillis":9246614,"activeConnections":0,"tunInboundPackets":0,"tunOutboundPackets":0,"tunDroppedPackets":0,"udpRemoteOpenEvents":0,"udpRemoteWrittenBytes":0,"udpRemoteReadBytes":0,"fatalTunErrors":0,"unrecoveredTransitions":0}
1791168786.355 23960 23960 I XrayDeviceProbe: XRAY_ANDROID_PROBE state=stopped
1791168787.665 24006 18796 I XrayDeviceGate: XRAY_ANDROID_SAMPLE {"tunBackend":"file-descriptor","probeOnly":false,"runtimeRunning":false,"runtimeGeneration":2,"residentMemoryBytes":152936448,"threadCount":29,"processCpuMillis":96202,"elapsedRealtimeMillis":9250494,"activeConnections":0,"tunInboundPackets":0,"tunOutboundPackets":0,"tunDroppedPackets":0,"udpRemoteOpenEvents":0,"udpRemoteWrittenBytes":0,"udpRemoteReadBytes":0,"fatalTunErrors":0,"unrecoveredTransitions":0}
1791168787.665 24006 24006 I XrayDeviceGate: XRAY_ANDROID_LIFECYCLE state=stopped
1791168787.665 24006 24006 I XrayDeviceGate: XRAY_ANDROID_SAMPLE {"tunBackend":"file-descriptor","probeOnly":false,"runtimeRunning":false,"runtimeGeneration":2,"residentMemoryBytes":152936448,"threadCount":29,"processCpuMillis":96202,"elapsedRealtimeMillis":9250494,"activeConnections":0,"tunInboundPackets":0,"tunOutboundPackets":0,"tunDroppedPackets":0,"udpRemoteOpenEvents":0,"udpRemoteWrittenBytes":0,"udpRemoteReadBytes":0,"fatalTunErrors":0,"unrecoveredTransitions":0}
1791168787.910 24006 18806 I XrayDeviceGate: XRAY_ANDROID_SAMPLE {"tunBackend":"file-descriptor","probeOnly":false,"runtimeRunning":false,"runtimeGeneration":2,"residentMemoryBytes":153260032,"threadCount":29,"processCpuMillis":96255,"elapsedRealtimeMillis":9250739,"activeConnections":0,"tunInboundPackets":0,"tunOutboundPackets":0,"tunDroppedPackets":0,"udpRemoteOpenEvents":0,"udpRemoteWrittenBytes":0,"udpRemoteReadBytes":0,"fatalTunErrors":0,"unrecoveredTransitions":0}
1791168787.910 24006 24006 I XrayDeviceGate: XRAY_ANDROID_LIFECYCLE state=counters-reset
1791168789.144 24006 18835 I XrayDeviceGate: XRAY_ANDROID_SAMPLE {"tunBackend":"file-descriptor","probeOnly":false,"runtimeRunning":false,"runtimeGeneration":0,"residentMemoryBytes":148967424,"threadCount":29,"processCpuMillis":96355,"elapsedRealtimeMillis":9251973,"activeConnections":0,"tunInboundPackets":0,"tunOutboundPackets":0,"tunDroppedPackets":0,"udpRemoteOpenEvents":0,"udpRemoteWrittenBytes":0,"udpRemoteReadBytes":0,"fatalTunErrors":0,"unrecoveredTransitions":0}
1791168789.201 24006 18838 I XrayDeviceGate: XRAY_ANDROID_LIFECYCLE state=running generation=1 tunBackend=packet-pump
1791168789.204 24006 18838 I XrayDeviceGate: XRAY_ANDROID_SAMPLE {"tunBackend":"packet-pump","probeOnly":true,"runtimeRunning":true,"runtimeGeneration":1,"residentMemoryBytes":150245376,"threadCount":38,"processCpuMillis":96396,"elapsedRealtimeMillis":9252034,"activeConnections":0,"tunInboundPackets":3,"tunOutboundPackets":0,"tunDroppedPackets":0,"udpRemoteOpenEvents":0,"udpRemoteWrittenBytes":0,"udpRemoteReadBytes":0,"fatalTunErrors":0,"unrecoveredTransitions":0}
1791168790.019 23960 23960 I XrayDeviceProbe: XRAY_ANDROID_PROBE state=stopped
1791168791.254 23960 23960 I XrayDeviceProbe: XRAY_ANDROID_PROBE state=counters-reset
1791168791.455 23960 23960 I XrayDeviceProbe: XRAY_ANDROID_PROBE state=started
1791168791.636 23960 18880 I XrayDeviceProbe: XRAY_ANDROID_PROBE kind=http result=passed sequence=1 elapsedSeconds=0
1791168794.758 23960 18880 I XrayDeviceProbe: XRAY_ANDROID_PROBE kind=udp result=passed sequence=1 elapsedSeconds=3
1791168795.135 23960 23960 I XrayDeviceProbe: XRAY_ANDROID_PROBE state=stopped
1791168796.357 23960 23960 I XrayDeviceProbe: XRAY_ANDROID_PROBE state=stopped
1791168797.564 23960 23960 I XrayDeviceProbe: XRAY_ANDROID_PROBE state=counters-reset
1791168797.753 23960 23960 I XrayDeviceProbe: XRAY_ANDROID_PROBE state=started
1791168797.796 23960 18926 I XrayDeviceProbe: XRAY_ANDROID_PROBE kind=http result=passed sequence=1 elapsedSeconds=0
1791168798.004 24006 24006 I XrayDeviceGate: XRAY_ANDROID_LIFECYCLE state=connections-close-requested accepted=2
1791168798.008 24006 24006 I XrayDeviceGate: XRAY_ANDROID_SAMPLE {"tunBackend":"packet-pump","probeOnly":true,"runtimeRunning":true,"runtimeGeneration":1,"residentMemoryBytes":150548480,"threadCount":38,"processCpuMillis":96561,"elapsedRealtimeMillis":9260837,"activeConnections":0,"tunInboundPackets":24,"tunOutboundPackets":15,"tunDroppedPackets":0,"udpRemoteOpenEvents":2,"udpRemoteWrittenBytes":134,"udpRemoteReadBytes":83,"fatalTunErrors":0,"unrecoveredTransitions":0}
1791168799.147 24006 18835 I XrayDeviceGate: XRAY_ANDROID_SAMPLE {"tunBackend":"packet-pump","probeOnly":true,"runtimeRunning":true,"runtimeGeneration":1,"residentMemoryBytes":150839296,"threadCount":38,"processCpuMillis":96622,"elapsedRealtimeMillis":9261977,"activeConnections":0,"tunInboundPackets":24,"tunOutboundPackets":15,"tunDroppedPackets":0,"udpRemoteOpenEvents":2,"udpRemoteWrittenBytes":134,"udpRemoteReadBytes":83,"fatalTunErrors":0,"unrecoveredTransitions":0}
1791168802.807 23960 18926 W XrayDeviceProbe: XRAY_ANDROID_UDP_FAILURE queryTag=5569e12d1f63ede2 localPort=59773 errorCode=SocketTimeoutException
1791168802.809 23960 18926 I XrayDeviceProbe: XRAY_ANDROID_PROBE kind=udp result=failed errorCode=SocketTimeoutException elapsedSeconds=5
1791168805.593 24006 24006 I XrayDeviceGate: XRAY_ANDROID_LIFECYCLE state=connections-close-requested accepted=0
1791168805.596 24006 24006 I XrayDeviceGate: XRAY_ANDROID_SAMPLE {"tunBackend":"packet-pump","probeOnly":true,"runtimeRunning":true,"runtimeGeneration":1,"residentMemoryBytes":151048192,"threadCount":38,"processCpuMillis":96775,"elapsedRealtimeMillis":9268425,"activeConnections":0,"tunInboundPackets":25,"tunOutboundPackets":15,"tunDroppedPackets":0,"udpRemoteOpenEvents":2,"udpRemoteWrittenBytes":134,"udpRemoteReadBytes":83,"fatalTunErrors":0,"unrecoveredTransitions":0}
1791168807.364 23960 23960 I XrayDeviceProbe: XRAY_ANDROID_PROBE state=stopped
1791168808.649 23960 23960 I XrayDeviceProbe: XRAY_ANDROID_PROBE state=counters-reset
1791168808.839 23960 23960 I XrayDeviceProbe: XRAY_ANDROID_PROBE state=started
1791168809.151 24006 18835 I XrayDeviceGate: XRAY_ANDROID_SAMPLE {"tunBackend":"packet-pump","probeOnly":true,"runtimeRunning":true,"runtimeGeneration":1,"residentMemoryBytes":150593536,"threadCount":38,"processCpuMillis":96861,"elapsedRealtimeMillis":9271980,"activeConnections":1,"tunInboundPackets":28,"tunOutboundPackets":17,"tunDroppedPackets":0,"udpRemoteOpenEvents":2,"udpRemoteWrittenBytes":134,"udpRemoteReadBytes":83,"fatalTunErrors":0,"unrecoveredTransitions":0}
1791168809.915 23960 19030 I XrayDeviceProbe: XRAY_ANDROID_PROBE kind=http result=passed sequence=1 elapsedSeconds=1
1791168813.018 23960 19030 I XrayDeviceProbe: XRAY_ANDROID_PROBE kind=udp result=passed sequence=1 elapsedSeconds=4
1791168813.564 23960 23960 I XrayDeviceProbe: XRAY_ANDROID_PROBE state=stopped
1791168814.873 23960 23960 I XrayDeviceProbe: XRAY_ANDROID_PROBE state=stopped
1791168816.075 23960 23960 I XrayDeviceProbe: XRAY_ANDROID_PROBE state=counters-reset
1791168816.268 23960 23960 I XrayDeviceProbe: XRAY_ANDROID_PROBE state=started
1791168816.318 23960 19086 I XrayDeviceProbe: XRAY_ANDROID_PROBE kind=http result=passed sequence=1 elapsedSeconds=0
1791168816.590 24006 24006 I XrayDeviceGate: XRAY_ANDROID_LIFECYCLE state=stopped
1791168816.590 24006 24006 I XrayDeviceGate: XRAY_ANDROID_SAMPLE {"tunBackend":"packet-pump","probeOnly":true,"runtimeRunning":false,"runtimeGeneration":1,"residentMemoryBytes":151252992,"threadCount":30,"processCpuMillis":96961,"elapsedRealtimeMillis":9279419,"activeConnections":0,"tunInboundPackets":28,"tunOutboundPackets":17,"tunDroppedPackets":0,"udpRemoteOpenEvents":2,"udpRemoteWrittenBytes":134,"udpRemoteReadBytes":83,"fatalTunErrors":0,"unrecoveredTransitions":0}
1791168821.328 23960 19086 W XrayDeviceProbe: XRAY_ANDROID_UDP_FAILURE queryTag=c8c04dfc775e273f localPort=38515 errorCode=SocketTimeoutException
1791168821.331 23960 19086 I XrayDeviceProbe: XRAY_ANDROID_PROBE kind=udp result=failed errorCode=SocketTimeoutException elapsedSeconds=5
1791168824.606 23960 23960 I XrayDeviceProbe: XRAY_ANDROID_PROBE state=stopped
1791168825.946 24006 19149 I XrayDeviceGate: XRAY_ANDROID_SAMPLE {"tunBackend":"file-descriptor","probeOnly":false,"runtimeRunning":false,"runtimeGeneration":1,"residentMemoryBytes":151330816,"threadCount":29,"processCpuMillis":97228,"elapsedRealtimeMillis":9288775,"activeConnections":0,"tunInboundPackets":0,"tunOutboundPackets":0,"tunDroppedPackets":0,"udpRemoteOpenEvents":0,"udpRemoteWrittenBytes":0,"udpRemoteReadBytes":0,"fatalTunErrors":0,"unrecoveredTransitions":0}
1791168826.013 24006 19151 I XrayDeviceGate: XRAY_ANDROID_LIFECYCLE state=running generation=2 tunBackend=packet-pump
1791168826.017 24006 19151 I XrayDeviceGate: XRAY_ANDROID_SAMPLE {"tunBackend":"packet-pump","probeOnly":true,"runtimeRunning":true,"runtimeGeneration":2,"residentMemoryBytes":152653824,"threadCount":38,"processCpuMillis":97289,"elapsedRealtimeMillis":9288846,"activeConnections":0,"tunInboundPackets":3,"tunOutboundPackets":0,"tunDroppedPackets":0,"udpRemoteOpenEvents":0,"udpRemoteWrittenBytes":0,"udpRemoteReadBytes":0,"fatalTunErrors":0,"unrecoveredTransitions":0}
1791168826.871 23960 23960 I XrayDeviceProbe: XRAY_ANDROID_PROBE state=counters-reset
1791168827.126 23960 23960 I XrayDeviceProbe: XRAY_ANDROID_PROBE state=started
1791168827.175 23960 19184 I XrayDeviceProbe: XRAY_ANDROID_PROBE kind=http result=passed sequence=1 elapsedSeconds=0
1791168830.322 23960 19184 I XrayDeviceProbe: XRAY_ANDROID_PROBE kind=udp result=passed sequence=1 elapsedSeconds=3
1791168831.260 23960 23960 I XrayDeviceProbe: XRAY_ANDROID_PROBE state=stopped
1791168832.845 24006 24006 I XrayDeviceGate: XRAY_ANDROID_LIFECYCLE state=stopped
1791168832.845 24006 24006 I XrayDeviceGate: XRAY_ANDROID_SAMPLE {"tunBackend":"packet-pump","probeOnly":true,"runtimeRunning":false,"runtimeGeneration":2,"residentMemoryBytes":152907776,"threadCount":30,"processCpuMillis":97449,"elapsedRealtimeMillis":9295674,"activeConnections":0,"tunInboundPackets":3,"tunOutboundPackets":0,"tunDroppedPackets":0,"udpRemoteOpenEvents":0,"udpRemoteWrittenBytes":0,"udpRemoteReadBytes":0,"fatalTunErrors":0,"unrecoveredTransitions":0}
1791168833.554 23960 23960 I XrayDeviceProbe: XRAY_ANDROID_PROBE state=stopped
1791168834.888 24006 19245 I XrayDeviceGate: XRAY_ANDROID_SAMPLE {"tunBackend":"file-descriptor","probeOnly":false,"runtimeRunning":false,"runtimeGeneration":2,"residentMemoryBytes":153141248,"threadCount":29,"processCpuMillis":97568,"elapsedRealtimeMillis":9297717,"activeConnections":0,"tunInboundPackets":0,"tunOutboundPackets":0,"tunDroppedPackets":0,"udpRemoteOpenEvents":0,"udpRemoteWrittenBytes":0,"udpRemoteReadBytes":0,"fatalTunErrors":0,"unrecoveredTransitions":0}
1791168834.888 24006 24006 I XrayDeviceGate: XRAY_ANDROID_LIFECYCLE state=stopped
1791168834.888 24006 24006 I XrayDeviceGate: XRAY_ANDROID_SAMPLE {"tunBackend":"file-descriptor","probeOnly":false,"runtimeRunning":false,"runtimeGeneration":2,"residentMemoryBytes":153141248,"threadCount":29,"processCpuMillis":97568,"elapsedRealtimeMillis":9297717,"activeConnections":0,"tunInboundPackets":0,"tunOutboundPackets":0,"tunDroppedPackets":0,"udpRemoteOpenEvents":0,"udpRemoteWrittenBytes":0,"udpRemoteReadBytes":0,"fatalTunErrors":0,"unrecoveredTransitions":0}
1791168836.920 23960 23960 I XrayDeviceProbe: XRAY_ANDROID_PROBE state=stopped
1791168838.245 24006 19273 I XrayDeviceGate: XRAY_ANDROID_SAMPLE {"tunBackend":"file-descriptor","probeOnly":false,"runtimeRunning":false,"runtimeGeneration":2,"residentMemoryBytes":153448448,"threadCount":29,"processCpuMillis":97699,"elapsedRealtimeMillis":9301074,"activeConnections":0,"tunInboundPackets":0,"tunOutboundPackets":0,"tunDroppedPackets":0,"udpRemoteOpenEvents":0,"udpRemoteWrittenBytes":0,"udpRemoteReadBytes":0,"fatalTunErrors":0,"unrecoveredTransitions":0}
1791168838.245 24006 24006 I XrayDeviceGate: XRAY_ANDROID_LIFECYCLE state=stopped
1791168838.245 24006 24006 I XrayDeviceGate: XRAY_ANDROID_SAMPLE {"tunBackend":"file-descriptor","probeOnly":false,"runtimeRunning":false,"runtimeGeneration":2,"residentMemoryBytes":153448448,"threadCount":29,"processCpuMillis":97700,"elapsedRealtimeMillis":9301074,"activeConnections":0,"tunInboundPackets":0,"tunOutboundPackets":0,"tunDroppedPackets":0,"udpRemoteOpenEvents":0,"udpRemoteWrittenBytes":0,"udpRemoteReadBytes":0,"fatalTunErrors":0,"unrecoveredTransitions":0}
1791168839.244 23960 23960 I XrayDeviceProbe: XRAY_ANDROID_PROBE state=stopped
1791168840.545 24006 19296 I XrayDeviceGate: XRAY_ANDROID_SAMPLE {"tunBackend":"file-descriptor","probeOnly":false,"runtimeRunning":false,"runtimeGeneration":2,"residentMemoryBytes":149258240,"threadCount":29,"processCpuMillis":97844,"elapsedRealtimeMillis":9303374,"activeConnections":0,"tunInboundPackets":0,"tunOutboundPackets":0,"tunDroppedPackets":0,"udpRemoteOpenEvents":0,"udpRemoteWrittenBytes":0,"udpRemoteReadBytes":0,"fatalTunErrors":0,"unrecoveredTransitions":0}
1791168840.549 24006 24006 I XrayDeviceGate: XRAY_ANDROID_LIFECYCLE state=stopped
1791168840.549 24006 24006 I XrayDeviceGate: XRAY_ANDROID_SAMPLE {"tunBackend":"file-descriptor","probeOnly":false,"runtimeRunning":false,"runtimeGeneration":2,"residentMemoryBytes":149258240,"threadCount":29,"processCpuMillis":97848,"elapsedRealtimeMillis":9303378,"activeConnections":0,"tunInboundPackets":0,"tunOutboundPackets":0,"tunDroppedPackets":0,"udpRemoteOpenEvents":0,"udpRemoteWrittenBytes":0,"udpRemoteReadBytes":0,"fatalTunErrors":0,"unrecoveredTransitions":0}
1791168840.776 24006 24006 I XrayDeviceGate: XRAY_ANDROID_LIFECYCLE state=counters-reset
1791168840.779 24006 19308 I XrayDeviceGate: XRAY_ANDROID_SAMPLE {"tunBackend":"file-descriptor","probeOnly":false,"runtimeRunning":false,"runtimeGeneration":0,"residentMemoryBytes":149549056,"threadCount":29,"processCpuMillis":97895,"elapsedRealtimeMillis":9303608,"activeConnections":0,"tunInboundPackets":0,"tunOutboundPackets":0,"tunDroppedPackets":0,"udpRemoteOpenEvents":0,"udpRemoteWrittenBytes":0,"udpRemoteReadBytes":0,"fatalTunErrors":0,"unrecoveredTransitions":0}
1791168841.943 24006 19332 I XrayDeviceGate: XRAY_ANDROID_SAMPLE {"tunBackend":"file-descriptor","probeOnly":true,"runtimeRunning":false,"runtimeGeneration":0,"residentMemoryBytes":149549056,"threadCount":29,"processCpuMillis":97966,"elapsedRealtimeMillis":9304773,"activeConnections":0,"tunInboundPackets":0,"tunOutboundPackets":0,"tunDroppedPackets":0,"udpRemoteOpenEvents":0,"udpRemoteWrittenBytes":0,"udpRemoteReadBytes":0,"fatalTunErrors":0,"unrecoveredTransitions":0}
1791168841.996 24006 19335 I XrayDeviceGate: XRAY_ANDROID_LIFECYCLE state=running generation=1 tunBackend=file-descriptor
1791168841.999 24006 19335 I XrayDeviceGate: XRAY_ANDROID_SAMPLE {"tunBackend":"file-descriptor","probeOnly":true,"runtimeRunning":true,"runtimeGeneration":1,"residentMemoryBytes":150876160,"threadCount":36,"processCpuMillis":98017,"elapsedRealtimeMillis":9304829,"activeConnections":0,"tunInboundPackets":3,"tunOutboundPackets":0,"tunDroppedPackets":0,"udpRemoteOpenEvents":0,"udpRemoteWrittenBytes":0,"udpRemoteReadBytes":0,"fatalTunErrors":0,"unrecoveredTransitions":0}
1791168842.844 23960 23960 I XrayDeviceProbe: XRAY_ANDROID_PROBE state=stopped
1791168844.092 23960 23960 I XrayDeviceProbe: XRAY_ANDROID_PROBE state=counters-reset
1791168844.278 23960 23960 I XrayDeviceProbe: XRAY_ANDROID_PROBE state=started
1791168844.318 23960 19372 I XrayDeviceProbe: XRAY_ANDROID_PROBE kind=http result=passed sequence=1 elapsedSeconds=0
1791168847.425 23960 19372 I XrayDeviceProbe: XRAY_ANDROID_PROBE kind=udp result=passed sequence=1 elapsedSeconds=3
1791168847.785 23960 23960 I XrayDeviceProbe: XRAY_ANDROID_PROBE state=stopped
1791168849.001 23960 23960 I XrayDeviceProbe: XRAY_ANDROID_PROBE state=stopped
1791168850.206 23960 23960 I XrayDeviceProbe: XRAY_ANDROID_PROBE state=counters-reset
1791168850.401 23960 23960 I XrayDeviceProbe: XRAY_ANDROID_PROBE state=started
1791168850.514 23960 19427 I XrayDeviceProbe: XRAY_ANDROID_PROBE kind=http result=passed sequence=1 elapsedSeconds=0
1791168850.737 24006 24006 I XrayDeviceGate: XRAY_ANDROID_LIFECYCLE state=connections-close-requested accepted=2
1791168850.743 24006 24006 I XrayDeviceGate: XRAY_ANDROID_SAMPLE {"tunBackend":"file-descriptor","probeOnly":true,"runtimeRunning":true,"runtimeGeneration":1,"residentMemoryBytes":151216128,"threadCount":36,"processCpuMillis":98143,"elapsedRealtimeMillis":9313572,"activeConnections":1,"tunInboundPackets":24,"tunOutboundPackets":15,"tunDroppedPackets":0,"udpRemoteOpenEvents":2,"udpRemoteWrittenBytes":134,"udpRemoteReadBytes":83,"fatalTunErrors":0,"unrecoveredTransitions":0}
1791168851.947 24006 19332 I XrayDeviceGate: XRAY_ANDROID_SAMPLE {"tunBackend":"file-descriptor","probeOnly":true,"runtimeRunning":true,"runtimeGeneration":1,"residentMemoryBytes":151465984,"threadCount":36,"processCpuMillis":98201,"elapsedRealtimeMillis":9314776,"activeConnections":0,"tunInboundPackets":24,"tunOutboundPackets":15,"tunDroppedPackets":0,"udpRemoteOpenEvents":2,"udpRemoteWrittenBytes":134,"udpRemoteReadBytes":83,"fatalTunErrors":0,"unrecoveredTransitions":0}
1791168855.525 23960 19427 W XrayDeviceProbe: XRAY_ANDROID_UDP_FAILURE queryTag=06aeee545e887646 localPort=51043 errorCode=SocketTimeoutException
1791168855.528 23960 19427 I XrayDeviceProbe: XRAY_ANDROID_PROBE kind=udp result=failed errorCode=SocketTimeoutException elapsedSeconds=5
1791168858.729 24006 24006 I XrayDeviceGate: XRAY_ANDROID_LIFECYCLE state=connections-close-requested accepted=0
1791168858.732 24006 24006 I XrayDeviceGate: XRAY_ANDROID_SAMPLE {"tunBackend":"file-descriptor","probeOnly":true,"runtimeRunning":true,"runtimeGeneration":1,"residentMemoryBytes":151470080,"threadCount":36,"processCpuMillis":98336,"elapsedRealtimeMillis":9321561,"activeConnections":0,"tunInboundPackets":25,"tunOutboundPackets":15,"tunDroppedPackets":0,"udpRemoteOpenEvents":2,"udpRemoteWrittenBytes":134,"udpRemoteReadBytes":83,"fatalTunErrors":0,"unrecoveredTransitions":0}
1791168860.537 23960 23960 I XrayDeviceProbe: XRAY_ANDROID_PROBE state=stopped
1791168861.799 23960 23960 I XrayDeviceProbe: XRAY_ANDROID_PROBE state=counters-reset
1791168861.950 24006 19332 I XrayDeviceGate: XRAY_ANDROID_SAMPLE {"tunBackend":"file-descriptor","probeOnly":true,"runtimeRunning":true,"runtimeGeneration":1,"residentMemoryBytes":150986752,"threadCount":36,"processCpuMillis":98402,"elapsedRealtimeMillis":9324779,"activeConnections":0,"tunInboundPackets":25,"tunOutboundPackets":15,"tunDroppedPackets":0,"udpRemoteOpenEvents":2,"udpRemoteWrittenBytes":134,"udpRemoteReadBytes":83,"fatalTunErrors":0,"unrecoveredTransitions":0}
1791168861.994 23960 23960 I XrayDeviceProbe: XRAY_ANDROID_PROBE state=started
1791168862.188 23960 19501 I XrayDeviceProbe: XRAY_ANDROID_PROBE kind=http result=passed sequence=1 elapsedSeconds=0
1791168865.446 23960 19501 I XrayDeviceProbe: XRAY_ANDROID_PROBE kind=udp result=passed sequence=1 elapsedSeconds=3
1791168866.129 23960 23960 I XrayDeviceProbe: XRAY_ANDROID_PROBE state=stopped
1791168867.442 23960 23960 I XrayDeviceProbe: XRAY_ANDROID_PROBE state=stopped
1791168868.641 23960 23960 I XrayDeviceProbe: XRAY_ANDROID_PROBE state=counters-reset
1791168868.833 23960 23960 I XrayDeviceProbe: XRAY_ANDROID_PROBE state=started
1791168868.945 23960 19550 I XrayDeviceProbe: XRAY_ANDROID_PROBE kind=http result=passed sequence=1 elapsedSeconds=0
1791168869.202 24006 24006 I XrayDeviceGate: XRAY_ANDROID_LIFECYCLE state=stopped
1791168869.202 24006 24006 I XrayDeviceGate: XRAY_ANDROID_SAMPLE {"tunBackend":"file-descriptor","probeOnly":true,"runtimeRunning":false,"runtimeGeneration":1,"residentMemoryBytes":151756800,"threadCount":30,"processCpuMillis":98480,"elapsedRealtimeMillis":9332031,"activeConnections":0,"tunInboundPackets":25,"tunOutboundPackets":15,"tunDroppedPackets":0,"udpRemoteOpenEvents":2,"udpRemoteWrittenBytes":134,"udpRemoteReadBytes":83,"fatalTunErrors":0,"unrecoveredTransitions":0}
1791168873.955 23960 19550 W XrayDeviceProbe: XRAY_ANDROID_UDP_FAILURE queryTag=544b2590653ad453 localPort=37051 errorCode=SocketTimeoutException
1791168873.957 23960 19550 I XrayDeviceProbe: XRAY_ANDROID_PROBE kind=udp result=failed errorCode=SocketTimeoutException elapsedSeconds=5
1791168876.929 23960 23960 I XrayDeviceProbe: XRAY_ANDROID_PROBE state=stopped
1791168878.276 24006 19608 I XrayDeviceGate: XRAY_ANDROID_SAMPLE {"tunBackend":"file-descriptor","probeOnly":false,"runtimeRunning":false,"runtimeGeneration":1,"residentMemoryBytes":151998464,"threadCount":29,"processCpuMillis":98721,"elapsedRealtimeMillis":9341105,"activeConnections":0,"tunInboundPackets":0,"tunOutboundPackets":0,"tunDroppedPackets":0,"udpRemoteOpenEvents":0,"udpRemoteWrittenBytes":0,"udpRemoteReadBytes":0,"fatalTunErrors":0,"unrecoveredTransitions":0}
1791168878.359 24006 19610 I XrayDeviceGate: XRAY_ANDROID_LIFECYCLE state=running generation=2 tunBackend=file-descriptor
1791168878.364 24006 19610 I XrayDeviceGate: XRAY_ANDROID_SAMPLE {"tunBackend":"file-descriptor","probeOnly":true,"runtimeRunning":true,"runtimeGeneration":2,"residentMemoryBytes":153321472,"threadCount":36,"processCpuMillis":98788,"elapsedRealtimeMillis":9341193,"activeConnections":0,"tunInboundPackets":3,"tunOutboundPackets":0,"tunDroppedPackets":0,"udpRemoteOpenEvents":0,"udpRemoteWrittenBytes":0,"udpRemoteReadBytes":0,"fatalTunErrors":0,"unrecoveredTransitions":0}
1791168879.207 23960 23960 I XrayDeviceProbe: XRAY_ANDROID_PROBE state=counters-reset
1791168879.450 23960 23960 I XrayDeviceProbe: XRAY_ANDROID_PROBE state=started
1791168879.498 23960 19642 I XrayDeviceProbe: XRAY_ANDROID_PROBE kind=http result=passed sequence=1 elapsedSeconds=0
1791168882.651 23960 19642 I XrayDeviceProbe: XRAY_ANDROID_PROBE kind=udp result=passed sequence=1 elapsedSeconds=3
1791168883.577 23960 23960 I XrayDeviceProbe: XRAY_ANDROID_PROBE state=stopped
1791168884.977 24006 24006 I XrayDeviceGate: XRAY_ANDROID_LIFECYCLE state=stopped
1791168884.977 24006 24006 I XrayDeviceGate: XRAY_ANDROID_SAMPLE {"tunBackend":"file-descriptor","probeOnly":true,"runtimeRunning":false,"runtimeGeneration":2,"residentMemoryBytes":152981504,"threadCount":30,"processCpuMillis":98906,"elapsedRealtimeMillis":9347806,"activeConnections":0,"tunInboundPackets":3,"tunOutboundPackets":0,"tunDroppedPackets":0,"udpRemoteOpenEvents":0,"udpRemoteWrittenBytes":0,"udpRemoteReadBytes":0,"fatalTunErrors":0,"unrecoveredTransitions":0}
1791168885.250 23960 23960 I XrayDeviceProbe: XRAY_ANDROID_PROBE state=stopped
1791168886.551 24006 19701 I XrayDeviceGate: XRAY_ANDROID_SAMPLE {"tunBackend":"file-descriptor","probeOnly":false,"runtimeRunning":false,"runtimeGeneration":2,"residentMemoryBytes":153227264,"threadCount":29,"processCpuMillis":99036,"elapsedRealtimeMillis":9349380,"activeConnections":0,"tunInboundPackets":0,"tunOutboundPackets":0,"tunDroppedPackets":0,"udpRemoteOpenEvents":0,"udpRemoteWrittenBytes":0,"udpRemoteReadBytes":0,"fatalTunErrors":0,"unrecoveredTransitions":0}
1791168886.551 24006 24006 I XrayDeviceGate: XRAY_ANDROID_SAMPLE {"tunBackend":"file-descriptor","probeOnly":false,"runtimeRunning":false,"runtimeGeneration":2,"residentMemoryBytes":153227264,"threadCount":29,"processCpuMillis":99037,"elapsedRealtimeMillis":9349381,"activeConnections":0,"tunInboundPackets":0,"tunOutboundPackets":0,"tunDroppedPackets":0,"udpRemoteOpenEvents":0,"udpRemoteWrittenBytes":0,"udpRemoteReadBytes":0,"fatalTunErrors":0,"unrecoveredTransitions":0}
1791168886.552 24006 24006 I XrayDeviceGate: XRAY_ANDROID_LIFECYCLE state=stopped
1791168888.492 23960 23960 I XrayDeviceProbe: XRAY_ANDROID_PROBE state=stopped
1791168889.802 24006 19729 I XrayDeviceGate: XRAY_ANDROID_SAMPLE {"tunBackend":"file-descriptor","probeOnly":false,"runtimeRunning":false,"runtimeGeneration":2,"residentMemoryBytes":147877888,"threadCount":29,"processCpuMillis":99196,"elapsedRealtimeMillis":9352631,"activeConnections":0,"tunInboundPackets":0,"tunOutboundPackets":0,"tunDroppedPackets":0,"udpRemoteOpenEvents":0,"udpRemoteWrittenBytes":0,"udpRemoteReadBytes":0,"fatalTunErrors":0,"unrecoveredTransitions":0}
1791168889.806 24006 24006 I XrayDeviceGate: XRAY_ANDROID_LIFECYCLE state=stopped
1791168889.806 24006 24006 I XrayDeviceGate: XRAY_ANDROID_SAMPLE {"tunBackend":"file-descriptor","probeOnly":false,"runtimeRunning":false,"runtimeGeneration":2,"residentMemoryBytes":147877888,"threadCount":29,"processCpuMillis":99200,"elapsedRealtimeMillis":9352635,"activeConnections":0,"tunInboundPackets":0,"tunOutboundPackets":0,"tunDroppedPackets":0,"udpRemoteOpenEvents":0,"udpRemoteWrittenBytes":0,"udpRemoteReadBytes":0,"fatalTunErrors":0,"unrecoveredTransitions":0}
1791168890.791 23960 23960 I XrayDeviceProbe: XRAY_ANDROID_PROBE state=stopped
1791168892.123 24006 19754 I XrayDeviceGate: XRAY_ANDROID_SAMPLE {"tunBackend":"file-descriptor","probeOnly":false,"runtimeRunning":false,"runtimeGeneration":2,"residentMemoryBytes":148185088,"threadCount":29,"processCpuMillis":99314,"elapsedRealtimeMillis":9354953,"activeConnections":0,"tunInboundPackets":0,"tunOutboundPackets":0,"tunDroppedPackets":0,"udpRemoteOpenEvents":0,"udpRemoteWrittenBytes":0,"udpRemoteReadBytes":0,"fatalTunErrors":0,"unrecoveredTransitions":0}
1791168892.123 24006 24006 I XrayDeviceGate: XRAY_ANDROID_LIFECYCLE state=stopped
1791168892.123 24006 24006 I XrayDeviceGate: XRAY_ANDROID_SAMPLE {"tunBackend":"file-descriptor","probeOnly":false,"runtimeRunning":false,"runtimeGeneration":2,"residentMemoryBytes":148185088,"threadCount":29,"processCpuMillis":99314,"elapsedRealtimeMillis":9354953,"activeConnections":0,"tunInboundPackets":0,"tunOutboundPackets":0,"tunDroppedPackets":0,"udpRemoteOpenEvents":0,"udpRemoteWrittenBytes":0,"udpRemoteReadBytes":0,"fatalTunErrors":0,"unrecoveredTransitions":0}
1791168892.347 24006 19764 I XrayDeviceGate: XRAY_ANDROID_SAMPLE {"tunBackend":"file-descriptor","probeOnly":false,"runtimeRunning":false,"runtimeGeneration":2,"residentMemoryBytes":148512768,"threadCount":29,"processCpuMillis":99362,"elapsedRealtimeMillis":9355177,"activeConnections":0,"tunInboundPackets":0,"tunOutboundPackets":0,"tunDroppedPackets":0,"udpRemoteOpenEvents":0,"udpRemoteWrittenBytes":0,"udpRemoteReadBytes":0,"fatalTunErrors":0,"unrecoveredTransitions":0}
1791168892.347 24006 24006 I XrayDeviceGate: XRAY_ANDROID_LIFECYCLE state=counters-reset
1791168893.594 24006 19788 I XrayDeviceGate: XRAY_ANDROID_SAMPLE {"tunBackend":"packet-pump","probeOnly":true,"runtimeRunning":false,"runtimeGeneration":0,"residentMemoryBytes":148320256,"threadCount":29,"processCpuMillis":99424,"elapsedRealtimeMillis":9356423,"activeConnections":0,"tunInboundPackets":0,"tunOutboundPackets":0,"tunDroppedPackets":0,"udpRemoteOpenEvents":0,"udpRemoteWrittenBytes":0,"udpRemoteReadBytes":0,"fatalTunErrors":0,"unrecoveredTransitions":0}
1791168893.646 24006 19789 I XrayDeviceGate: XRAY_ANDROID_LIFECYCLE state=running generation=1 tunBackend=packet-pump
1791168893.649 24006 19789 I XrayDeviceGate: XRAY_ANDROID_SAMPLE {"tunBackend":"packet-pump","probeOnly":true,"runtimeRunning":true,"runtimeGeneration":1,"residentMemoryBytes":149651456,"threadCount":38,"processCpuMillis":99470,"elapsedRealtimeMillis":9356479,"activeConnections":0,"tunInboundPackets":3,"tunOutboundPackets":0,"tunDroppedPackets":0,"udpRemoteOpenEvents":0,"udpRemoteWrittenBytes":0,"udpRemoteReadBytes":0,"fatalTunErrors":0,"unrecoveredTransitions":0}
1791168894.475 23960 23960 I XrayDeviceProbe: XRAY_ANDROID_PROBE state=stopped
1791168895.707 23960 23960 I XrayDeviceProbe: XRAY_ANDROID_PROBE state=counters-reset
1791168895.901 23960 23960 I XrayDeviceProbe: XRAY_ANDROID_PROBE state=started
1791168895.947 23960 19828 I XrayDeviceProbe: XRAY_ANDROID_PROBE kind=http result=passed sequence=1 elapsedSeconds=0
1791168899.037 23960 19828 I XrayDeviceProbe: XRAY_ANDROID_PROBE kind=udp result=passed sequence=1 elapsedSeconds=3
1791168899.403 23960 23960 I XrayDeviceProbe: XRAY_ANDROID_PROBE state=stopped
1791168900.628 23960 23960 I XrayDeviceProbe: XRAY_ANDROID_PROBE state=stopped
1791168901.839 23960 23960 I XrayDeviceProbe: XRAY_ANDROID_PROBE state=counters-reset
1791168902.019 23960 23960 I XrayDeviceProbe: XRAY_ANDROID_PROBE state=started
1791168902.067 23960 19875 I XrayDeviceProbe: XRAY_ANDROID_PROBE kind=http result=passed sequence=1 elapsedSeconds=0
1791168902.281 24006 24006 I XrayDeviceGate: XRAY_ANDROID_LIFECYCLE state=connections-close-requested accepted=2
1791168902.285 24006 24006 I XrayDeviceGate: XRAY_ANDROID_SAMPLE {"tunBackend":"packet-pump","probeOnly":true,"runtimeRunning":true,"runtimeGeneration":1,"residentMemoryBytes":150597632,"threadCount":38,"processCpuMillis":99643,"elapsedRealtimeMillis":9365114,"activeConnections":0,"tunInboundPackets":24,"tunOutboundPackets":15,"tunDroppedPackets":0,"udpRemoteOpenEvents":2,"udpRemoteWrittenBytes":134,"udpRemoteReadBytes":83,"fatalTunErrors":0,"unrecoveredTransitions":0}
1791168903.597 24006 19788 I XrayDeviceGate: XRAY_ANDROID_SAMPLE {"tunBackend":"packet-pump","probeOnly":true,"runtimeRunning":true,"runtimeGeneration":1,"residentMemoryBytes":150896640,"threadCount":38,"processCpuMillis":99709,"elapsedRealtimeMillis":9366427,"activeConnections":0,"tunInboundPackets":24,"tunOutboundPackets":15,"tunDroppedPackets":0,"udpRemoteOpenEvents":2,"udpRemoteWrittenBytes":134,"udpRemoteReadBytes":83,"fatalTunErrors":0,"unrecoveredTransitions":0}
1791168907.077 23960 19875 W XrayDeviceProbe: XRAY_ANDROID_UDP_FAILURE queryTag=9df5d58f9e195f99 localPort=58490 errorCode=SocketTimeoutException
1791168907.081 23960 19875 I XrayDeviceProbe: XRAY_ANDROID_PROBE kind=udp result=failed errorCode=SocketTimeoutException elapsedSeconds=5
1791168910.148 24006 24006 I XrayDeviceGate: XRAY_ANDROID_LIFECYCLE state=connections-close-requested accepted=0
1791168910.151 24006 24006 I XrayDeviceGate: XRAY_ANDROID_SAMPLE {"tunBackend":"packet-pump","probeOnly":true,"runtimeRunning":true,"runtimeGeneration":1,"residentMemoryBytes":150917120,"threadCount":38,"processCpuMillis":99883,"elapsedRealtimeMillis":9372981,"activeConnections":0,"tunInboundPackets":25,"tunOutboundPackets":15,"tunDroppedPackets":0,"udpRemoteOpenEvents":2,"udpRemoteWrittenBytes":134,"udpRemoteReadBytes":83,"fatalTunErrors":0,"unrecoveredTransitions":0}
1791168911.996 23960 23960 I XrayDeviceProbe: XRAY_ANDROID_PROBE state=stopped
1791168913.277 23960 23960 I XrayDeviceProbe: XRAY_ANDROID_PROBE state=counters-reset
1791168913.476 23960 23960 I XrayDeviceProbe: XRAY_ANDROID_PROBE state=started
1791168913.601 23960 19951 I XrayDeviceProbe: XRAY_ANDROID_PROBE kind=http result=passed sequence=1 elapsedSeconds=0
1791168913.601 24006 19788 I XrayDeviceGate: XRAY_ANDROID_SAMPLE {"tunBackend":"packet-pump","probeOnly":true,"runtimeRunning":true,"runtimeGeneration":1,"residentMemoryBytes":150470656,"threadCount":38,"processCpuMillis":99966,"elapsedRealtimeMillis":9376431,"activeConnections":1,"tunInboundPackets":28,"tunOutboundPackets":17,"tunDroppedPackets":0,"udpRemoteOpenEvents":2,"udpRemoteWrittenBytes":134,"udpRemoteReadBytes":83,"fatalTunErrors":0,"unrecoveredTransitions":0}
1791168916.854 23960 19951 I XrayDeviceProbe: XRAY_ANDROID_PROBE kind=udp result=passed sequence=1 elapsedSeconds=3
1791168917.588 23960 23960 I XrayDeviceProbe: XRAY_ANDROID_PROBE state=stopped
1791168918.907 23960 23960 I XrayDeviceProbe: XRAY_ANDROID_PROBE state=stopped
1791168920.113 23960 23960 I XrayDeviceProbe: XRAY_ANDROID_PROBE state=counters-reset
1791168920.301 23960 23960 I XrayDeviceProbe: XRAY_ANDROID_PROBE state=started
1791168920.455 23960 20000 I XrayDeviceProbe: XRAY_ANDROID_PROBE kind=http result=passed sequence=1 elapsedSeconds=0
1791168920.726 24006 24006 I XrayDeviceGate: XRAY_ANDROID_LIFECYCLE state=stopped
1791168920.726 24006 24006 I XrayDeviceGate: XRAY_ANDROID_SAMPLE {"tunBackend":"packet-pump","probeOnly":true,"runtimeRunning":false,"runtimeGeneration":1,"residentMemoryBytes":150974464,"threadCount":30,"processCpuMillis":100060,"elapsedRealtimeMillis":9383555,"activeConnections":0,"tunInboundPackets":28,"tunOutboundPackets":17,"tunDroppedPackets":0,"udpRemoteOpenEvents":2,"udpRemoteWrittenBytes":134,"udpRemoteReadBytes":83,"fatalTunErrors":0,"unrecoveredTransitions":0}
1791168925.466 23960 20000 W XrayDeviceProbe: XRAY_ANDROID_UDP_FAILURE queryTag=2d18d8738b569f53 localPort=54251 errorCode=SocketTimeoutException
1791168925.469 23960 20000 I XrayDeviceProbe: XRAY_ANDROID_PROBE kind=udp result=failed errorCode=SocketTimeoutException elapsedSeconds=5
1791168929.125 23960 23960 I XrayDeviceProbe: XRAY_ANDROID_PROBE state=stopped
1791168930.474 24006 20063 I XrayDeviceGate: XRAY_ANDROID_SAMPLE {"tunBackend":"file-descriptor","probeOnly":false,"runtimeRunning":false,"runtimeGeneration":1,"residentMemoryBytes":151658496,"threadCount":29,"processCpuMillis":100340,"elapsedRealtimeMillis":9393303,"activeConnections":0,"tunInboundPackets":0,"tunOutboundPackets":0,"tunDroppedPackets":0,"udpRemoteOpenEvents":0,"udpRemoteWrittenBytes":0,"udpRemoteReadBytes":0,"fatalTunErrors":0,"unrecoveredTransitions":0}
1791168930.546 24006 20065 I XrayDeviceGate: XRAY_ANDROID_LIFECYCLE state=running generation=2 tunBackend=packet-pump
1791168930.550 24006 20065 I XrayDeviceGate: XRAY_ANDROID_SAMPLE {"tunBackend":"packet-pump","probeOnly":true,"runtimeRunning":true,"runtimeGeneration":2,"residentMemoryBytes":152981504,"threadCount":38,"processCpuMillis":100412,"elapsedRealtimeMillis":9393379,"activeConnections":0,"tunInboundPackets":3,"tunOutboundPackets":0,"tunDroppedPackets":0,"udpRemoteOpenEvents":0,"udpRemoteWrittenBytes":0,"udpRemoteReadBytes":0,"fatalTunErrors":0,"unrecoveredTransitions":0}
1791168931.385 23960 23960 I XrayDeviceProbe: XRAY_ANDROID_PROBE state=counters-reset
1791168931.620 23960 23960 I XrayDeviceProbe: XRAY_ANDROID_PROBE state=started
1791168931.765 23960 20100 I XrayDeviceProbe: XRAY_ANDROID_PROBE kind=http result=passed sequence=1 elapsedSeconds=0
1791168934.873 23960 20100 I XrayDeviceProbe: XRAY_ANDROID_PROBE kind=udp result=passed sequence=1 elapsedSeconds=3
1791168935.734 23960 23960 I XrayDeviceProbe: XRAY_ANDROID_PROBE state=stopped
1791168937.148 24006 24006 I XrayDeviceGate: XRAY_ANDROID_LIFECYCLE state=stopped
1791168937.148 24006 24006 I XrayDeviceGate: XRAY_ANDROID_SAMPLE {"tunBackend":"packet-pump","probeOnly":true,"runtimeRunning":false,"runtimeGeneration":2,"residentMemoryBytes":149176320,"threadCount":30,"processCpuMillis":100598,"elapsedRealtimeMillis":9399977,"activeConnections":0,"tunInboundPackets":3,"tunOutboundPackets":0,"tunDroppedPackets":0,"udpRemoteOpenEvents":0,"udpRemoteWrittenBytes":0,"udpRemoteReadBytes":0,"fatalTunErrors":0,"unrecoveredTransitions":0}
1791168937.425 23960 23960 I XrayDeviceProbe: XRAY_ANDROID_PROBE state=stopped
1791168938.755 24006 20159 I XrayDeviceGate: XRAY_ANDROID_SAMPLE {"tunBackend":"file-descriptor","probeOnly":false,"runtimeRunning":false,"runtimeGeneration":2,"residentMemoryBytes":149454848,"threadCount":29,"processCpuMillis":100725,"elapsedRealtimeMillis":9401584,"activeConnections":0,"tunInboundPackets":0,"tunOutboundPackets":0,"tunDroppedPackets":0,"udpRemoteOpenEvents":0,"udpRemoteWrittenBytes":0,"udpRemoteReadBytes":0,"fatalTunErrors":0,"unrecoveredTransitions":0}
1791168938.757 24006 24006 I XrayDeviceGate: XRAY_ANDROID_LIFECYCLE state=stopped
1791168938.757 24006 24006 I XrayDeviceGate: XRAY_ANDROID_SAMPLE {"tunBackend":"file-descriptor","probeOnly":false,"runtimeRunning":false,"runtimeGeneration":2,"residentMemoryBytes":149454848,"threadCount":29,"processCpuMillis":100728,"elapsedRealtimeMillis":9401586,"activeConnections":0,"tunInboundPackets":0,"tunOutboundPackets":0,"tunDroppedPackets":0,"udpRemoteOpenEvents":0,"udpRemoteWrittenBytes":0,"udpRemoteReadBytes":0,"fatalTunErrors":0,"unrecoveredTransitions":0}
1791168940.715 23960 23960 I XrayDeviceProbe: XRAY_ANDROID_PROBE state=stopped
1791168942.022 24006 20186 I XrayDeviceGate: XRAY_ANDROID_SAMPLE {"tunBackend":"file-descriptor","probeOnly":false,"runtimeRunning":false,"runtimeGeneration":2,"residentMemoryBytes":149647360,"threadCount":29,"processCpuMillis":100851,"elapsedRealtimeMillis":9404851,"activeConnections":0,"tunInboundPackets":0,"tunOutboundPackets":0,"tunDroppedPackets":0,"udpRemoteOpenEvents":0,"udpRemoteWrittenBytes":0,"udpRemoteReadBytes":0,"fatalTunErrors":0,"unrecoveredTransitions":0}
1791168942.022 24006 24006 I XrayDeviceGate: XRAY_ANDROID_LIFECYCLE state=stopped
1791168942.022 24006 24006 I XrayDeviceGate: XRAY_ANDROID_SAMPLE {"tunBackend":"file-descriptor","probeOnly":false,"runtimeRunning":false,"runtimeGeneration":2,"residentMemoryBytes":149647360,"threadCount":29,"processCpuMillis":100851,"elapsedRealtimeMillis":9404851,"activeConnections":0,"tunInboundPackets":0,"tunOutboundPackets":0,"tunDroppedPackets":0,"udpRemoteOpenEvents":0,"udpRemoteWrittenBytes":0,"udpRemoteReadBytes":0,"fatalTunErrors":0,"unrecoveredTransitions":0}
1791168943.032 23960 23960 I XrayDeviceProbe: XRAY_ANDROID_PROBE state=stopped
1791168944.341 24006 20210 I XrayDeviceGate: XRAY_ANDROID_SAMPLE {"tunBackend":"file-descriptor","probeOnly":false,"runtimeRunning":false,"runtimeGeneration":2,"residentMemoryBytes":149831680,"threadCount":29,"processCpuMillis":100970,"elapsedRealtimeMillis":9407171,"activeConnections":0,"tunInboundPackets":0,"tunOutboundPackets":0,"tunDroppedPackets":0,"udpRemoteOpenEvents":0,"udpRemoteWrittenBytes":0,"udpRemoteReadBytes":0,"fatalTunErrors":0,"unrecoveredTransitions":0}
1791168944.341 24006 24006 I XrayDeviceGate: XRAY_ANDROID_LIFECYCLE state=stopped
1791168944.341 24006 24006 I XrayDeviceGate: XRAY_ANDROID_SAMPLE {"tunBackend":"file-descriptor","probeOnly":false,"runtimeRunning":false,"runtimeGeneration":2,"residentMemoryBytes":149831680,"threadCount":29,"processCpuMillis":100970,"elapsedRealtimeMillis":9407170,"activeConnections":0,"tunInboundPackets":0,"tunOutboundPackets":0,"tunDroppedPackets":0,"udpRemoteOpenEvents":0,"udpRemoteWrittenBytes":0,"udpRemoteReadBytes":0,"fatalTunErrors":0,"unrecoveredTransitions":0}
1791168944.563 24006 20220 I XrayDeviceGate: XRAY_ANDROID_SAMPLE {"tunBackend":"file-descriptor","probeOnly":false,"runtimeRunning":false,"runtimeGeneration":2,"residentMemoryBytes":150106112,"threadCount":29,"processCpuMillis":101020,"elapsedRealtimeMillis":9407392,"activeConnections":0,"tunInboundPackets":0,"tunOutboundPackets":0,"tunDroppedPackets":0,"udpRemoteOpenEvents":0,"udpRemoteWrittenBytes":0,"udpRemoteReadBytes":0,"fatalTunErrors":0,"unrecoveredTransitions":0}
1791168944.563 24006 24006 I XrayDeviceGate: XRAY_ANDROID_LIFECYCLE state=counters-reset
1791168945.810 24006 20244 I XrayDeviceGate: XRAY_ANDROID_SAMPLE {"tunBackend":"file-descriptor","probeOnly":true,"runtimeRunning":false,"runtimeGeneration":0,"residentMemoryBytes":149708800,"threadCount":29,"processCpuMillis":101080,"elapsedRealtimeMillis":9408640,"activeConnections":0,"tunInboundPackets":0,"tunOutboundPackets":0,"tunDroppedPackets":0,"udpRemoteOpenEvents":0,"udpRemoteWrittenBytes":0,"udpRemoteReadBytes":0,"fatalTunErrors":0,"unrecoveredTransitions":0}
1791168945.862 24006 20245 I XrayDeviceGate: XRAY_ANDROID_LIFECYCLE state=running generation=1 tunBackend=file-descriptor
1791168945.865 24006 20245 I XrayDeviceGate: XRAY_ANDROID_SAMPLE {"tunBackend":"file-descriptor","probeOnly":true,"runtimeRunning":true,"runtimeGeneration":1,"residentMemoryBytes":151048192,"threadCount":36,"processCpuMillis":101123,"elapsedRealtimeMillis":9408694,"activeConnections":0,"tunInboundPackets":3,"tunOutboundPackets":0,"tunDroppedPackets":0,"udpRemoteOpenEvents":0,"udpRemoteWrittenBytes":0,"udpRemoteReadBytes":0,"fatalTunErrors":0,"unrecoveredTransitions":0}
1791168946.709 23960 23960 I XrayDeviceProbe: XRAY_ANDROID_PROBE state=stopped
1791168947.948 23960 23960 I XrayDeviceProbe: XRAY_ANDROID_PROBE state=counters-reset
1791168948.151 23960 23960 I XrayDeviceProbe: XRAY_ANDROID_PROBE state=started
1791168948.310 23960 20282 I XrayDeviceProbe: XRAY_ANDROID_PROBE kind=http result=passed sequence=1 elapsedSeconds=0
1791168951.363 23960 20282 I XrayDeviceProbe: XRAY_ANDROID_PROBE kind=udp result=passed sequence=1 elapsedSeconds=3
1791168951.812 23960 23960 I XrayDeviceProbe: XRAY_ANDROID_PROBE state=stopped
1791168953.020 23960 23960 I XrayDeviceProbe: XRAY_ANDROID_PROBE state=stopped
1791168954.232 23960 23960 I XrayDeviceProbe: XRAY_ANDROID_PROBE state=counters-reset
1791168954.423 23960 23960 I XrayDeviceProbe: XRAY_ANDROID_PROBE state=started
1791168954.474 23960 20328 I XrayDeviceProbe: XRAY_ANDROID_PROBE kind=http result=passed sequence=1 elapsedSeconds=0
1791168954.677 24006 24006 I XrayDeviceGate: XRAY_ANDROID_LIFECYCLE state=connections-close-requested accepted=2
1791168954.680 24006 24006 I XrayDeviceGate: XRAY_ANDROID_SAMPLE {"tunBackend":"file-descriptor","probeOnly":true,"runtimeRunning":true,"runtimeGeneration":1,"residentMemoryBytes":151351296,"threadCount":36,"processCpuMillis":101257,"elapsedRealtimeMillis":9417510,"activeConnections":0,"tunInboundPackets":24,"tunOutboundPackets":15,"tunDroppedPackets":0,"udpRemoteOpenEvents":2,"udpRemoteWrittenBytes":134,"udpRemoteReadBytes":83,"fatalTunErrors":0,"unrecoveredTransitions":0}
1791168955.814 24006 20244 I XrayDeviceGate: XRAY_ANDROID_SAMPLE {"tunBackend":"file-descriptor","probeOnly":true,"runtimeRunning":true,"runtimeGeneration":1,"residentMemoryBytes":151621632,"threadCount":36,"processCpuMillis":101315,"elapsedRealtimeMillis":9418643,"activeConnections":0,"tunInboundPackets":24,"tunOutboundPackets":15,"tunDroppedPackets":0,"udpRemoteOpenEvents":2,"udpRemoteWrittenBytes":134,"udpRemoteReadBytes":83,"fatalTunErrors":0,"unrecoveredTransitions":0}
1791168959.481 23960 20328 W XrayDeviceProbe: XRAY_ANDROID_UDP_FAILURE queryTag=1c163c2ebaf48ffd localPort=58711 errorCode=SocketTimeoutException
1791168959.485 23960 20328 I XrayDeviceProbe: XRAY_ANDROID_PROBE kind=udp result=failed errorCode=SocketTimeoutException elapsedSeconds=5
1791168962.264 24006 24006 I XrayDeviceGate: XRAY_ANDROID_LIFECYCLE state=connections-close-requested accepted=0
1791168962.266 24006 24006 I XrayDeviceGate: XRAY_ANDROID_SAMPLE {"tunBackend":"file-descriptor","probeOnly":true,"runtimeRunning":true,"runtimeGeneration":1,"residentMemoryBytes":151420928,"threadCount":36,"processCpuMillis":101441,"elapsedRealtimeMillis":9425096,"activeConnections":0,"tunInboundPackets":25,"tunOutboundPackets":15,"tunDroppedPackets":0,"udpRemoteOpenEvents":2,"udpRemoteWrittenBytes":134,"udpRemoteReadBytes":83,"fatalTunErrors":0,"unrecoveredTransitions":0}
1791168964.044 23960 23960 I XrayDeviceProbe: XRAY_ANDROID_PROBE state=stopped
1791168965.313 23960 23960 I XrayDeviceProbe: XRAY_ANDROID_PROBE state=counters-reset
1791168965.505 23960 23960 I XrayDeviceProbe: XRAY_ANDROID_PROBE state=started
1791168965.556 23960 20400 I XrayDeviceProbe: XRAY_ANDROID_PROBE kind=http result=passed sequence=1 elapsedSeconds=0
1791168965.817 24006 20244 I XrayDeviceGate: XRAY_ANDROID_SAMPLE {"tunBackend":"file-descriptor","probeOnly":true,"runtimeRunning":true,"runtimeGeneration":1,"residentMemoryBytes":151027712,"threadCount":36,"processCpuMillis":101520,"elapsedRealtimeMillis":9428647,"activeConnections":1,"tunInboundPackets":32,"tunOutboundPackets":20,"tunDroppedPackets":0,"udpRemoteOpenEvents":3,"udpRemoteWrittenBytes":201,"udpRemoteReadBytes":83,"fatalTunErrors":0,"unrecoveredTransitions":0}
1791168968.666 23960 20400 I XrayDeviceProbe: XRAY_ANDROID_PROBE kind=udp result=passed sequence=1 elapsedSeconds=3
1791168969.458 23960 23960 I XrayDeviceProbe: XRAY_ANDROID_PROBE state=stopped
1791168970.735 23960 23960 I XrayDeviceProbe: XRAY_ANDROID_PROBE state=stopped
1791168971.941 23960 23960 I XrayDeviceProbe: XRAY_ANDROID_PROBE state=counters-reset
1791168972.136 23960 23960 I XrayDeviceProbe: XRAY_ANDROID_PROBE state=started
1791168972.314 23960 20458 I XrayDeviceProbe: XRAY_ANDROID_PROBE kind=http result=passed sequence=1 elapsedSeconds=0
1791168972.562 24006 24006 I XrayDeviceGate: XRAY_ANDROID_LIFECYCLE state=stopped
1791168972.562 24006 24006 I XrayDeviceGate: XRAY_ANDROID_SAMPLE {"tunBackend":"file-descriptor","probeOnly":true,"runtimeRunning":false,"runtimeGeneration":1,"residentMemoryBytes":151642112,"threadCount":30,"processCpuMillis":101581,"elapsedRealtimeMillis":9435392,"activeConnections":0,"tunInboundPackets":32,"tunOutboundPackets":20,"tunDroppedPackets":0,"udpRemoteOpenEvents":3,"udpRemoteWrittenBytes":201,"udpRemoteReadBytes":83,"fatalTunErrors":0,"unrecoveredTransitions":0}
1791168977.325 23960 20458 W XrayDeviceProbe: XRAY_ANDROID_UDP_FAILURE queryTag=c6f55be85408e77e localPort=34570 errorCode=SocketTimeoutException
1791168977.331 23960 20458 I XrayDeviceProbe: XRAY_ANDROID_PROBE kind=udp result=failed errorCode=SocketTimeoutException elapsedSeconds=5
1791168980.385 23960 23960 I XrayDeviceProbe: XRAY_ANDROID_PROBE state=stopped
1791168981.715 24006 20518 I XrayDeviceGate: XRAY_ANDROID_SAMPLE {"tunBackend":"file-descriptor","probeOnly":true,"runtimeRunning":false,"runtimeGeneration":1,"residentMemoryBytes":152010752,"threadCount":29,"processCpuMillis":101843,"elapsedRealtimeMillis":9444544,"activeConnections":0,"tunInboundPackets":0,"tunOutboundPackets":0,"tunDroppedPackets":0,"udpRemoteOpenEvents":0,"udpRemoteWrittenBytes":0,"udpRemoteReadBytes":0,"fatalTunErrors":0,"unrecoveredTransitions":0}
1791168981.801 24006 20520 I XrayDeviceGate: XRAY_ANDROID_LIFECYCLE state=running generation=2 tunBackend=file-descriptor
1791168981.804 24006 20520 I XrayDeviceGate: XRAY_ANDROID_SAMPLE {"tunBackend":"file-descriptor","probeOnly":true,"runtimeRunning":true,"runtimeGeneration":2,"residentMemoryBytes":148492288,"threadCount":36,"processCpuMillis":101954,"elapsedRealtimeMillis":9444634,"activeConnections":0,"tunInboundPackets":3,"tunOutboundPackets":0,"tunDroppedPackets":0,"udpRemoteOpenEvents":0,"udpRemoteWrittenBytes":0,"udpRemoteReadBytes":0,"fatalTunErrors":0,"unrecoveredTransitions":0}
1791168982.646 23960 23960 I XrayDeviceProbe: XRAY_ANDROID_PROBE state=counters-reset
1791168982.896 23960 23960 I XrayDeviceProbe: XRAY_ANDROID_PROBE state=started
1791168982.941 23960 20553 I XrayDeviceProbe: XRAY_ANDROID_PROBE kind=http result=passed sequence=1 elapsedSeconds=0
1791168986.077 23960 20553 I XrayDeviceProbe: XRAY_ANDROID_PROBE kind=udp result=passed sequence=1 elapsedSeconds=3
1791168986.982 23960 23960 I XrayDeviceProbe: XRAY_ANDROID_PROBE state=stopped
1791168988.384 24006 24006 I XrayDeviceGate: XRAY_ANDROID_LIFECYCLE state=stopped
1791168988.384 24006 24006 I XrayDeviceGate: XRAY_ANDROID_SAMPLE {"tunBackend":"file-descriptor","probeOnly":true,"runtimeRunning":false,"runtimeGeneration":2,"residentMemoryBytes":148860928,"threadCount":30,"processCpuMillis":102076,"elapsedRealtimeMillis":9451213,"activeConnections":0,"tunInboundPackets":3,"tunOutboundPackets":0,"tunDroppedPackets":0,"udpRemoteOpenEvents":0,"udpRemoteWrittenBytes":0,"udpRemoteReadBytes":0,"fatalTunErrors":0,"unrecoveredTransitions":0}
1791168988.660 23960 23960 I XrayDeviceProbe: XRAY_ANDROID_PROBE state=stopped
1791168989.984 24006 20614 I XrayDeviceGate: XRAY_ANDROID_SAMPLE {"tunBackend":"file-descriptor","probeOnly":false,"runtimeRunning":false,"runtimeGeneration":2,"residentMemoryBytes":148946944,"threadCount":29,"processCpuMillis":102209,"elapsedRealtimeMillis":9452813,"activeConnections":0,"tunInboundPackets":0,"tunOutboundPackets":0,"tunDroppedPackets":0,"udpRemoteOpenEvents":0,"udpRemoteWrittenBytes":0,"udpRemoteReadBytes":0,"fatalTunErrors":0,"unrecoveredTransitions":0}
1791168989.984 24006 24006 I XrayDeviceGate: XRAY_ANDROID_SAMPLE {"tunBackend":"file-descriptor","probeOnly":false,"runtimeRunning":false,"runtimeGeneration":2,"residentMemoryBytes":148946944,"threadCount":29,"processCpuMillis":102209,"elapsedRealtimeMillis":9452813,"activeConnections":0,"tunInboundPackets":0,"tunOutboundPackets":0,"tunDroppedPackets":0,"udpRemoteOpenEvents":0,"udpRemoteWrittenBytes":0,"udpRemoteReadBytes":0,"fatalTunErrors":0,"unrecoveredTransitions":0}
1791168989.985 24006 24006 I XrayDeviceGate: XRAY_ANDROID_LIFECYCLE state=stopped
